Sample	0	1	2	3	4	5	6	7	8	9	10	11	12	13	14	15	16	17	18	19	20	21	22	23	24	25	26	27	28	29	30	31	32	33	34	35	36	37
raw_fastq | fastqc_results | Control_MNP_III_S56_L002_R1_001	(1, 38.96893142276821)	(2, 38.67906202552421)	(3, 38.859008875820535)	(4, 39.0609646441045)	(5, 39.165453132458325)	(6, 39.23657085572543)	(7, 39.16811764923342)	(8, 39.26481078088955)	(9, 39.25107737255557)	(10, 39.29029438063429)	(15, 39.32683869285083)	(20, 39.36536708373453)	(25, 39.277399782788166)	(30, 39.25580593514325)	(35, 39.23342107986226)	(40, 39.24177446064871)	(45, 39.15665267113208)	(50, 39.19713769054761)	(55, 39.143362788644104)	(60, 39.06491723918095)	(65, 39.07165980958107)	(70, 39.01324651253085)	(75, 39.025108298286774)	(80, 38.981840261830726)	(85, 38.94366693039872)	(90, 38.9208128914441)	(95, 38.87590027351469)	(100, 38.85050993810322)	(105, 38.78892596191476)	(110, 38.77754652087675)	(115, 38.692664608859026)	(120, 38.6469927077387)	(125, 38.65960932733397)	(130, 38.65345095051068)	(135, 38.602026609321605)	(140, 38.54210573462096)	(145, 38.55503729918795)	(150, 38.34375815482249)
raw_fastq | fastqc_results | Control_MNP_III_S56_L002_R2_001	(1, 38.9687096957512)	(2, 39.00870385324692)	(3, 39.17715888421244)	(4, 39.217698349089346)	(5, 39.18675966928512)	(6, 39.29502975488898)	(7, 39.29700835489931)	(8, 39.298648630645104)	(9, 39.32112226949006)	(10, 39.33037533639151)	(15, 39.32920109506411)	(20, 39.30239990677606)	(25, 39.29831716741832)	(30, 39.238201040389754)	(35, 39.240687381131046)	(40, 39.20814772319956)	(45, 39.16936141205303)	(50, 39.15616533847263)	(55, 39.106002743023744)	(60, 39.09041786435299)	(65, 39.04312070965871)	(70, 38.98249716056491)	(75, 38.93676608486408)	(80, 38.918100594258476)	(85, 38.89025525656141)	(90, 38.82803522806267)	(95, 38.812481291385545)	(100, 38.7663480445717)	(105, 38.72098338359437)	(110, 38.66707428452007)	(115, 38.63600544846587)	(120, 38.593020243554726)	(125, 38.555412412139425)	(130, 38.49404217388346)	(135, 38.465661652800506)	(140, 38.410692372289155)	(145, 38.37114163292144)	(150, 38.153160788905936)
raw_fastq | fastqc_results | Control_MNP_II_S55_L002_R1_001	(1, 39.0041859617246)	(2, 38.76953388979218)	(3, 38.973201644554784)	(4, 39.10263217761492)	(5, 39.2546577510628)	(6, 39.31341090432136)	(7, 39.20343430981478)	(8, 39.32605108292539)	(9, 39.293604331029016)	(10, 39.333360033014344)	(15, 39.36450379438951)	(20, 39.39871968377051)	(25, 39.31314831453311)	(30, 39.294970376945834)	(35, 39.2706312757734)	(40, 39.27971305611117)	(45, 39.19586410408747)	(50, 39.2359700837613)	(55, 39.182368483594765)	(60, 39.10378024095873)	(65, 39.109887882141855)	(70, 39.05177345352986)	(75, 39.06292165998588)	(80, 39.01943501176844)	(85, 38.98102703420906)	(90, 38.95752776396402)	(95, 38.91277145081917)	(100, 38.88631362422753)	(105, 38.82485083602164)	(110, 38.812724983927254)	(115, 38.727593723051605)	(120, 38.681943315209175)	(125, 38.69330191068875)	(130, 38.68628894010863)	(135, 38.63429094899739)	(140, 38.574006113472024)	(145, 38.586565628404536)	(150, 38.37766411392545)
raw_fastq | fastqc_results | Control_MNP_II_S55_L002_R2_001	(1, 38.95760759085924)	(2, 38.98350553590087)	(3, 39.161828939619085)	(4, 39.199676621150466)	(5, 39.15336359439685)	(6, 39.25011192860593)	(7, 39.26286902128219)	(8, 39.27301572380876)	(9, 39.28662391964946)	(10, 39.29335747732746)	(15, 39.29489844390107)	(20, 39.26941707425623)	(25, 39.255231380769274)	(30, 39.200920081685005)	(35, 39.19957231346516)	(40, 39.16862566843373)	(45, 39.127665136825826)	(50, 39.112434064177926)	(55, 39.06482637556444)	(60, 39.044520282792845)	(65, 38.99431693598482)	(70, 38.92881224608824)	(75, 38.879551993095575)	(80, 38.857259434046746)	(85, 38.82570896341481)	(90, 38.759984124711266)	(95, 38.74079434627008)	(100, 38.69190481958908)	(105, 38.64304541059871)	(110, 38.58689281575929)	(115, 38.552523788494554)	(120, 38.50636919243032)	(125, 38.466157217441946)	(130, 38.40227407489492)	(135, 38.37095220060046)	(140, 38.31336431073993)	(145, 38.27117915779482)	(150, 38.05140058757337)
raw_fastq | fastqc_results | Control_MNP_I_S54_L002_R1_001	(1, 38.96285362092648)	(2, 38.67506720144334)	(3, 38.88993590122857)	(4, 39.07917679326869)	(5, 39.22250514718815)	(6, 39.291476340589355)	(7, 39.21292424235094)	(8, 39.364852472858566)	(9, 39.3051492828234)	(10, 39.34006632599353)	(15, 39.37192775083749)	(20, 39.40547916085528)	(25, 39.320932167891655)	(30, 39.29980627559501)	(35, 39.27720326230849)	(40, 39.286076485515416)	(45, 39.20158568362068)	(50, 39.24163238841159)	(55, 39.18820006363878)	(60, 39.11107358043445)	(65, 39.11690289092441)	(70, 39.05943622626527)	(75, 39.07099779733528)	(80, 39.0276254353945)	(85, 38.99015980707154)	(90, 38.96683950121671)	(95, 38.923014640882776)	(100, 38.89640553707676)	(105, 38.83682139578127)	(110, 38.82416510714758)	(115, 38.74126010365004)	(120, 38.69446312011364)	(125, 38.70763995047744)	(130, 38.70066267887928)	(135, 38.64987765183439)	(140, 38.58996921590567)	(145, 38.603362325054405)	(150, 38.39503955800079)
raw_fastq | fastqc_results | Control_MNP_I_S54_L002_R2_001	(1, 38.98566882249088)	(2, 39.00774355619803)	(3, 39.196775993384854)	(4, 39.2283054176287)	(5, 39.20043318724649)	(6, 39.29953102081688)	(7, 39.30345840175521)	(8, 39.31535256324905)	(9, 39.329296752648325)	(10, 39.337047005736494)	(15, 39.3370316814792)	(20, 39.310986488980305)	(25, 39.30037660960396)	(30, 39.245004818580625)	(35, 39.24724947395896)	(40, 39.21441927325766)	(45, 39.1740378961247)	(50, 39.15878167420006)	(55, 39.11270016115498)	(60, 39.092729180321456)	(65, 39.04481551865043)	(70, 38.979558036973955)	(75, 38.93306933515448)	(80, 38.912125631427195)	(85, 38.88297572335879)	(90, 38.819069580377665)	(95, 38.80209331140007)	(100, 38.75529071816207)	(105, 38.70799914992058)	(110, 38.65430901161577)	(115, 38.621609558886874)	(120, 38.578202182142036)	(125, 38.539523557474766)	(130, 38.47803579208011)	(135, 38.44839937192065)	(140, 38.393589835915755)	(145, 38.35329327224216)	(150, 38.13837173461546)
raw_fastq | fastqc_results | Only_MNP_C1_S57_L002_R1_001	(1, 38.940273245551765)	(2, 38.79891675421655)	(3, 38.94536961488397)	(4, 39.07213289310397)	(5, 39.19341233564221)	(6, 39.23804628659963)	(7, 39.220203908124034)	(8, 39.30085195630756)	(9, 39.26370292254772)	(10, 39.3005275452917)	(15, 39.333405771401445)	(20, 39.36937268907637)	(25, 39.28308945701719)	(30, 39.26125641828055)	(35, 39.238685664674776)	(40, 39.24582440375229)	(45, 39.16169270755917)	(50, 39.19983756359704)	(55, 39.14504906611225)	(60, 39.066032894792826)	(65, 39.07077403387025)	(70, 39.01206325078984)	(75, 39.02224453566139)	(80, 38.978278151214056)	(85, 38.93872160820907)	(90, 38.91507443771528)	(95, 38.86943832361252)	(100, 38.842626699996366)	(105, 38.78011817644948)	(110, 38.76806927263719)	(115, 38.68246163243958)	(120, 38.63638738976938)	(125, 38.648469351802696)	(130, 38.64174440110819)	(135, 38.589974613003974)	(140, 38.529795440734496)	(145, 38.54324886852034)	(150, 38.33313988877734)
raw_fastq | fastqc_results | Only_MNP_C1_S57_L002_R2_001	(1, 38.935539127782306)	(2, 38.98288343655347)	(3, 39.152407599766484)	(4, 39.19195705849212)	(5, 39.17004038852602)	(6, 39.26886894521404)	(7, 39.28137824322135)	(8, 39.30212724028636)	(9, 39.31741642699719)	(10, 39.328920075694036)	(15, 39.3337532981584)	(20, 39.30849943934926)	(25, 39.298008611702436)	(30, 39.2422222348748)	(35, 39.24480466109897)	(40, 39.21128522724588)	(45, 39.169733438072214)	(50, 39.15428701884262)	(55, 39.10705044534272)	(60, 39.08689928448866)	(65, 39.03779159363846)	(70, 38.97176874802707)	(75, 38.924496245861086)	(80, 38.90183932817733)	(85, 38.87117201468972)	(90, 38.80606941871328)	(95, 38.787598911298446)	(100, 38.739321443761085)	(105, 38.69133447540662)	(110, 38.63582580757658)	(115, 38.601782509633246)	(120, 38.5566275265481)	(125, 38.516958077622554)	(130, 38.45389492497184)	(135, 38.42252947587152)	(140, 38.36693474366817)	(145, 38.32486055973625)	(150, 38.10932047496402)
raw_fastq | fastqc_results | Only_MNP_C2_S58_L002_R1_001	(1, 38.96248567907125)	(2, 38.83838933363553)	(3, 38.982781301680156)	(4, 39.08357512395194)	(5, 39.24151982788672)	(6, 39.26951182377669)	(7, 39.200972671686635)	(8, 39.331225065227045)	(9, 39.268333222235356)	(10, 39.301590631960266)	(15, 39.332014307887526)	(20, 39.36425930835953)	(25, 39.27648853822599)	(30, 39.25625196469839)	(35, 39.23309558694375)	(40, 39.24227020950868)	(45, 39.15632338365451)	(50, 39.19844381032786)	(55, 39.1425757713514)	(60, 39.06407078266919)	(65, 39.07013973280446)	(70, 39.01162292708368)	(75, 39.02346248783756)	(80, 38.979167513990504)	(85, 38.94124062425125)	(90, 38.9166130192834)	(95, 38.8732807109185)	(100, 38.84484393300236)	(105, 38.78503738070789)	(110, 38.77182001024553)	(115, 38.6883868181322)	(120, 38.64091481691543)	(125, 38.655717739088246)	(130, 38.648508235938486)	(135, 38.598220207113)	(140, 38.538263246595434)	(145, 38.55269399409913)	(150, 38.343673917821846)
raw_fastq | fastqc_results | Only_MNP_C2_S58_L002_R2_001	(1, 38.99632834178135)	(2, 39.03924631679016)	(3, 39.20684397137917)	(4, 39.252889861940474)	(5, 39.23071176466523)	(6, 39.32935949736944)	(7, 39.335474066342414)	(8, 39.3407381818001)	(9, 39.35492720461626)	(10, 39.368704024662534)	(15, 39.368911860226454)	(20, 39.34023021262807)	(25, 39.331827709245104)	(30, 39.2736820801993)	(35, 39.27781136141159)	(40, 39.2451413106365)	(45, 39.20470437862217)	(50, 39.18828953175871)	(55, 39.14156388571713)	(60, 39.11986919513955)	(65, 39.0714231368627)	(70, 39.00501492386987)	(75, 38.957199614308095)	(80, 38.93489832548893)	(85, 38.90546863203449)	(90, 38.840658747703486)	(95, 38.823595769299274)	(100, 38.776028924168386)	(105, 38.72824889074509)	(110, 38.67375667533745)	(115, 38.64078869048083)	(120, 38.59722244933338)	(125, 38.557197716806066)	(130, 38.49581208991448)	(135, 38.46476798827409)	(140, 38.40986048091072)	(145, 38.368628124581384)	(150, 38.157495434217815)
raw_fastq | fastqc_results | Only_MNP_C3_S59_L002_R1_001	(1, 38.97004412116645)	(2, 38.7561128210216)	(3, 38.925604099785886)	(4, 39.08596226970115)	(5, 39.18153972037457)	(6, 39.257722040457224)	(7, 39.19915327129194)	(8, 39.310551534095)	(9, 39.27652830757422)	(10, 39.31570390808425)	(15, 39.3497283951567)	(20, 39.387273283017336)	(25, 39.30302583708286)	(30, 39.282002031734535)	(35, 39.25987646545291)	(40, 39.267649018881535)	(45, 39.18410680473177)	(50, 39.22175572365802)	(55, 39.16760963876298)	(60, 39.08887524943267)	(65, 39.09346133513542)	(70, 39.03451843262263)	(75, 39.044936046840995)	(80, 39.00073056887298)	(85, 38.96131951347458)	(90, 38.93696226977387)	(95, 38.89165395617148)	(100, 38.864447161112835)	(105, 38.8019185757809)	(110, 38.78968359999913)	(115, 38.70408305690823)	(120, 38.65716444836106)	(125, 38.66775542721829)	(130, 38.6606190354241)	(135, 38.60818925463589)	(140, 38.548017181739255)	(145, 38.5603875698585)	(150, 38.350874985670316)
raw_fastq | fastqc_results | Only_MNP_C3_S59_L002_R2_001	(1, 38.92465785375679)	(2, 38.990194532290936)	(3, 39.16457216177846)	(4, 39.21917073461904)	(5, 39.19052755872573)	(6, 39.28221318544951)	(7, 39.29640345785157)	(8, 39.30537492519212)	(9, 39.32616040385683)	(10, 39.338719391512974)	(15, 39.343039599397976)	(20, 39.3168708314577)	(25, 39.308803599838164)	(30, 39.25373484931046)	(35, 39.25570033538997)	(40, 39.221214904979334)	(45, 39.17993464863872)	(50, 39.16318466933884)	(55, 39.11598206173583)	(60, 39.094660840536974)	(65, 39.045955776567254)	(70, 38.98001965668698)	(75, 38.93361236344539)	(80, 38.91092393822421)	(85, 38.880530955023595)	(90, 38.81557834986693)	(95, 38.7975661187827)	(100, 38.74926518120943)	(105, 38.70143067683843)	(110, 38.645869685737445)	(115, 38.61235923546928)	(120, 38.56709126113596)	(125, 38.52826828217459)	(130, 38.46553765788582)	(135, 38.43389804242874)	(140, 38.378203293868346)	(145, 38.33645961995289)	(150, 38.119722848971826)
raw_fastq | fastqc_results | Only_MNP_C4_S60_L002_R1_001	(1, 38.9303055330881)	(2, 38.75190775173562)	(3, 38.903615006737716)	(4, 39.0571889834891)	(5, 39.144747085155316)	(6, 39.190133674969005)	(7, 39.126390524152875)	(8, 39.28238079010722)	(9, 39.219119056702944)	(10, 39.25642685554599)	(15, 39.294096084384435)	(20, 39.32968840498948)	(25, 39.24063526444847)	(30, 39.21777731355704)	(35, 39.19543070797706)	(40, 39.205004756178454)	(45, 39.11905405147935)	(50, 39.16047470945134)	(55, 39.10460360756376)	(60, 39.02655956367424)	(65, 39.03105332423911)	(70, 38.9727810276194)	(75, 38.98336101213927)	(80, 38.93869466040318)	(85, 38.90067628039763)	(90, 38.87518289137446)	(95, 38.83105799672813)	(100, 38.80243863538989)	(105, 38.74141772165906)	(110, 38.72858862322312)	(115, 38.64433206026615)	(120, 38.59654845731889)	(125, 38.6103674338811)	(130, 38.603057682722415)	(135, 38.552153717402135)	(140, 38.49214181831617)	(145, 38.50564683842212)	(150, 38.2945078035615)
raw_fastq | fastqc_results | Only_MNP_C4_S60_L002_R2_001	(1, 38.868860627918984)	(2, 38.90963291318994)	(3, 39.098575128086495)	(4, 39.14777559191065)	(5, 39.11681714251176)	(6, 39.22138583774982)	(7, 39.24574760608202)	(8, 39.25956050808015)	(9, 39.26997928023656)	(10, 39.27654393521638)	(15, 39.28351346481716)	(20, 39.2590415498623)	(25, 39.244617110006274)	(30, 39.19296904178045)	(35, 39.19254461527204)	(40, 39.164018024019654)	(45, 39.12590467066747)	(50, 39.111704866549175)	(55, 39.0666902616964)	(60, 39.04805476820403)	(65, 39.00114234475924)	(70, 38.936248893146704)	(75, 38.88977805439117)	(80, 38.86836850942372)	(85, 38.839803513792184)	(90, 38.77568455103976)	(95, 38.75876170700866)	(100, 38.71170565131719)	(105, 38.66503774549417)	(110, 38.61077530473974)	(115, 38.57802424327328)	(120, 38.53487499913909)	(125, 38.49539306127665)	(130, 38.43421358664747)	(135, 38.40327734224293)	(140, 38.348894403480315)	(145, 38.307517022672926)	(150, 38.09312300160694)
raw_fastq | fastqc_results | Plasmid_Ko_P1_S61_L002_R1_001	(1, 38.96653455088086)	(2, 38.73725092231653)	(3, 38.89674118987476)	(4, 39.050501428958114)	(5, 39.19735608769444)	(6, 39.25929468986076)	(7, 39.205410457302364)	(8, 39.308669005126994)	(9, 39.27583134471049)	(10, 39.31212608749239)	(15, 39.34494912902127)	(20, 39.381356190516286)	(25, 39.29593896490423)	(30, 39.27368398495615)	(35, 39.251996065554366)	(40, 39.25976848107739)	(45, 39.17630990979832)	(50, 39.21479338429522)	(55, 39.16114691055261)	(60, 39.083223305113975)	(65, 39.08870111167611)	(70, 39.030746941698034)	(75, 39.04199708502942)	(80, 38.998985375119204)	(85, 38.96046526279032)	(90, 38.937215147692015)	(95, 38.892946407390085)	(100, 38.866700440917796)	(105, 38.805774164925054)	(110, 38.79397516471008)	(115, 38.70997830805707)	(120, 38.66424629913306)	(125, 38.67612209460935)	(130, 38.66971762448544)	(135, 38.61819930691276)	(140, 38.55818745696581)	(145, 38.5720920904712)	(150, 38.36337837183268)
raw_fastq | fastqc_results | Plasmid_Ko_P1_S61_L002_R2_001	(1, 38.953093671221886)	(2, 38.971168901995156)	(3, 39.15644385257415)	(4, 39.20799151920113)	(5, 39.158895449248064)	(6, 39.25660601317325)	(7, 39.28411598246452)	(8, 39.29257026512853)	(9, 39.306891282578945)	(10, 39.314381651814436)	(15, 39.32114996627529)	(20, 39.297444772327275)	(25, 39.284992495738365)	(30, 39.23402841459642)	(35, 39.23601002420749)	(40, 39.20332769503589)	(45, 39.16305877681465)	(50, 39.14840171889249)	(55, 39.10237576318152)	(60, 39.08292003791182)	(65, 39.03471403661045)	(70, 38.96978490538809)	(75, 38.92396702878088)	(80, 38.90205625877644)	(85, 38.87206330735036)	(90, 38.80823031291207)	(95, 38.79007108871272)	(100, 38.742496519708006)	(105, 38.69544510689569)	(110, 38.64044204616545)	(115, 38.60717128769079)	(120, 38.56269409947454)	(125, 38.52414250312332)	(130, 38.461979349374616)	(135, 38.43144118624865)	(140, 38.37701907210028)	(145, 38.33566065250569)	(150, 38.12119221177649)
raw_fastq | fastqc_results | Plasmid_Ko_P2_S62_L002_R1_001	(1, 38.92751487690727)	(2, 38.772726789413966)	(3, 38.92829078809503)	(4, 39.03521089706543)	(5, 39.19258967278352)	(6, 39.205477198027175)	(7, 39.18565566533337)	(8, 39.24885493813372)	(9, 39.22175636636805)	(10, 39.261565886470635)	(15, 39.29911156219638)	(20, 39.33427576958502)	(25, 39.244346649576286)	(30, 39.22407606081995)	(35, 39.20258975865218)	(40, 39.21257958377928)	(45, 39.1263173876297)	(50, 39.16910085052349)	(55, 39.11250002396429)	(60, 39.03367705072294)	(65, 39.039654692294796)	(70, 38.981092673764465)	(75, 38.99131439906184)	(80, 38.9470698896984)	(85, 38.9080774236346)	(90, 38.882915539855254)	(95, 38.838174877158266)	(100, 38.81013091878167)	(105, 38.748241979250494)	(110, 38.735860587760214)	(115, 38.64957457715281)	(120, 38.6032137451341)	(125, 38.61749817311596)	(130, 38.61031534469656)	(135, 38.559318358751135)	(140, 38.49963555598761)	(145, 38.51373978060185)	(150, 38.30214447968318)
raw_fastq | fastqc_results | Plasmid_Ko_P2_S62_L002_R2_001	(1, 38.790755608323344)	(2, 38.83371385664254)	(3, 39.04111825038262)	(4, 39.10015016222331)	(5, 39.061836562867775)	(6, 39.1777187022129)	(7, 39.208067531822195)	(8, 39.22168121114836)	(9, 39.239647577922874)	(10, 39.25474567997245)	(15, 39.26735665656226)	(20, 39.246133893865064)	(25, 39.2330818084946)	(30, 39.182991142945276)	(35, 39.1845518905066)	(40, 39.15416350009183)	(45, 39.1150488926994)	(50, 39.10020125488435)	(55, 39.05413150313968)	(60, 39.03429525999976)	(65, 38.98620137116953)	(70, 38.92007846849354)	(75, 38.872192824869146)	(80, 38.84985163167459)	(85, 38.82048972945522)	(90, 38.75437917382327)	(95, 38.73710434139887)	(100, 38.689068751431115)	(105, 38.641090666080984)	(110, 38.58628710611758)	(115, 38.55256775581374)	(120, 38.50834665975808)	(125, 38.46813398385801)	(130, 38.406020740230744)	(135, 38.374661751971765)	(140, 38.319156201980306)	(145, 38.277030170849486)	(150, 38.06112719586757)
raw_fastq | fastqc_results | Plasmid_Ko_P3_S63_L002_R1_001	(1, 38.98089281476005)	(2, 38.7116593839128)	(3, 38.91178226470856)	(4, 39.081231593658345)	(5, 39.21291592482146)	(6, 39.26177893046171)	(7, 39.21860891085878)	(8, 39.322574458568745)	(9, 39.2869300471773)	(10, 39.326552014601575)	(15, 39.35629463825237)	(20, 39.38925361000768)	(25, 39.300951206960505)	(30, 39.27911957436276)	(35, 39.25373912906523)	(40, 39.261065211054415)	(45, 39.17467966463788)	(50, 39.21303831838028)	(55, 39.157980084307084)	(60, 39.0781653684679)	(65, 39.08217600627058)	(70, 39.0228910367228)	(75, 39.03214569240207)	(80, 38.9875748827885)	(85, 38.94694735002169)	(90, 38.92288692127871)	(95, 38.876472058301154)	(100, 38.84892631048351)	(105, 38.78650974868516)	(110, 38.773180591206106)	(115, 38.687583262904226)	(120, 38.63963453849682)	(125, 38.650075892996085)	(130, 38.64226814223586)	(135, 38.589391623915226)	(140, 38.5282200585666)	(145, 38.539804690265)	(150, 38.3270832341105)
raw_fastq | fastqc_results | Plasmid_Ko_P3_S63_L002_R2_001	(1, 38.930770148816)	(2, 38.99118511071524)	(3, 39.1750861029472)	(4, 39.22527170516045)	(5, 39.19314521636619)	(6, 39.28628485377956)	(7, 39.29733361654205)	(8, 39.30436046313543)	(9, 39.32569090512208)	(10, 39.33749693656519)	(15, 39.33842872236929)	(20, 39.31034276722928)	(25, 39.301915666406096)	(30, 39.244390488796995)	(35, 39.24394257421873)	(40, 39.20903336021407)	(45, 39.16734400691466)	(50, 39.14983895380916)	(55, 39.10154227211025)	(60, 39.07873342201046)	(65, 39.028037450792894)	(70, 38.96129346627674)	(75, 38.91198917140181)	(80, 38.888479703354335)	(85, 38.85663955525731)	(90, 38.79078601871633)	(95, 38.771321190777584)	(100, 38.72204151485236)	(105, 38.67268184037553)	(110, 38.61657758950655)	(115, 38.58168396708386)	(120, 38.535725449142106)	(125, 38.49520628793829)	(130, 38.43186620898039)	(135, 38.39988698799961)	(140, 38.34286903123291)	(145, 38.30027038413706)	(150, 38.081583271750006)
raw_fastq | fastqc_results | Plasmid_Ko_P4_S64_L002_R1_001	(1, 38.931885268482446)	(2, 38.701282653223835)	(3, 38.86276684805392)	(4, 39.057271521897356)	(5, 39.145760159566514)	(6, 39.2208480565371)	(7, 39.14418621353121)	(8, 39.263384881623516)	(9, 39.24003919063878)	(10, 39.282394851108464)	(15, 39.31693653656946)	(20, 39.35369490988417)	(25, 39.26305808796047)	(30, 39.240217323142545)	(35, 39.21563537654487)	(40, 39.224824355267216)	(45, 39.13882534356411)	(50, 39.18029088213706)	(55, 39.124588108367064)	(60, 39.04582198226684)	(65, 39.05108906008515)	(70, 38.99269347571457)	(75, 39.00380413125557)	(80, 38.959283788464134)	(85, 38.919829165729325)	(90, 38.8956631889896)	(95, 38.850539558220476)	(100, 38.82348432170269)	(105, 38.761201191557575)	(110, 38.748505382405575)	(115, 38.662662732833496)	(120, 38.615935826866554)	(125, 38.627796363292966)	(130, 38.620367823739606)	(135, 38.56789082634221)	(140, 38.50736168757951)	(145, 38.519415488968804)	(150, 38.30582527096864)
raw_fastq | fastqc_results | Plasmid_Ko_P4_S64_L002_R2_001	(1, 38.829933916966034)	(2, 38.918146829095114)	(3, 39.11522935281103)	(4, 39.179246689553445)	(5, 39.152067359596515)	(6, 39.257556991861556)	(7, 39.278396494335134)	(8, 39.285651262733694)	(9, 39.29912056489621)	(10, 39.306321105756375)	(15, 39.30743290586217)	(20, 39.280258079436166)	(25, 39.26824104861643)	(30, 39.21417344178864)	(35, 39.212623112838266)	(40, 39.180055536273734)	(45, 39.14120789824758)	(50, 39.125214036342)	(55, 39.08068138158476)	(60, 39.06166127750194)	(65, 39.014406853315975)	(70, 38.95038038220925)	(75, 38.903544326788506)	(80, 38.88302964726987)	(85, 38.85448716926017)	(90, 38.79093684239293)	(95, 38.77412770747311)	(100, 38.72712462792758)	(105, 38.679780004167256)	(110, 38.62544695519233)	(115, 38.59223478844391)	(120, 38.54813145376938)	(125, 38.508440187347546)	(130, 38.44640433147092)	(135, 38.41500394315214)	(140, 38.35998421151993)	(145, 38.31795688226241)	(150, 38.0975347086418)
raw_fastq | fastqc_results | RNP_Cas1_S65_L002_R1_001	(1, 38.93290907519535)	(2, 38.7977569204557)	(3, 38.96152480773914)	(4, 39.10454759043454)	(5, 39.16884458995174)	(6, 39.22711464181455)	(7, 39.18985369539794)	(8, 39.29550731314314)	(9, 39.265102224585256)	(10, 39.29792560274315)	(15, 39.33073069657282)	(20, 39.36712404048542)	(25, 39.28025629756039)	(30, 39.258808661676845)	(35, 39.23630996277199)	(40, 39.24501436924829)	(45, 39.16041702990896)	(50, 39.19982688702621)	(55, 39.1447230038743)	(60, 39.06580718181749)	(65, 39.07103252307173)	(70, 39.01243848217157)	(75, 39.02281090861538)	(80, 38.97897270635239)	(85, 38.93967452327402)	(90, 38.91543569918703)	(95, 38.870542025983255)	(100, 38.843340491870435)	(105, 38.78141878671467)	(110, 38.76952008179177)	(115, 38.68413645562775)	(120, 38.637370166692584)	(125, 38.65001690630002)	(130, 38.64301824955814)	(135, 38.59137658667235)	(140, 38.531778028356726)	(145, 38.544830760746315)	(150, 38.334856367533106)
raw_fastq | fastqc_results | RNP_Cas1_S65_L002_R2_001	(1, 38.9629889706013)	(2, 39.01496774509673)	(3, 39.18016622042964)	(4, 39.22840759779608)	(5, 39.19152941942211)	(6, 39.29972495847354)	(7, 39.31162203430024)	(8, 39.309496006836035)	(9, 39.32753074688255)	(10, 39.34043532384984)	(15, 39.33974577093645)	(20, 39.30796855839266)	(25, 39.29896229733831)	(30, 39.245422775318936)	(35, 39.24663738922762)	(40, 39.21026182371274)	(45, 39.166248795901225)	(50, 39.1483130360974)	(55, 39.09884237916195)	(60, 39.07810209988603)	(65, 39.02793864575787)	(70, 38.962706350235976)	(75, 38.915301124204134)	(80, 38.89409141731534)	(85, 38.863939597564915)	(90, 38.79981670643976)	(95, 38.78263155144738)	(100, 38.73558671235776)	(105, 38.688802375616895)	(110, 38.63437302556671)	(115, 38.602327639502974)	(120, 38.55876754976456)	(125, 38.52102960701482)	(130, 38.459928615989305)	(135, 38.430401936610885)	(140, 38.376156995697684)	(145, 38.336102757671576)	(150, 38.12425438334705)
raw_fastq | fastqc_results | RNP_Cas2_S66_L002_R1_001	(1, 38.91612963386732)	(2, 38.792974927022115)	(3, 38.93865367436245)	(4, 39.081870177469064)	(5, 39.18570503670423)	(6, 39.24776271503031)	(7, 39.22040482953757)	(8, 39.28626551434375)	(9, 39.25872313616037)	(10, 39.29881368531909)	(15, 39.3306834825792)	(20, 39.365778437646185)	(25, 39.276984502717404)	(30, 39.25722796012959)	(35, 39.233306599668445)	(40, 39.24226714788413)	(45, 39.156107383335986)	(50, 39.19678183417723)	(55, 39.14135845261421)	(60, 39.06197526915501)	(65, 39.06745625806259)	(70, 39.0082370729627)	(75, 39.01892321279919)	(80, 38.974077688389116)	(85, 38.935154356597955)	(90, 38.91053765979367)	(95, 38.865426492382376)	(100, 38.83781855417916)	(105, 38.775570581097924)	(110, 38.762973466233795)	(115, 38.677273274005245)	(120, 38.630439156787666)	(125, 38.64315418537639)	(130, 38.63603987808026)	(135, 38.58421406606716)	(140, 38.5241017215248)	(145, 38.53755165438568)	(150, 38.327104978629805)
raw_fastq | fastqc_results | RNP_Cas2_S66_L002_R2_001	(1, 38.91445332256679)	(2, 38.949799918742144)	(3, 39.14128999845621)	(4, 39.18856678644708)	(5, 39.1446427796213)	(6, 39.24926910774237)	(7, 39.26973313957177)	(8, 39.27948906700011)	(9, 39.29072692002197)	(10, 39.30304033351061)	(15, 39.31078461154333)	(20, 39.286921304818954)	(25, 39.272376029594994)	(30, 39.21962767002084)	(35, 39.221786989403924)	(40, 39.18950037006431)	(45, 39.14889453332391)	(50, 39.13321117652735)	(55, 39.08530629437065)	(60, 39.06474187910379)	(65, 39.01439906678315)	(70, 38.94831820135008)	(75, 38.89912147463827)	(80, 38.87633426198308)	(85, 38.84514978119853)	(90, 38.77880542509853)	(95, 38.75997744998947)	(100, 38.71077956920733)	(105, 38.66234175473996)	(110, 38.605369887920816)	(115, 38.57172881881239)	(120, 38.525293193672994)	(125, 38.48491640197792)	(130, 38.42086307267699)	(135, 38.38961752130275)	(140, 38.33200312961264)	(145, 38.28953184778099)	(150, 38.07379498389875)
raw_fastq | fastqc_results | RNP_Cas3_S67_L002_R1_001	(1, 38.941553490248104)	(2, 38.65560733234456)	(3, 38.86873210395232)	(4, 39.07967595579342)	(5, 39.216909019656995)	(6, 39.25404410993374)	(7, 39.193279724117986)	(8, 39.283732539422196)	(9, 39.26489905350512)	(10, 39.30689848135875)	(15, 39.33982696005836)	(20, 39.375617266306975)	(25, 39.28951902104604)	(30, 39.267816543298835)	(35, 39.24493112756971)	(40, 39.25279419638834)	(45, 39.16833228703602)	(50, 39.207470839817326)	(55, 39.153621864486084)	(60, 39.07568166033407)	(65, 39.08142734215484)	(70, 39.02305462975885)	(75, 39.03406360593378)	(80, 38.99040481148687)	(85, 38.951684963424704)	(90, 38.92839829982577)	(95, 38.88380033986853)	(100, 38.85712828426564)	(105, 38.79647727563285)	(110, 38.78402481713245)	(115, 38.69993812874899)	(120, 38.653087298421845)	(125, 38.66547727176587)	(130, 38.658314031550105)	(135, 38.60687738864516)	(140, 38.546640294367)	(145, 38.55960960857355)	(150, 38.348795748533604)
raw_fastq | fastqc_results | RNP_Cas3_S67_L002_R2_001	(1, 38.96652596817702)	(2, 39.02461545586818)	(3, 39.190176569645615)	(4, 39.24163531985888)	(5, 39.21032789267126)	(6, 39.30892855836739)	(7, 39.32512487587653)	(8, 39.32703209010895)	(9, 39.34401221422069)	(10, 39.354677894743816)	(15, 39.35716693232204)	(20, 39.331557160193356)	(25, 39.321997432689216)	(30, 39.265592992645864)	(35, 39.26702403569305)	(40, 39.23648116746824)	(45, 39.196499718714385)	(50, 39.181392042876624)	(55, 39.13420674549469)	(60, 39.11393387704307)	(65, 39.06480932259103)	(70, 38.998863558773316)	(75, 38.95131198206317)	(80, 38.929130442123395)	(85, 38.89840673092325)	(90, 38.83353500488066)	(95, 38.81535958857127)	(100, 38.7672856371626)	(105, 38.71942715142447)	(110, 38.66331560523522)	(115, 38.630071265793774)	(120, 38.584525446038484)	(125, 38.545135615135045)	(130, 38.48228548782747)	(135, 38.45108900794399)	(140, 38.39498968725742)	(145, 38.35326541883603)	(150, 38.13434451884004)
raw_fastq | fastqc_results | RNP_Cas4_S68_L002_R1_001	(1, 38.88945338271538)	(2, 38.65701621513114)	(3, 38.821951478872904)	(4, 39.00267458166542)	(5, 39.13333717205842)	(6, 39.22472731647267)	(7, 39.168442967948295)	(8, 39.252163224917666)	(9, 39.215618242744426)	(10, 39.25699343297307)	(15, 39.29517130164244)	(20, 39.33224509911442)	(25, 39.24203794147708)	(30, 39.22213344322925)	(35, 39.19890438774821)	(40, 39.20755204558199)	(45, 39.121880752519324)	(50, 39.161595942713305)	(55, 39.10619120248665)	(60, 39.02673836213968)	(65, 39.03094185398168)	(70, 38.97185874290671)	(75, 38.981996535969635)	(80, 38.93665777747142)	(85, 38.897220239870855)	(90, 38.87176379060158)	(95, 38.8266349142754)	(100, 38.79784595531446)	(105, 38.73577356319176)	(110, 38.72207742208928)	(115, 38.63685584445772)	(120, 38.58895395465532)	(125, 38.60119022893292)	(130, 38.59380663243335)	(135, 38.5420546921665)	(140, 38.481389862001905)	(145, 38.49383087180986)	(150, 38.28190477575397)
raw_fastq | fastqc_results | RNP_Cas4_S68_L002_R2_001	(1, 38.783896219147884)	(2, 38.76332773943704)	(3, 38.9706865192868)	(4, 39.05002405142707)	(5, 39.03902991796397)	(6, 39.14051566323101)	(7, 39.16022709345967)	(8, 39.17660666205613)	(9, 39.17381876151907)	(10, 39.19307359053231)	(15, 39.193206595277935)	(20, 39.16844492921299)	(25, 39.17961522378812)	(30, 39.14194420596155)	(35, 39.14885966554322)	(40, 39.11853509002766)	(45, 39.0801404167884)	(50, 39.06538513417015)	(55, 39.019748516071985)	(60, 39.000687559355114)	(65, 38.95190032025366)	(70, 38.886727395655534)	(75, 38.83860222434998)	(80, 38.81671302997138)	(85, 38.786266087160755)	(90, 38.721165653688296)	(95, 38.70264266931371)	(100, 38.653905836057355)	(105, 38.60564409873028)	(110, 38.54990710293427)	(115, 38.51552685049474)	(120, 38.469916491619415)	(125, 38.4296922415664)	(130, 38.36617551285729)	(135, 38.334854669798084)	(140, 38.27881534633116)	(145, 38.23655788478079)	(150, 38.017903249750916)
trimmed_fastp | fastqc_results | Control_MNP_III_S56_L002_R1_filtered	(1, 39.009192098113836)	(2, 38.742678865516105)	(3, 38.92616887662057)	(4, 39.125122894581196)	(5, 39.22611629450084)	(6, 39.293177746913074)	(7, 39.22102774901864)	(8, 39.31653766848756)	(9, 39.29965899774534)	(10, 39.33754630280548)	(15, 39.37247065473844)	(20, 39.4121893790947)	(25, 39.33400510570107)	(30, 39.32066508869723)	(35, 39.30470518465012)	(40, 39.320067869631245)	(45, 39.24130404415685)	(50, 39.288921075735935)	(55, 39.24119448425062)	(60, 39.16880088069938)	(65, 39.181654880998266)	(70, 39.128294473454744)	(75, 39.14559564521443)	(80, 39.10680719767634)	(85, 39.07421618690471)	(90, 39.05685097728616)	(95, 39.01722019382316)	(100, 38.99671934272182)	(105, 38.94107014523679)	(110, 38.934649458213315)	(115, 38.853858206464984)	(120, 38.81341147677087)	(125, 38.83161513955265)	(130, 38.82911489530677)	(135, 38.78153797280173)	(140, 38.72571322600037)	(145, 38.74262876656084)	(150, 38.53544364853194)
trimmed_fastp | fastqc_results | Control_MNP_III_S56_L002_R2_filtered	(1, 39.06452211540979)	(2, 39.134331351576726)	(3, 39.31169569748513)	(4, 39.358405479466605)	(5, 39.33317732959467)	(6, 39.445097885826996)	(7, 39.45053964202427)	(8, 39.456348266630044)	(9, 39.481641487823595)	(10, 39.49487398691214)	(15, 39.50257459813186)	(20, 39.48300950006393)	(25, 39.48687172580511)	(30, 39.435209419862915)	(35, 39.446133483466795)	(40, 39.421651838837704)	(45, 39.389372719592004)	(50, 39.38316135173862)	(55, 39.34003348204532)	(60, 39.32977705981081)	(65, 39.287987321983294)	(70, 39.232398240562546)	(75, 39.19176752068607)	(80, 39.1781987716719)	(85, 39.156185674965485)	(90, 39.09888007932407)	(95, 39.09008432997239)	(100, 39.05037347107803)	(105, 39.01172559647022)	(110, 38.9634960422013)	(115, 38.93865030036742)	(120, 38.90202011235366)	(125, 38.87132132147618)	(130, 38.81624372396076)	(135, 38.79432986946912)	(140, 38.74557831816403)	(145, 38.711333388014815)	(150, 38.499118300888114)
trimmed_fastp | fastqc_results | Control_MNP_II_S55_L002_R1_filtered	(1, 39.04037391790279)	(2, 38.82503364938451)	(3, 39.031207530360746)	(4, 39.15808003736419)	(5, 39.30584040347153)	(6, 39.361372626521664)	(7, 39.2497413641001)	(8, 39.370597498830584)	(9, 39.33654970967784)	(10, 39.37587982455459)	(15, 39.40620598169746)	(20, 39.441743071226455)	(25, 39.36581399751195)	(30, 39.35581987346043)	(35, 39.33794547412623)	(40, 39.35437708617967)	(45, 39.27721119224079)	(50, 39.32472974650011)	(55, 39.27776219767294)	(60, 39.20578337214387)	(65, 39.2186484336406)	(70, 39.16632118120349)	(75, 39.1836353657064)	(80, 39.14532017239517)	(85, 39.113199230499994)	(90, 39.09602423280395)	(95, 39.057315352307995)	(100, 39.036467318945)	(105, 38.98165231402268)	(110, 38.975383779240055)	(115, 38.895126100065845)	(120, 38.85545600513587)	(125, 38.87325894312435)	(130, 38.870718027856874)	(135, 38.823128621414824)	(140, 38.7676200331232)	(145, 38.784904186194595)	(150, 38.580824399438825)
trimmed_fastp | fastqc_results | Control_MNP_II_S55_L002_R2_filtered	(1, 39.05020982343047)	(2, 39.11472327725322)	(3, 39.30442983759735)	(4, 39.350749963520464)	(5, 39.3129785780446)	(6, 39.414335966132384)	(7, 39.430730153016505)	(8, 39.44527077930976)	(9, 39.462470747493285)	(10, 39.4740969220736)	(15, 39.485773166791965)	(20, 39.46791310043374)	(25, 39.46320540540893)	(30, 39.418191925726155)	(35, 39.42599019529799)	(40, 39.40385816210183)	(45, 39.37018214265224)	(50, 39.36282598673031)	(55, 39.323148220214385)	(60, 39.3091809799925)	(65, 39.26541344816226)	(70, 39.205782488183246)	(75, 39.16240138811958)	(80, 39.14607521084402)	(85, 39.12119047285876)	(90, 39.06127516211832)	(95, 39.04998101417475)	(100, 39.00855564847232)	(105, 38.96758038636269)	(110, 38.91821267723178)	(115, 38.89120133827528)	(120, 38.852327747128314)	(125, 38.820153892888655)	(130, 38.76377962200693)	(135, 38.73992812670095)	(140, 38.689720260363984)	(145, 38.65354679640476)	(150, 38.43992655115687)
trimmed_fastp | fastqc_results | Control_MNP_I_S54_L002_R1_filtered	(1, 38.998444920573796)	(2, 38.73147797081338)	(3, 38.94923853561689)	(4, 39.13624678993796)	(5, 39.27625213800272)	(6, 39.34185386342281)	(7, 39.26089380290469)	(8, 39.410286278356295)	(9, 39.349152188592186)	(10, 39.38331826755536)	(15, 39.41402648339348)	(20, 39.44894380168959)	(25, 39.37402997221117)	(30, 39.361252073102946)	(35, 39.34513866210473)	(40, 39.361253093707475)	(45, 39.2833200200514)	(50, 39.33077190082785)	(55, 39.28369318141618)	(60, 39.21299326125093)	(65, 39.22525795174454)	(70, 39.173378723689765)	(75, 39.19082574406266)	(80, 39.15241153146802)	(85, 39.12101257443898)	(90, 39.10358768886558)	(95, 39.065406172050416)	(100, 39.04424226366033)	(105, 38.99094974044898)	(110, 38.983743216471666)	(115, 38.90528938692398)	(120, 38.8641451506153)	(125, 38.88328995635534)	(130, 38.88022857731189)	(135, 38.83348134076057)	(140, 38.77800449229652)	(145, 38.79564315862025)	(150, 38.59183729968068)
trimmed_fastp | fastqc_results | Control_MNP_I_S54_L002_R2_filtered	(1, 39.0756697464473)	(2, 39.13106827330738)	(3, 39.33018622676401)	(4, 39.368994527837174)	(5, 39.34779991994482)	(6, 39.4512958664991)	(7, 39.45862616036649)	(8, 39.47480609019467)	(9, 39.49177873536505)	(10, 39.50422660881785)	(15, 39.513991118880575)	(20, 39.4955960243491)	(25, 39.493848269021974)	(30, 39.447612931771005)	(35, 39.45894389509674)	(40, 39.434693479182194)	(45, 39.401283027666196)	(50, 39.39372084500161)	(55, 39.35533928210126)	(60, 39.34137655775586)	(65, 39.299572706446035)	(70, 39.23970662659367)	(75, 39.19881230553129)	(80, 39.18355948256974)	(85, 39.16053573477613)	(90, 39.101908368640856)	(95, 39.09203825020362)	(100, 39.05208582050384)	(105, 39.01185198900641)	(110, 38.96416557251202)	(115, 38.938041242101896)	(120, 38.90124598993392)	(125, 38.86947567726655)	(130, 38.8144691382281)	(135, 38.79150059193745)	(140, 38.74301659681132)	(145, 38.70795674623612)	(150, 38.498643661252174)
trimmed_fastp | fastqc_results | Only_MNP_C1_S57_L002_R1_filtered	(1, 38.975050999645)	(2, 38.853659667107934)	(3, 39.00150247594897)	(4, 39.12553539641919)	(5, 39.24380793767446)	(6, 39.28557310739963)	(7, 39.26439430075715)	(8, 39.34438336650206)	(9, 39.30525613191985)	(10, 39.34136840666825)	(15, 39.37325179123478)	(20, 39.41052263528137)	(25, 39.3337412867544)	(30, 39.320014684571234)	(35, 39.30390971167951)	(40, 39.3181086533261)	(45, 39.24060711642793)	(50, 39.285988882818636)	(55, 39.23763712757792)	(60, 39.16505798679903)	(65, 39.17624367468507)	(70, 39.12313655399366)	(75, 39.139194733203055)	(80, 39.10032810483877)	(85, 39.06689454960561)	(90, 39.04935865874867)	(95, 39.00965752126298)	(100, 38.98838566624369)	(105, 38.93237258303294)	(110, 38.9259875116514)	(115, 38.845249092959875)	(120, 38.80510964443066)	(125, 38.82354805697435)	(130, 38.82105994997862)	(135, 38.77382825793954)	(140, 38.71825017004689)	(145, 38.73628348237194)	(150, 38.53113366518504)
trimmed_fastp | fastqc_results | Only_MNP_C1_S57_L002_R2_filtered	(1, 39.02412512771134)	(2, 39.097820045840564)	(3, 39.275659363873146)	(4, 39.32144285993045)	(5, 39.304609091558966)	(6, 39.407150280071036)	(7, 39.42231222311108)	(8, 39.4464313130794)	(9, 39.46416483815112)	(10, 39.47957565323482)	(15, 39.49322042227833)	(20, 39.47502871851138)	(25, 39.473148049333346)	(30, 39.42608981815674)	(35, 39.437382323302415)	(40, 39.41225224385273)	(45, 39.37774104201745)	(50, 39.36983771811389)	(55, 39.33025492940892)	(60, 39.3161129761866)	(65, 39.27306135278373)	(70, 39.212597534007266)	(75, 39.17102581444935)	(80, 39.154170618101155)	(85, 39.129893658706635)	(90, 39.07070535257178)	(95, 39.05972610952665)	(100, 39.01885062052115)	(105, 38.978568246431706)	(110, 38.92986550108194)	(115, 38.90289516759187)	(120, 38.86540522310596)	(125, 38.83315273977665)	(130, 38.77745257731526)	(135, 38.75356070745384)	(140, 38.7051302900242)	(145, 38.66932349231134)	(150, 38.46008999058154)
trimmed_fastp | fastqc_results | Only_MNP_C2_S58_L002_R1_filtered	(1, 38.994745902693985)	(2, 38.886134953261546)	(3, 39.03208337226795)	(4, 39.13227079781861)	(5, 39.288017782625474)	(6, 39.31475358957758)	(7, 39.245192795057605)	(8, 39.37442292376163)	(9, 39.31079484618757)	(10, 39.344617945188006)	(15, 39.375102620535976)	(20, 39.40911378920683)	(25, 39.3310578047945)	(30, 39.3190659422461)	(35, 39.302504318490506)	(40, 39.3187514289589)	(45, 39.2392613962716)	(50, 39.28847556886574)	(55, 39.23894097912476)	(60, 39.166646068317476)	(65, 39.17912293201037)	(70, 39.126151369105465)	(75, 39.14376676451435)	(80, 39.10441945520067)	(85, 39.072407046741205)	(90, 39.05379273288523)	(95, 39.016169619398696)	(100, 38.99304016834822)	(105, 38.939390116752165)	(110, 38.93159619892077)	(115, 38.852661578514514)	(120, 38.81067228700675)	(125, 38.831354657076425)	(130, 38.828116775613196)	(135, 38.782074016475214)	(140, 38.72614632769516)	(145, 38.74484255410165)	(150, 38.54035540868314)
trimmed_fastp | fastqc_results | Only_MNP_C2_S58_L002_R2_filtered	(1, 39.0765992365261)	(2, 39.14437095726028)	(3, 39.31995466128314)	(4, 39.37095945444004)	(5, 39.35303941952227)	(6, 39.45485564524131)	(7, 39.46387455186822)	(8, 39.472822846347576)	(9, 39.48926298496181)	(10, 39.50679627043193)	(15, 39.515793102451504)	(20, 39.49433813000865)	(25, 39.49411357905757)	(30, 39.444602924315326)	(35, 39.45745859217978)	(40, 39.43321260146579)	(45, 39.3996066863487)	(50, 39.39077267606005)	(55, 39.351855750783706)	(60, 39.336153255147835)	(65, 39.29410620813468)	(70, 39.233509478395014)	(75, 39.19158223314443)	(80, 39.17518497203843)	(85, 39.152363032503146)	(90, 39.093374810669694)	(95, 39.08396130640984)	(100, 39.04381806788329)	(105, 39.00375880651396)	(110, 38.956012991006176)	(115, 38.93039576280753)	(120, 38.89468118904933)	(125, 38.86240735907539)	(130, 38.80831999208938)	(135, 38.78472835847249)	(140, 38.737078173584514)	(145, 38.70176552092929)	(150, 38.496979292308964)
trimmed_fastp | fastqc_results | Only_MNP_C3_S59_L002_R1_filtered	(1, 39.005740869486296)	(2, 38.80858819551167)	(3, 38.979544945866735)	(4, 39.138357071336394)	(5, 39.23170957920852)	(6, 39.305056544655386)	(7, 39.24457872525922)	(8, 39.355468885313115)	(9, 39.319886673970565)	(10, 39.358839320285455)	(15, 39.39234361491198)	(20, 39.4313321209933)	(25, 39.356837883668405)	(30, 39.344039779408334)	(35, 39.32850659895007)	(40, 39.34352361813764)	(45, 39.26670015269827)	(50, 39.31174114993557)	(55, 39.26413795711214)	(60, 39.19194115673141)	(65, 39.20324999042193)	(70, 39.15009647461635)	(75, 39.166663608151644)	(80, 39.127576635720786)	(85, 39.094529967032535)	(90, 39.076555872609205)	(95, 39.037361833652525)	(100, 39.01602332916858)	(105, 38.96037631906925)	(110, 38.953920131000736)	(115, 38.87359791622585)	(120, 38.832867762109316)	(125, 38.849930402034154)	(130, 38.84740614659446)	(135, 38.79963791573501)	(140, 38.74417277333943)	(145, 38.761410247647376)	(150, 38.55689100112498)
trimmed_fastp | fastqc_results | Only_MNP_C3_S59_L002_R2_filtered	(1, 39.01524540194468)	(2, 39.100674391159934)	(3, 39.281980330676646)	(4, 39.34087019514327)	(5, 39.31567574206061)	(6, 39.41084110395891)	(7, 39.42758859711486)	(8, 39.44015239901428)	(9, 39.46305789234743)	(10, 39.479080363398175)	(15, 39.491901913610064)	(20, 39.47266487356375)	(25, 39.47284558026619)	(30, 39.42636788679256)	(35, 39.436983877200184)	(40, 39.41092972612077)	(45, 39.376680522402395)	(50, 39.36762539087088)	(55, 39.3282245014781)	(60, 39.31307472330642)	(65, 39.27081867964724)	(70, 39.21064946711074)	(75, 39.17026168172856)	(80, 39.15359753936132)	(85, 39.12984112294923)	(90, 39.071138334307456)	(95, 39.06117889185729)	(100, 39.02079286216059)	(105, 38.981251560977924)	(110, 38.932844067566705)	(115, 38.90699775313155)	(120, 38.86979314690896)	(125, 38.83873700922161)	(130, 38.78391445983058)	(135, 38.760414850143164)	(140, 38.71238451813203)	(145, 38.677315850272414)	(150, 38.467398978781624)
trimmed_fastp | fastqc_results | Only_MNP_C4_S60_L002_R1_filtered	(1, 38.97129963779777)	(2, 38.81338891680277)	(3, 38.966969131787934)	(4, 39.11813206562623)	(5, 39.202411782805044)	(6, 39.24534996217456)	(7, 39.179083265611865)	(8, 39.33270949154712)	(9, 39.268137684239086)	(10, 39.30472847991997)	(15, 39.34128463588088)	(20, 39.37814512497878)	(25, 39.299244841952344)	(30, 39.28460892685843)	(35, 39.26869413707383)	(40, 39.28521974885528)	(45, 39.20561669184715)	(50, 39.253997565689076)	(55, 39.204076936971695)	(60, 39.131914191138826)	(65, 39.14244645099921)	(70, 39.089103917288014)	(75, 39.1049459999835)	(80, 39.06456293963524)	(85, 39.03196187978834)	(90, 39.01180768792134)	(95, 38.97272890925233)	(100, 38.94878025988681)	(105, 38.893382696414776)	(110, 38.88543336832589)	(115, 38.80519010853167)	(120, 38.76235985064581)	(125, 38.78178060893311)	(130, 38.777956406650716)	(135, 38.73091857767758)	(140, 38.67481509531351)	(145, 38.69219405271531)	(150, 38.48536577606814)
trimmed_fastp | fastqc_results | Only_MNP_C4_S60_L002_R2_filtered	(1, 38.965706802062265)	(2, 39.03442872548844)	(3, 39.231801302144845)	(4, 39.287968045827974)	(5, 39.26245849473962)	(6, 39.37028105291132)	(7, 39.39746073157261)	(8, 39.41499249329851)	(9, 39.42849964525874)	(10, 39.43902371622271)	(15, 39.45471395792193)	(20, 39.43681553187181)	(25, 39.430619894427345)	(30, 39.38699386966515)	(35, 39.3945063075411)	(40, 39.373780475314916)	(45, 39.341797496503254)	(50, 39.334474179106735)	(55, 39.29628611929636)	(60, 39.282865463340485)	(65, 39.241220706738915)	(70, 39.181187922185174)	(75, 39.139678755827845)	(80, 39.12312980432411)	(85, 39.10014932197507)	(90, 39.0408693665111)	(95, 39.03061537942766)	(100, 38.98978952549059)	(105, 38.94984548851051)	(110, 38.90135736005301)	(115, 38.87491217565497)	(120, 38.83818643744945)	(125, 38.805521092098346)	(130, 38.75087941439608)	(135, 38.72660959087083)	(140, 38.678722718130004)	(145, 38.64263684785745)	(150, 38.433881411581176)
trimmed_fastp | fastqc_results | Plasmid_Ko_P1_S61_L002_R1_filtered	(1, 39.00282645471754)	(2, 38.79470898940151)	(3, 38.957291447453585)	(4, 39.10924378638218)	(5, 39.25235968759635)	(6, 39.31071011353572)	(7, 39.254440289006226)	(8, 39.35591762462429)	(9, 39.32145528449922)	(10, 39.356970544100214)	(15, 39.38870096425344)	(20, 39.42648191132361)	(25, 39.35088927218358)	(30, 39.33687681281438)	(35, 39.32169230515909)	(40, 39.33658837040067)	(45, 39.25966080414592)	(50, 39.305337300620145)	(55, 39.25799638845891)	(60, 39.18641501496198)	(65, 39.198238104122744)	(70, 39.14568804119535)	(75, 39.162712272982915)	(80, 39.124575825133576)	(85, 39.0919107147004)	(90, 39.07459935277704)	(95, 39.03610528502733)	(100, 39.01519899906405)	(105, 38.96058458869386)	(110, 38.954287596062315)	(115, 38.87484536322211)	(120, 38.8349417705335)	(125, 38.85297709396873)	(130, 38.85068210122925)	(135, 38.803368092868894)	(140, 38.747824803081386)	(145, 38.76616886105655)	(150, 38.56223386989586)
trimmed_fastp | fastqc_results | Plasmid_Ko_P1_S61_L002_R2_filtered	(1, 39.04339049354095)	(2, 39.0940627654395)	(3, 39.28947322755456)	(4, 39.34919359126739)	(5, 39.30755738025057)	(6, 39.409369566072485)	(7, 39.439755960113494)	(8, 39.45277517891537)	(9, 39.47041965424745)	(10, 39.482400721301175)	(15, 39.49869464704623)	(20, 39.48225018788655)	(25, 39.478840368410374)	(30, 39.4366336976647)	(35, 39.44728926237175)	(40, 39.42309246540917)	(45, 39.38966271796731)	(50, 39.38262602437726)	(55, 39.34415144232257)	(60, 39.33054329255197)	(65, 39.28835086489342)	(70, 39.22885431651894)	(75, 39.18858626337841)	(80, 39.17205206687868)	(85, 39.14835042975518)	(90, 39.09014343962015)	(95, 39.07948362151083)	(100, 39.039097348754346)	(105, 38.99962997925011)	(110, 38.951165504952826)	(115, 38.924967282786966)	(120, 38.887628538636754)	(125, 38.85629936537431)	(130, 38.801315251203825)	(135, 38.77800686742968)	(140, 38.73069666985045)	(145, 38.695351950540875)	(150, 38.48689981903519)
trimmed_fastp | fastqc_results | Plasmid_Ko_P2_S62_L002_R1_filtered	(1, 38.96655802017255)	(2, 38.82691100148197)	(3, 38.98312101267424)	(4, 39.088203957967465)	(5, 39.24278753818196)	(6, 39.25414458618536)	(7, 39.231949338719424)	(8, 39.294914614680586)	(9, 39.266338282258474)	(10, 39.30618660637614)	(15, 39.34328222654382)	(20, 39.379840841697316)	(25, 39.29970975447505)	(30, 39.28753815256144)	(35, 39.27250135561093)	(40, 39.28926873705338)	(45, 39.20926135131949)	(50, 39.25886531145512)	(55, 39.20823447545238)	(60, 39.13531299873003)	(65, 39.14728823314219)	(70, 39.093807640148405)	(75, 39.10934470170061)	(80, 39.06956351187041)	(85, 39.03612470016058)	(90, 39.01640118694506)	(95, 38.976884386075945)	(100, 38.95367256375335)	(105, 38.89756277258787)	(110, 38.89014953952342)	(115, 38.80813472871124)	(120, 38.76683282718029)	(125, 38.786655516383114)	(130, 38.78317162601096)	(135, 38.73594877139389)	(140, 38.68041360836986)	(145, 38.69853528545245)	(150, 38.49144338000704)
trimmed_fastp | fastqc_results | Plasmid_Ko_P2_S62_L002_R2_filtered	(1, 38.8828014754025)	(2, 38.957902933700325)	(3, 39.17562982686054)	(4, 39.24093061128976)	(5, 39.20962299292535)	(6, 39.3285194670728)	(7, 39.361567261812574)	(8, 39.37909701261584)	(9, 39.399692336215814)	(10, 39.41864299397027)	(15, 39.43966843669825)	(20, 39.42496230902651)	(25, 39.41991803341206)	(30, 39.37770886636432)	(35, 39.3872757092894)	(40, 39.3645316764151)	(45, 39.33171188203418)	(50, 39.323876624946664)	(55, 39.28484051882005)	(60, 39.2704017867495)	(65, 39.22781104832312)	(70, 39.16656064378971)	(75, 39.123759758673046)	(80, 39.106549783073305)	(85, 39.08285258770293)	(90, 39.02172352160933)	(95, 39.01105196017534)	(100, 38.96936743934107)	(105, 38.92808858498542)	(110, 38.87908093188505)	(115, 38.85165118972479)	(120, 38.81380104951672)	(125, 38.78020732570273)	(130, 38.724559757545784)	(135, 38.69978151074745)	(140, 38.65067896531351)	(145, 38.6139862854251)	(150, 38.403851106260774)
trimmed_fastp | fastqc_results | Plasmid_Ko_P3_S63_L002_R1_filtered	(1, 39.016448377062865)	(2, 38.76304507013585)	(3, 38.96522972057844)	(4, 39.13429211313503)	(5, 39.263670905543336)	(6, 39.31154797314336)	(7, 39.266543793900034)	(8, 39.36995762406225)	(9, 39.3335855529264)	(10, 39.37380146999523)	(15, 39.403598761303456)	(20, 39.438493322244135)	(25, 39.36097453411736)	(30, 39.34817707442461)	(35, 39.330020805973206)	(40, 39.3453552349536)	(45, 39.266472381639915)	(50, 39.312949924573374)	(55, 39.26518819070438)	(60, 39.192986530483424)	(65, 39.20458031399479)	(70, 39.15193798631008)	(75, 39.168177806803634)	(80, 39.12960933796972)	(85, 39.09610497680808)	(90, 39.07934072490677)	(95, 39.03986264029053)	(100, 39.0188916567284)	(105, 38.96383894810903)	(110, 38.95710564401932)	(115, 38.87722788710478)	(120, 38.83607479773059)	(125, 38.853556183154815)	(130, 38.85082982722942)	(135, 38.802929205060636)	(140, 38.74707530635931)	(145, 38.76374157185019)	(150, 38.55634232577441)
trimmed_fastp | fastqc_results | Plasmid_Ko_P3_S63_L002_R2_filtered	(1, 39.022333946772996)	(2, 39.114060360095195)	(3, 39.30870880182144)	(4, 39.36543951404277)	(5, 39.33900511254034)	(6, 39.4361735756598)	(7, 39.45131510526167)	(8, 39.46255529942546)	(9, 39.48655870910507)	(10, 39.50299280955277)	(15, 39.51399722889204)	(20, 39.4939228943673)	(25, 39.49462267286453)	(30, 39.44675874186631)	(35, 39.45609595096535)	(40, 39.430455626216215)	(45, 39.39663107815558)	(50, 39.387698245241594)	(55, 39.34811504916685)	(60, 39.33238655011773)	(65, 39.28906830126376)	(70, 39.22908319612809)	(75, 39.18675786539935)	(80, 39.17035251603035)	(85, 39.146189474713665)	(90, 39.08746217648212)	(95, 39.07694310529696)	(100, 39.03649459827891)	(105, 38.9963016266473)	(110, 38.948145067849694)	(115, 38.921606620052685)	(120, 38.884459689349875)	(125, 38.85270767869674)	(130, 38.79784679419962)	(135, 38.77439547846685)	(140, 38.72562406668912)	(145, 38.69005037629588)	(150, 38.47855612909164)
trimmed_fastp | fastqc_results | Plasmid_Ko_P4_S64_L002_R1_filtered	(1, 38.97699492216291)	(2, 38.76223925105704)	(3, 38.9240954475718)	(4, 39.11649917786143)	(5, 39.202291667547996)	(6, 39.27483982884305)	(7, 39.19658934273689)	(8, 39.314846808549675)	(9, 39.290100464801384)	(10, 39.33232972713761)	(15, 39.366168567873025)	(20, 39.40425615003923)	(25, 39.32417967986417)	(30, 39.30983564390914)	(35, 39.29165920954152)	(40, 39.30787857840331)	(45, 39.22834046543134)	(50, 39.277139320061494)	(55, 39.227603363937725)	(60, 39.15512632826226)	(65, 39.166610421991365)	(70, 39.113555096284784)	(75, 39.1302563263309)	(80, 39.09031519845693)	(85, 39.05656653029139)	(90, 39.03816715907142)	(95, 38.99861728643818)	(100, 38.97686940175227)	(105, 38.92076550411805)	(110, 38.91357134011443)	(115, 38.83232330511122)	(120, 38.791330358543384)	(125, 38.8095017463348)	(130, 38.806254723001096)	(135, 38.75823056729214)	(140, 38.70228703782876)	(145, 38.718963375721316)	(150, 38.510503969702754)
trimmed_fastp | fastqc_results | Plasmid_Ko_P4_S64_L002_R2_filtered	(1, 38.92565236110231)	(2, 39.038548520919164)	(3, 39.24341638879847)	(4, 39.312004856642716)	(5, 39.289230321899595)	(6, 39.39780747410809)	(7, 39.42120146200225)	(8, 39.43218500880149)	(9, 39.448445052967486)	(10, 39.4595509423295)	(15, 39.469673465416385)	(20, 39.44974709327931)	(25, 39.44604373064313)	(30, 39.40041538971697)	(35, 39.40751041898387)	(40, 39.38316182469066)	(45, 39.35101217348123)	(50, 39.34236629202296)	(55, 39.30508717984296)	(60, 39.2915876104601)	(65, 39.24992799087852)	(70, 39.19082202293487)	(75, 39.14927050223074)	(80, 39.13395430134845)	(85, 39.111241883213715)	(90, 39.05298773361856)	(95, 39.043346015647884)	(100, 39.00331066930347)	(105, 38.96334784683753)	(110, 38.91539137240778)	(115, 38.88910462649391)	(120, 38.85195787093957)	(125, 38.81970990997145)	(130, 38.76460025259611)	(135, 38.7403626710129)	(140, 38.692316689766855)	(145, 38.65596935297855)	(150, 38.441777455794806)
trimmed_fastp | fastqc_results | RNP_Cas1_S65_L002_R1_filtered	(1, 38.96839481475675)	(2, 38.85488219657445)	(3, 39.02013506255208)	(4, 39.160492924825036)	(5, 39.22218528153241)	(6, 39.27732247839228)	(7, 39.237204692454476)	(8, 39.34100473577918)	(9, 39.30886470131515)	(10, 39.34110690274895)	(15, 39.372892172678476)	(20, 39.41067613516601)	(25, 39.3334226682515)	(30, 39.320052087185516)	(35, 39.303983965689866)	(40, 39.31987020815975)	(45, 39.24166179710352)	(50, 39.28824376227872)	(55, 39.239390434883)	(60, 39.16673891942502)	(65, 39.17828354717681)	(70, 39.12500664871816)	(75, 39.14112798501582)	(80, 39.10199495501448)	(85, 39.06851733028994)	(90, 39.05020616028721)	(95, 39.01079631837389)	(100, 38.988797092236446)	(105, 38.93290143593067)	(110, 38.92629306406699)	(115, 38.845276728421325)	(120, 38.80407686131978)	(125, 38.82249859283312)	(130, 38.81944602162098)	(135, 38.77179174956652)	(140, 38.71647279729514)	(145, 38.733770300395946)	(150, 38.528288626043164)
trimmed_fastp | fastqc_results | RNP_Cas1_S65_L002_R2_filtered	(1, 39.054813708766574)	(2, 39.14196877611832)	(3, 39.31728621168502)	(4, 39.37230395918507)	(5, 39.342815157586614)	(6, 39.4547253843944)	(7, 39.47039748309873)	(8, 39.47355324880535)	(9, 39.49419046971489)	(10, 39.511683903866654)	(15, 39.52098566995943)	(20, 39.49734304719597)	(25, 39.49683209554819)	(30, 39.45234510192647)	(35, 39.4629510627595)	(40, 39.43531981582607)	(45, 39.398450952362055)	(50, 39.388171662791926)	(55, 39.3462706381458)	(60, 39.331266869465125)	(65, 39.28685250467744)	(70, 39.226771080309526)	(75, 39.18465855796279)	(80, 39.16872589322646)	(85, 39.14448279391035)	(90, 39.08546811177788)	(95, 39.07516001993944)	(100, 39.034695645626186)	(105, 38.994888517243936)	(110, 38.94644976571626)	(115, 38.92060472810607)	(120, 38.8834551454058)	(125, 38.85236973717192)	(130, 38.797528558579245)	(135, 38.77447563075508)	(140, 38.72656550854361)	(145, 38.69177954266644)	(150, 38.485514482327304)
trimmed_fastp | fastqc_results | RNP_Cas2_S66_L002_R1_filtered	(1, 38.95088692913059)	(2, 38.84488269500628)	(3, 38.99234131686332)	(4, 39.13432570171844)	(5, 39.23512385757713)	(6, 39.295058079656144)	(7, 39.2655601992175)	(8, 39.33129302977225)	(9, 39.302116913252256)	(10, 39.34205336552496)	(15, 39.37347655284647)	(20, 39.410108118395115)	(25, 39.33116759308628)	(30, 39.31977647365998)	(35, 39.3026141397678)	(40, 39.31883514065219)	(45, 39.23940098767339)	(50, 39.28740665674407)	(55, 39.238484577097914)	(60, 39.16565983210885)	(65, 39.17767680045377)	(70, 39.124153723230904)	(75, 39.14083112721255)	(80, 39.10119217731371)	(85, 39.06845523449035)	(90, 39.05011913676063)	(95, 39.01096629502899)	(100, 38.98898157033409)	(105, 38.93332091055542)	(110, 38.926529819201214)	(115, 38.84576395018255)	(120, 38.80476735327784)	(125, 38.82372102692102)	(130, 38.82096072189272)	(135, 38.773495019172415)	(140, 38.71794647225055)	(145, 38.73601332158621)	(150, 38.53040820100384)
trimmed_fastp | fastqc_results | RNP_Cas2_S66_L002_R2_filtered	(1, 39.006144567430404)	(2, 39.06881450636209)	(3, 39.26829550361506)	(4, 39.32158241044231)	(5, 39.283089702043895)	(6, 39.39090947266838)	(7, 39.41389828022369)	(8, 39.42729144555315)	(9, 39.44168231881366)	(10, 39.45811198982458)	(15, 39.474865289890126)	(20, 39.45825417638234)	(25, 39.45280049222812)	(30, 39.40875079295368)	(35, 39.41954626009443)	(40, 39.39596464829104)	(45, 39.362345358434006)	(50, 39.35432426026313)	(55, 39.314197128383874)	(60, 39.2996708301976)	(65, 39.255549314629256)	(70, 39.195173760057514)	(75, 39.15185407710588)	(80, 39.134871261904586)	(85, 39.11041241596793)	(90, 39.05019381675729)	(95, 39.039235601253615)	(100, 38.99761559274621)	(105, 38.95729155577626)	(110, 38.90742720953354)	(115, 38.88139810398112)	(120, 38.842936288792416)	(125, 38.810650418053896)	(130, 38.75449579463495)	(135, 38.73129903560202)	(140, 38.68151361636705)	(145, 38.645670846442215)	(150, 38.43666800295454)
trimmed_fastp | fastqc_results | RNP_Cas3_S67_L002_R1_filtered	(1, 38.97797135406564)	(2, 38.71022157336254)	(3, 38.926352326537376)	(4, 39.13638082472963)	(5, 39.27116590877768)	(6, 39.30681967062604)	(7, 39.24442015252751)	(8, 39.334352611769916)	(9, 39.313812228326974)	(10, 39.355992615888276)	(15, 39.38859875101214)	(20, 39.426093262990335)	(25, 39.35041389848191)	(30, 39.33747727917864)	(35, 39.32140632028006)	(40, 39.3367331853561)	(45, 39.259094870224466)	(50, 39.30580807563424)	(55, 39.258572713718856)	(60, 39.18737101567498)	(65, 39.199865669087686)	(70, 39.147342431866505)	(75, 39.16459158725431)	(80, 39.12613339815737)	(85, 39.093642257469675)	(90, 39.0766652719653)	(95, 39.03803408575189)	(100, 39.01705510029299)	(105, 38.96298976044444)	(110, 38.95625152601791)	(115, 38.876919009391045)	(120, 38.83589517911189)	(125, 38.85441918919745)	(130, 38.85128094886512)	(135, 38.80414718161992)	(140, 38.74824306140813)	(145, 38.76554838949947)	(150, 38.559308933929074)
trimmed_fastp | fastqc_results | RNP_Cas3_S67_L002_R2_filtered	(1, 39.05527034884206)	(2, 39.13739647803355)	(3, 39.3103166667538)	(4, 39.36663281722671)	(5, 39.33923853457199)	(6, 39.44104929287176)	(7, 39.45954000967627)	(8, 39.465452143650374)	(9, 39.48480239112692)	(10, 39.499233941048836)	(15, 39.510541812440756)	(20, 39.492104938495544)	(25, 39.490922458401066)	(30, 39.44330217295554)	(35, 39.45350052808052)	(40, 39.43154830931732)	(45, 39.39866339204163)	(50, 39.39142655709516)	(55, 39.352242747263)	(60, 39.33832139831731)	(65, 39.295624316675536)	(70, 39.235793635512096)	(75, 39.19443578498821)	(80, 39.17851058045765)	(85, 39.15475785517088)	(90, 39.096462443951864)	(95, 39.0864383298137)	(100, 39.04652453503401)	(105, 39.00714841587216)	(110, 38.958319472764416)	(115, 38.93286263601621)	(120, 38.89552678889572)	(125, 38.865274708057065)	(130, 38.81035688096708)	(135, 38.787449591301524)	(140, 38.73921462046513)	(145, 38.70424471713431)	(150, 38.49221378000466)
trimmed_fastp | fastqc_results | RNP_Cas4_S68_L002_R1_filtered	(1, 38.93475140180062)	(2, 38.719624275230494)	(3, 38.88701188841369)	(4, 39.066744907124075)	(5, 39.19501647950507)	(6, 39.2839054397419)	(7, 39.22584109044389)	(8, 39.30895623491483)	(9, 39.27126751109147)	(10, 39.31305822788208)	(15, 39.35089367131259)	(20, 39.389524092119515)	(25, 39.31029053332138)	(30, 39.299160987651035)	(35, 39.282697105715656)	(40, 39.298637587267045)	(45, 39.21971798613954)	(50, 39.266925024816125)	(55, 39.217917875912555)	(60, 39.145017873437595)	(65, 39.15567537910187)	(70, 39.10214344795567)	(75, 39.1182357615025)	(80, 39.07786342882933)	(85, 39.04442174541568)	(90, 39.02500683948761)	(95, 38.98573000103256)	(100, 38.96250852107846)	(105, 38.90683331985868)	(110, 38.898687581613835)	(115, 38.81813073798194)	(120, 38.775993126620726)	(125, 38.794439425912365)	(130, 38.79116488671611)	(135, 38.74368092964295)	(140, 38.687416295663795)	(145, 38.70438658138154)	(150, 38.4974215936702)
trimmed_fastp | fastqc_results | RNP_Cas4_S68_L002_R2_filtered	(1, 38.88827993694938)	(2, 38.90686230487532)	(3, 39.12741338472137)	(4, 39.213834712987335)	(5, 39.21002805091902)	(6, 39.31597646756688)	(7, 39.339556242391076)	(8, 39.36048028906429)	(9, 39.361220023298586)	(10, 39.3865783833389)	(15, 39.39726990608077)	(20, 39.380754343717356)	(25, 39.400243317008794)	(30, 39.370287130644314)	(35, 39.38561854800025)	(40, 39.363584044006885)	(45, 39.33210337550859)	(50, 39.325066227573814)	(55, 39.2871080042348)	(60, 39.27397230753317)	(65, 39.23126180154826)	(70, 39.171571950906085)	(75, 39.12890518877557)	(80, 39.11257854068489)	(85, 39.088339898127614)	(90, 39.028683435008006)	(95, 39.01734362385871)	(100, 38.97555294039243)	(105, 38.93476091467554)	(110, 38.885291814549134)	(115, 38.85782273474629)	(120, 38.819607151361765)	(125, 38.786863821104575)	(130, 38.730446703856)	(135, 38.706160682993506)	(140, 38.657137667981985)	(145, 38.62071522131474)	(150, 38.408249071131046)
trimmed_trimmomatic | fastqc_results | Control_MNP_III_S56_L002_R1_paired	(1, 39.024014083350785)	(2, 38.75104912446786)	(3, 38.9350149568865)	(4, 39.13664083978342)	(5, 39.239003307013505)	(6, 39.30731792532671)	(7, 39.23614477448601)	(8, 39.332054271074696)	(9, 39.31601762360292)	(10, 39.35466328643193)	(15, 39.389064713119716)	(20, 39.42850440349289)	(25, 39.352269952529056)	(30, 39.3398588290147)	(35, 39.323738649429686)	(40, 39.33800615975962)	(45, 39.25773719706328)	(50, 39.30599020336096)	(55, 39.26396538446751)	(60, 39.19825741633197)	(65, 39.21834100662512)	(70, 39.17373979553672)	(75, 39.19950456480588)	(80, 39.170647235279304)	(85, 39.14715444388963)	(90, 39.13932598802072)	(95, 39.10955452648953)	(100, 39.09941369628475)	(105, 39.05373944299008)	(110, 39.05784090958838)	(115, 38.98887980861743)	(120, 38.96018287791988)	(125, 38.988301201867)	(130, 38.998046411616144)	(135, 38.962594352504006)	(140, 38.918687832395335)	(145, 38.95046984625543)	(150, 39.011516858572435)
trimmed_trimmomatic | fastqc_results | Control_MNP_III_S56_L002_R1_unpaired	(1, 35.79788113442423)	(2, 34.76203717981023)	(3, 35.00363975524357)	(4, 35.497085713641)	(5, 35.82136315941887)	(6, 36.10832615636882)	(7, 36.22322703904143)	(8, 36.378200581428146)	(9, 36.52684385307093)	(10, 36.63956013042644)	(15, 36.83781930597186)	(20, 36.90505616836595)	(25, 36.513394284252925)	(30, 36.29722065311004)	(35, 36.1763397104894)	(40, 36.05169625832559)	(45, 35.851163871724765)	(50, 35.84121764703187)	(55, 35.843049682930186)	(60, 35.83742002221544)	(65, 35.89044516051361)	(70, 35.890584287966256)	(75, 35.94687108146151)	(80, 35.94903022400747)	(85, 35.956243540835274)	(90, 35.97324778556603)	(95, 35.97413484239112)	(100, 35.993487086067724)	(105, 35.95661763067745)	(110, 35.99104931423508)	(115, 35.94350527790669)	(120, 35.94439573557423)	(125, 36.01379774430036)	(130, 36.045625383046115)	(135, 36.037762112235896)	(140, 36.024337379819436)	(145, 36.091459211821146)	(150, 36.85090073776215)
trimmed_trimmomatic | fastqc_results | Control_MNP_III_S56_L002_R2_paired	(1, 39.10835464844652)	(2, 39.1722078832228)	(3, 39.356271629602354)	(4, 39.40858632860679)	(5, 39.381250299321636)	(6, 39.491297294761864)	(7, 39.49715066278484)	(8, 39.50250018077794)	(9, 39.52622759031285)	(10, 39.53884944232611)	(15, 39.542393078330065)	(20, 39.52080435814578)	(25, 39.520434859023354)	(30, 39.46612573507043)	(35, 39.47398786893726)	(40, 39.44519217311698)	(45, 39.40846100237702)	(50, 39.4020423715029)	(55, 39.36603603370379)	(60, 39.36235792127236)	(65, 39.328443635452324)	(70, 39.28123025784096)	(75, 39.25005350406453)	(80, 39.2470171257224)	(85, 39.23523260472359)	(90, 39.18987095753029)	(95, 39.19232814082926)	(100, 39.164478596375275)	(105, 39.13794010260388)	(110, 39.103018386912254)	(115, 39.09261819589134)	(120, 39.06932620437218)	(125, 39.05284876810508)	(130, 39.01231021516299)	(135, 39.00517959048122)	(140, 38.971526730032146)	(145, 38.95718148810896)	(150, 39.041811947330714)
trimmed_trimmomatic | fastqc_results | Control_MNP_III_S56_L002_R2_unpaired	(1, 34.13288230392226)	(2, 33.7592293894154)	(3, 34.11783731868194)	(4, 34.32532026383808)	(5, 34.48456377734778)	(6, 34.74956568410051)	(7, 34.768268809762574)	(8, 34.8137399189277)	(9, 34.875710795045265)	(10, 34.96061072583721)	(15, 34.96735695823505)	(20, 34.90370587986045)	(25, 34.796702306464596)	(30, 34.579455092442196)	(35, 34.35299501419472)	(40, 34.10396519823166)	(45, 33.889748449880656)	(50, 33.81828510261746)	(55, 33.90237092284436)	(60, 33.98624813213991)	(65, 34.05315278509908)	(70, 34.08931073703947)	(75, 34.11615225104207)	(80, 34.15365460733745)	(85, 34.1832902037405)	(90, 34.219294537135184)	(95, 34.23856538610018)	(100, 34.234834708336585)	(105, 34.246518174001096)	(110, 34.2756337941915)	(115, 34.26660053979384)	(120, 34.28915724467762)	(125, 34.28187999573767)	(130, 34.26923502005547)	(135, 34.31621983020593)	(140, 34.309849437977554)	(145, 34.324130196903695)	(150, 35.4425735870356)
trimmed_trimmomatic | fastqc_results | Control_MNP_II_S55_L002_R1_paired	(1, 39.056536682039905)	(2, 38.83541477967985)	(3, 39.04180609464994)	(4, 39.17118283438924)	(5, 39.32019592527943)	(6, 39.37655460132098)	(7, 39.26555956318067)	(8, 39.386656398094715)	(9, 39.3529647764542)	(10, 39.39257792097943)	(15, 39.42218742510032)	(20, 39.457359368359384)	(25, 39.38310978049905)	(30, 39.37374621120445)	(35, 39.35555067414596)	(40, 39.3705823088852)	(45, 39.29163670732155)	(50, 39.339378281624604)	(55, 39.29737779370005)	(60, 39.23145423078862)	(65, 39.25101533628107)	(70, 39.20669099455969)	(75, 39.231932195323154)	(80, 39.203016844075975)	(85, 39.17952831832198)	(90, 39.17150823181619)	(95, 39.14222750083867)	(100, 39.131429775731554)	(105, 39.086161576856306)	(110, 39.09015876778598)	(115, 39.02133649143997)	(120, 38.99297199097672)	(125, 39.020396304980146)	(130, 39.02983690714624)	(135, 38.99392459115101)	(140, 38.950253237136145)	(145, 38.98173433104956)	(150, 39.03734260078902)
trimmed_trimmomatic | fastqc_results | Control_MNP_II_S55_L002_R1_unpaired	(1, 36.07241925479361)	(2, 35.29041221829561)	(3, 35.5996205515992)	(4, 35.93351729966359)	(5, 36.34766709898278)	(6, 36.58506575035636)	(7, 36.54395312998535)	(8, 36.77294552888298)	(9, 36.83081141000485)	(10, 36.90860960998044)	(15, 37.06219884495222)	(20, 37.11343922579964)	(25, 36.73605466455291)	(30, 36.53840487486982)	(35, 36.41711557829835)	(40, 36.29453632847269)	(45, 36.098770504382294)	(50, 36.08961149863626)	(55, 36.08045649264992)	(60, 36.06170802426457)	(65, 36.10927465017985)	(70, 36.09982238318436)	(75, 36.15617194276101)	(80, 36.15733166672508)	(85, 36.161885611512965)	(90, 36.16667918513413)	(95, 36.162053027997814)	(100, 36.180414731788844)	(105, 36.14466134848618)	(110, 36.166624689534885)	(115, 36.120585030654986)	(120, 36.11341791472588)	(125, 36.170535896862546)	(130, 36.19933475795185)	(135, 36.19444660257242)	(140, 36.177977539929316)	(145, 36.2337526547071)	(150, 36.95876389526574)
trimmed_trimmomatic | fastqc_results | Control_MNP_II_S55_L002_R2_paired	(1, 39.0951981124732)	(2, 39.1530414464413)	(3, 39.349458729438595)	(4, 39.40053697867955)	(5, 39.36076822686066)	(6, 39.461056082821486)	(7, 39.47750204257083)	(8, 39.49112290480403)	(9, 39.5072617451036)	(10, 39.51759666008134)	(15, 39.52439979737875)	(20, 39.50467641384505)	(25, 39.49566910406419)	(30, 39.44736572700845)	(35, 39.45220324429458)	(40, 39.425168747116075)	(45, 39.38668509896381)	(50, 39.379017645772706)	(55, 39.34552171322807)	(60, 39.33888658385494)	(65, 39.303862728692536)	(70, 39.25376692625069)	(75, 39.22103828379524)	(80, 39.216349959884454)	(85, 39.20299065471278)	(90, 39.15593033294216)	(95, 39.156532010047066)	(100, 39.12765002364895)	(105, 39.09958836336823)	(110, 39.064244340935296)	(115, 39.052520698747784)	(120, 39.02799954931406)	(125, 39.01071145522687)	(130, 38.96939977886561)	(135, 38.961255428736294)	(140, 38.92704588515401)	(145, 38.91201102244586)	(150, 39.00782929031642)
trimmed_trimmomatic | fastqc_results | Control_MNP_II_S55_L002_R2_unpaired	(1, 34.483941840822276)	(2, 33.91088941326404)	(3, 34.2628911656063)	(4, 34.42344952557325)	(5, 34.474479856361036)	(6, 34.739923202272735)	(7, 34.81273501465264)	(8, 34.84801085921191)	(9, 34.912638436698295)	(10, 34.98827656474539)	(15, 35.001610296338335)	(20, 34.95686649342373)	(25, 34.80833955613967)	(30, 34.546948501714176)	(35, 34.29448642764452)	(40, 34.041675212654035)	(45, 33.79345393961721)	(50, 33.70281690019146)	(55, 33.79239098850375)	(60, 33.882879629614884)	(65, 33.93774868608901)	(70, 33.99207198064203)	(75, 34.02658723419928)	(80, 34.06371971542011)	(85, 34.080418320779)	(90, 34.09774484489238)	(95, 34.12011529441224)	(100, 34.127181133464916)	(105, 34.118401613857465)	(110, 34.155892211800555)	(115, 34.16089411324924)	(120, 34.16727745957852)	(125, 34.17735234843903)	(130, 34.1602440650383)	(135, 34.20129634532835)	(140, 34.18499525141792)	(145, 34.22586971506318)	(150, 35.35612324609731)
trimmed_trimmomatic | fastqc_results | Control_MNP_I_S54_L002_R1_paired	(1, 39.01412600348239)	(2, 38.74076399445222)	(3, 38.9593815442308)	(4, 39.148606405091904)	(5, 39.290179076174)	(6, 39.35680415766629)	(7, 39.27647724470248)	(8, 39.426619930953365)	(9, 39.365621009221194)	(10, 39.400408138594905)	(15, 39.43044334875855)	(20, 39.464972922096116)	(25, 39.39170707315898)	(30, 39.37956186965694)	(35, 39.36307141164846)	(40, 39.37782494373517)	(45, 39.29824271433886)	(50, 39.34610670019008)	(55, 39.30443017009266)	(60, 39.240004185345846)	(65, 39.2593303044864)	(70, 39.215708289479494)	(75, 39.241420238141714)	(80, 39.21288104239502)	(85, 39.19042157365472)	(90, 39.18251313435874)	(95, 39.15412364774163)	(100, 39.143253428530194)	(105, 39.099906341800256)	(110, 39.1033271446003)	(115, 39.03646598022296)	(120, 39.007133119854394)	(125, 39.03615566042207)	(130, 39.04527437453742)	(135, 39.01048497483923)	(140, 38.966817235313925)	(145, 38.99920161750461)	(150, 39.05389439901354)
trimmed_trimmomatic | fastqc_results | Control_MNP_I_S54_L002_R1_unpaired	(1, 35.99609545963103)	(2, 35.13661663395267)	(3, 35.415395492279785)	(4, 35.83660434173615)	(5, 36.15757603753745)	(6, 36.40501522434078)	(7, 36.435928974476816)	(8, 36.71487538276161)	(9, 36.74046276671957)	(10, 36.80855162456909)	(15, 36.97179977623468)	(20, 37.022591684667844)	(25, 36.64465973657076)	(30, 36.432285310957845)	(35, 36.3092908017422)	(40, 36.18771639585948)	(45, 35.98940551865716)	(50, 35.9726646910995)	(55, 35.96268569687332)	(60, 35.94917545265503)	(65, 35.99229875603693)	(70, 35.99323592013756)	(75, 36.04590881644775)	(80, 36.0481120288679)	(85, 36.05703692685715)	(90, 36.06428436917458)	(95, 36.069102020774054)	(100, 36.076772679186305)	(105, 36.04854437768524)	(110, 36.07049351694765)	(115, 36.0402169691845)	(120, 36.029203644276194)	(125, 36.09467820676382)	(130, 36.1268659867864)	(135, 36.12559829068094)	(140, 36.11568983547808)	(145, 36.17192471893198)	(150, 36.91170735341303)
trimmed_trimmomatic | fastqc_results | Control_MNP_I_S54_L002_R2_paired	(1, 39.11969202783198)	(2, 39.16633460208653)	(3, 39.37230577684575)	(4, 39.41574094065939)	(5, 39.39268298634938)	(6, 39.49521140481555)	(7, 39.50262971616927)	(8, 39.51800813937064)	(9, 39.53418440319201)	(10, 39.54571324378581)	(15, 39.55093452464259)	(20, 39.53079233453712)	(25, 39.52515898794091)	(30, 39.47578761711537)	(35, 39.483901210821074)	(40, 39.4552152640835)	(45, 39.4172297243791)	(50, 39.409549289176674)	(55, 39.37725967027482)	(60, 39.37038705770259)	(65, 39.33700211861386)	(70, 39.28679065799385)	(75, 39.25637897273826)	(80, 39.25244863891668)	(85, 39.240566595230476)	(90, 39.19471462674818)	(95, 39.196862651808644)	(100, 39.16941492458665)	(105, 39.14215080070731)	(110, 39.10847187821688)	(115, 39.09751327278854)	(120, 39.07478796548268)	(125, 39.05819386378592)	(130, 39.01849488858022)	(135, 39.0109063649076)	(140, 38.97821932288712)	(145, 38.9637754794245)	(150, 39.051151901976226)
trimmed_trimmomatic | fastqc_results | Control_MNP_I_S54_L002_R2_unpaired	(1, 34.452981520289576)	(2, 33.93343493998857)	(3, 34.31787007048962)	(4, 34.45895091128469)	(5, 34.60230520099066)	(6, 34.8133644503715)	(7, 34.88879469105226)	(8, 34.93629262716708)	(9, 35.01507271226265)	(10, 35.075159712961195)	(15, 35.05498825173049)	(20, 35.01441861941957)	(25, 34.86356131326602)	(30, 34.6507449037912)	(35, 34.412129929510385)	(40, 34.15804216676192)	(45, 33.94155775703309)	(50, 33.837795890275466)	(55, 33.920792123946896)	(60, 33.998632538683076)	(65, 34.06567821344278)	(70, 34.1058874331442)	(75, 34.1198475073498)	(80, 34.156293046278314)	(85, 34.1587165517088)	(90, 34.181893352978705)	(95, 34.22644464257458)	(100, 34.24531724474499)	(105, 34.22795392221802)	(110, 34.25174924591105)	(115, 34.28100910748846)	(120, 34.28180245388843)	(125, 34.27412629835301)	(130, 34.2506959974933)	(135, 34.288086393879176)	(140, 34.29215616398695)	(145, 34.320471806066415)	(150, 35.44784815852991)
trimmed_trimmomatic | fastqc_results | Only_MNP_C1_S57_L002_R1_paired	(1, 38.99155107202419)	(2, 38.86527937147631)	(3, 39.014265876670635)	(4, 39.14003251986708)	(5, 39.25931643600899)	(6, 39.30144305138137)	(7, 39.28111320828105)	(8, 39.3612200762335)	(9, 39.32226710715209)	(10, 39.35866704516731)	(15, 39.38972776926771)	(20, 39.426603374131126)	(25, 39.3515952003072)	(30, 39.338813790358664)	(35, 39.322484413650514)	(40, 39.33546719444115)	(45, 39.25629021890396)	(50, 39.30212770307562)	(55, 39.25909579430704)	(60, 39.1927297366992)	(65, 39.21089698241871)	(70, 39.16597562031963)	(75, 39.190042385179616)	(80, 39.160573013029186)	(85, 39.13592703724081)	(90, 39.12754831667004)	(95, 39.09715568183402)	(100, 39.08589838557807)	(105, 39.039636476550406)	(110, 39.04350110555148)	(115, 38.97416940068732)	(120, 38.94542433881917)	(125, 38.973499298247546)	(130, 38.98277025299771)	(135, 38.9471713873512)	(140, 38.903381525597)	(145, 38.93563050997532)	(150, 38.997883184200546)
trimmed_trimmomatic | fastqc_results | Only_MNP_C1_S57_L002_R1_unpaired	(1, 35.71163728116116)	(2, 34.860902011888136)	(3, 35.11303138421301)	(4, 35.52964866155696)	(5, 35.853682190895135)	(6, 36.06971611108625)	(7, 36.23975266679513)	(8, 36.357566520340335)	(9, 36.442701232191304)	(10, 36.52749769186725)	(15, 36.70111493542251)	(20, 36.761249487462116)	(25, 36.34188619421556)	(30, 36.106086804055735)	(35, 35.971260802106954)	(40, 35.828952157955726)	(45, 35.61379783953295)	(50, 35.588453949640794)	(55, 35.572378874045484)	(60, 35.55069282746881)	(65, 35.59851734175804)	(70, 35.59178591452961)	(75, 35.6399887741633)	(80, 35.64250286798349)	(85, 35.64929703894593)	(90, 35.66095202872633)	(95, 35.65657976817662)	(100, 35.667054540148754)	(105, 35.63585468674811)	(110, 35.66317833037184)	(115, 35.61880070847986)	(120, 35.622216080675784)	(125, 35.67525642397924)	(130, 35.712806240536295)	(135, 35.71150642671465)	(140, 35.7032271906559)	(145, 35.77104536081785)	(150, 36.594021126257694)
trimmed_trimmomatic | fastqc_results | Only_MNP_C1_S57_L002_R2_paired	(1, 39.07006964606558)	(2, 39.136162563540836)	(3, 39.32054332560827)	(4, 39.370955994960056)	(5, 39.35184531019376)	(6, 39.4531232637103)	(7, 39.46827756252326)	(8, 39.49144872977686)	(9, 39.50821037157297)	(10, 39.522258020301706)	(15, 39.531085510930225)	(20, 39.511191948285045)	(25, 39.5052640188102)	(30, 39.455278403074644)	(35, 39.463423049146876)	(40, 39.43408284255393)	(45, 39.39491552090929)	(50, 39.38674190487533)	(55, 39.35288155270773)	(60, 39.34568205212082)	(65, 39.310941381549426)	(70, 39.25976100578911)	(75, 39.228208258115544)	(80, 39.22260099881737)	(85, 39.20938411696579)	(90, 39.162527856791336)	(95, 39.16313929144204)	(100, 39.13419338998794)	(105, 39.106359879375034)	(110, 39.071019402375306)	(115, 39.058748455044324)	(120, 39.034734953655274)	(125, 39.01736728457365)	(130, 38.97639751235866)	(135, 38.96748582823729)	(140, 38.93443719707459)	(145, 38.918755022002514)	(150, 39.014210695325986)
trimmed_trimmomatic | fastqc_results | Only_MNP_C1_S57_L002_R2_unpaired	(1, 34.16212592648807)	(2, 33.7265834769819)	(3, 34.061019019431406)	(4, 34.270561620717196)	(5, 34.43439687478543)	(6, 34.679596844429504)	(7, 34.72418752732936)	(8, 34.846673677439405)	(9, 34.92418246800883)	(10, 35.00848520329434)	(15, 35.03725177708634)	(20, 35.00311654144848)	(25, 34.846979404951625)	(30, 34.61404756484062)	(35, 34.37187306887542)	(40, 34.11397059089249)	(45, 33.87242850999397)	(50, 33.78865291093847)	(55, 33.86663412357336)	(60, 33.94821946855756)	(65, 33.99681126582986)	(70, 34.03923271272804)	(75, 34.04850074080159)	(80, 34.086716523885414)	(85, 34.09828769738631)	(90, 34.11397980069449)	(95, 34.14986120242926)	(100, 34.1612020692538)	(105, 34.14802937593907)	(110, 34.17673067047819)	(115, 34.199559415410235)	(120, 34.212489897719976)	(125, 34.20800139141395)	(130, 34.176090101610114)	(135, 34.19997350901972)	(140, 34.19942852202688)	(145, 34.23690648270557)	(150, 35.3970584068295)
trimmed_trimmomatic | fastqc_results | Only_MNP_C2_S58_L002_R1_paired	(1, 39.010997404591315)	(2, 38.90015001694825)	(3, 39.047601215953954)	(4, 39.149284210543804)	(5, 39.305356636071195)	(6, 39.331868337010995)	(7, 39.26273075376517)	(8, 39.39189862785628)	(9, 39.32822184596366)	(10, 39.36208512009996)	(15, 39.391615560488646)	(20, 39.42523863137886)	(25, 39.34917628839942)	(30, 39.338040905103085)	(35, 39.321155023328764)	(40, 39.33623529157639)	(45, 39.25526443093754)	(50, 39.304914092863946)	(55, 39.26071542547781)	(60, 39.19474751756364)	(65, 39.21409319225817)	(70, 39.1693298432928)	(75, 39.19501253942854)	(80, 39.16508949307092)	(85, 39.141734243394126)	(90, 39.132448617064156)	(95, 39.10425122934887)	(100, 39.09125057569271)	(105, 39.04733797908631)	(110, 39.049851969785195)	(115, 38.982405923420735)	(120, 38.95195326044799)	(125, 38.98237774925642)	(130, 38.99116389808056)	(135, 38.95697715778788)	(140, 38.91293330805997)	(145, 38.94589209077074)	(150, 39.006367194191775)
trimmed_trimmomatic | fastqc_results | Only_MNP_C2_S58_L002_R1_unpaired	(1, 35.79476099719076)	(2, 35.049722524858424)	(3, 35.282289498276945)	(4, 35.547946551663856)	(5, 35.936347495447855)	(6, 36.102650211236394)	(7, 36.093751919364486)	(8, 36.33191186183788)	(9, 36.33413525365849)	(10, 36.38018639450512)	(15, 36.510650075168215)	(20, 36.538606605165114)	(25, 36.08412717461043)	(30, 35.830878027162605)	(35, 35.6785852311222)	(40, 35.52204880878925)	(45, 35.28651592706368)	(50, 35.276058816577915)	(55, 35.27271839336673)	(60, 35.27078143302626)	(65, 35.33042368878829)	(70, 35.32899215590571)	(75, 35.39439297046069)	(80, 35.40340049995915)	(85, 35.42598777701539)	(90, 35.44018972017284)	(95, 35.45067286966876)	(100, 35.46897264268372)	(105, 35.44439274955255)	(110, 35.47759899212808)	(115, 35.44678389571685)	(120, 35.45283456374413)	(125, 35.52828137483745)	(130, 35.562991006463385)	(135, 35.56423560900914)	(140, 35.563424348209644)	(145, 35.63284132312247)	(150, 36.488704932322435)
trimmed_trimmomatic | fastqc_results | Only_MNP_C2_S58_L002_R2_paired	(1, 39.12271430399181)	(2, 39.180730303473396)	(3, 39.36164344867006)	(4, 39.41655378909729)	(5, 39.396399277539246)	(6, 39.49725842926265)	(7, 39.50626667408845)	(8, 39.51442076858658)	(9, 39.53005494058142)	(10, 39.546531686583634)	(15, 39.55123032175092)	(20, 39.52846582933443)	(25, 39.52474001880923)	(30, 39.472625774302465)	(35, 39.48250327666192)	(40, 39.453977904132714)	(45, 39.416039652261766)	(50, 39.406956382840036)	(55, 39.373521387056755)	(60, 39.364650259525874)	(65, 39.33037642962429)	(70, 39.27876784483772)	(75, 39.246705468142714)	(80, 39.24119786415338)	(85, 39.22887814093995)	(90, 39.18186085395684)	(95, 39.18361442165997)	(100, 39.15530302104121)	(105, 39.127324369504144)	(110, 39.09251444490284)	(115, 39.08113136537362)	(120, 39.05807200111794)	(125, 39.03989040417871)	(130, 39.00005851074776)	(135, 38.990883974736924)	(140, 38.957893239432245)	(145, 38.942363151701784)	(150, 39.03464183745)
trimmed_trimmomatic | fastqc_results | Only_MNP_C2_S58_L002_R2_unpaired	(1, 34.289941893608294)	(2, 33.72394296705971)	(3, 34.002706964432754)	(4, 34.20052205742632)	(5, 34.37392446502449)	(6, 34.630546026729604)	(7, 34.61086052799141)	(8, 34.672060593331935)	(9, 34.75186937229762)	(10, 34.823765947587574)	(15, 34.81393886660866)	(20, 34.750825924185)	(25, 34.60076275056923)	(30, 34.383842889384496)	(35, 34.14593805318585)	(40, 33.86559588221371)	(45, 33.64261002043558)	(50, 33.54725938650203)	(55, 33.62846600743451)	(60, 33.70528262691097)	(65, 33.77591187460131)	(70, 33.809289655393805)	(75, 33.83317433547118)	(80, 33.86563771133702)	(85, 33.88493512751583)	(90, 33.91667788398796)	(95, 33.947489218022696)	(100, 33.95523999559084)	(105, 33.932095445466)	(110, 33.9542081272732)	(115, 33.977248352324466)	(120, 33.980878757604195)	(125, 33.98650926205297)	(130, 33.959390848322)	(135, 33.98188840688714)	(140, 33.98553674851237)	(145, 34.022650595792506)	(150, 35.18693898526806)
trimmed_trimmomatic | fastqc_results | Only_MNP_C3_S59_L002_R1_paired	(1, 39.02299168367422)	(2, 38.823105065616076)	(3, 38.99525440272642)	(4, 39.155559346753954)	(5, 39.24901768555869)	(6, 39.32232882224453)	(7, 39.2620856224221)	(8, 39.3730713363416)	(9, 39.3374870192797)	(10, 39.37644255210351)	(15, 39.40876085329521)	(20, 39.447351952695776)	(25, 39.37463771456946)	(30, 39.362593736737146)	(35, 39.34672144800163)	(40, 39.360411639598006)	(45, 39.2818683845721)	(50, 39.32722188927683)	(55, 39.28484478232271)	(60, 39.21872704307323)	(65, 39.2366937086544)	(70, 39.19175933115848)	(75, 39.21635063897115)	(80, 39.18659045409767)	(85, 39.16223981081443)	(90, 39.15337185352108)	(95, 39.12344123315173)	(100, 39.11207543274837)	(105, 39.066100215196215)	(110, 39.06970177434757)	(115, 39.000531945382185)	(120, 38.97119172518526)	(125, 38.99768913593336)	(130, 39.006984608138296)	(135, 38.970734652247714)	(140, 38.92681849018105)	(145, 38.95817863072206)	(150, 39.01857002196086)
trimmed_trimmomatic | fastqc_results | Only_MNP_C3_S59_L002_R1_unpaired	(1, 35.42232324285128)	(2, 34.55181226910684)	(3, 34.8464718055344)	(4, 35.26137083390124)	(5, 35.575319609137466)	(6, 35.879662516268866)	(7, 35.95449172102984)	(8, 36.11095343340968)	(9, 36.20317261788635)	(10, 36.29296071509064)	(15, 36.469124657140085)	(20, 36.5286226006487)	(25, 36.081597052406906)	(30, 35.83920687225345)	(35, 35.68988947416714)	(40, 35.53873018672781)	(45, 35.31172418339431)	(50, 35.28548014356615)	(55, 35.27129107509465)	(60, 35.25260472302217)	(65, 35.30042966029442)	(70, 35.29048695259918)	(75, 35.34143451858462)	(80, 35.34643274907982)	(85, 35.34935638227969)	(90, 35.35712789463236)	(95, 35.35610198014727)	(100, 35.36440190399145)	(105, 35.3253508379463)	(110, 35.35449057063065)	(115, 35.308373160758435)	(120, 35.30634461575708)	(125, 35.37219515811652)	(130, 35.409447389513026)	(135, 35.395909515057966)	(140, 35.3914236964291)	(145, 35.451515490060835)	(150, 36.35245949964569)
trimmed_trimmomatic | fastqc_results | Only_MNP_C3_S59_L002_R2_paired	(1, 39.06434027143641)	(2, 39.14165734806156)	(3, 39.32860485563603)	(4, 39.39186724014874)	(5, 39.36435176639867)	(6, 39.45814988120031)	(7, 39.47464433793906)	(8, 39.48609865996264)	(9, 39.508236759436194)	(10, 39.52275357210514)	(15, 39.53073174684636)	(20, 39.50978878307525)	(25, 39.50601768924879)	(30, 39.45650608768669)	(35, 39.463981087616524)	(40, 39.4336198690026)	(45, 39.39470577499)	(50, 39.38532114700526)	(55, 39.351467439487905)	(60, 39.34307873228181)	(65, 39.308886346434676)	(70, 39.25779797177793)	(75, 39.227273421581394)	(80, 39.221360253901096)	(85, 39.20818654378782)	(90, 39.16154700196001)	(95, 39.162711965856396)	(100, 39.13390325778415)	(105, 39.10608929806757)	(110, 39.070662699310205)	(115, 39.058971951449884)	(120, 39.0346580370379)	(125, 39.017901625746745)	(130, 38.977261248232296)	(135, 38.968329045351105)	(140, 38.93530253079614)	(145, 38.92000654366132)	(150, 39.01522560245813)
trimmed_trimmomatic | fastqc_results | Only_MNP_C3_S59_L002_R2_unpaired	(1, 34.121742787450586)	(2, 33.660068971318026)	(3, 34.01672470350744)	(4, 34.25333669778787)	(5, 34.36791319707292)	(6, 34.560100933636136)	(7, 34.66094372949785)	(8, 34.71365800319623)	(9, 34.811321389519726)	(10, 34.88735200605602)	(15, 34.907228530574486)	(20, 34.85497249558416)	(25, 34.71995357052738)	(30, 34.467349650937834)	(35, 34.23358331230549)	(40, 33.96270367566658)	(45, 33.71833257633106)	(50, 33.64281806909736)	(55, 33.7248695837028)	(60, 33.80101108294399)	(65, 33.87311956457948)	(70, 33.90355374548712)	(75, 33.93698639479462)	(80, 33.966118126728915)	(85, 34.00546718600468)	(90, 34.031164298323446)	(95, 34.05790972313341)	(100, 34.0545806677303)	(105, 34.066104902305845)	(110, 34.08807136916584)	(115, 34.10860975287365)	(120, 34.118925633759474)	(125, 34.12751520458171)	(130, 34.119615468545035)	(135, 34.15434934968173)	(140, 34.14753754547045)	(145, 34.18877552989509)	(150, 35.314041532414294)
trimmed_trimmomatic | fastqc_results | Only_MNP_C4_S60_L002_R1_paired	(1, 38.98941260252628)	(2, 38.82700134923019)	(3, 38.98147489846654)	(4, 39.13470936758946)	(5, 39.219479983478486)	(6, 39.262585219837774)	(7, 39.19680463931194)	(8, 39.35108476016345)	(9, 39.28641223808899)	(10, 39.32342794477677)	(15, 39.35909280847529)	(20, 39.39562103202594)	(25, 39.31902202681856)	(30, 39.30551751659092)	(35, 39.2894115190011)	(40, 39.304888785710816)	(45, 39.223913918302)	(50, 39.2730229947406)	(55, 39.228886971441796)	(60, 39.16343015125854)	(65, 39.181117807546286)	(70, 39.1363793032054)	(75, 39.1606273144778)	(80, 39.130035356510426)	(85, 39.1064182144408)	(90, 39.09572737509997)	(95, 39.06630581982352)	(100, 39.05276755331667)	(105, 39.00733811658516)	(110, 39.009835072839806)	(115, 38.94120222894407)	(120, 38.910147916477314)	(125, 38.93947597001868)	(130, 38.947939696181564)	(135, 38.912839924320124)	(140, 38.868483546939274)	(145, 38.90036027642892)	(150, 38.96839104861382)
trimmed_trimmomatic | fastqc_results | Only_MNP_C4_S60_L002_R1_unpaired	(1, 35.364299168280304)	(2, 34.430580982734455)	(3, 34.74057127205014)	(4, 35.182357905957346)	(5, 35.54324967184157)	(6, 35.76241907419309)	(7, 35.85234809626861)	(8, 36.14737716644377)	(9, 36.17426181885985)	(10, 36.277870447755774)	(15, 36.476308817911885)	(20, 36.54535698109098)	(25, 36.09859124949363)	(30, 35.86473091008995)	(35, 35.73189006878333)	(40, 35.599413563771634)	(45, 35.38590902978136)	(50, 35.37191994189624)	(55, 35.36394016550623)	(60, 35.35301970810097)	(65, 35.39956008479586)	(70, 35.394713666369974)	(75, 35.4489334665526)	(80, 35.45349145264343)	(85, 35.456856419150405)	(90, 35.46946749391542)	(95, 35.47554442178229)	(100, 35.48828274112046)	(105, 35.45571603180211)	(110, 35.481754135972324)	(115, 35.44777350368065)	(120, 35.442274028289624)	(125, 35.503858344301975)	(130, 35.538008306319256)	(135, 35.536791127855096)	(140, 35.52734816354489)	(145, 35.58918233502003)	(150, 36.4621380462098)
trimmed_trimmomatic | fastqc_results | Only_MNP_C4_S60_L002_R2_paired	(1, 39.01379077891113)	(2, 39.07614875139618)	(3, 39.28030537534344)	(4, 39.34100221718212)	(5, 39.31327051372808)	(6, 39.41960415446522)	(7, 39.446594483695094)	(8, 39.463163913824765)	(9, 39.47579713499299)	(10, 39.484987167799666)	(15, 39.49595737921258)	(20, 39.47639324527408)	(25, 39.46634466772793)	(30, 39.41988315970188)	(35, 39.42494754806074)	(40, 39.399872258872705)	(45, 39.36369272903675)	(50, 39.35634947351833)	(55, 39.323922323591546)	(60, 39.3173529441033)	(65, 39.283740966879314)	(70, 39.23267940506189)	(75, 39.20095509781997)	(80, 39.19510722656448)	(85, 39.18247605097089)	(90, 39.134940266002204)	(95, 39.13560198536922)	(100, 39.10611883012565)	(105, 39.0780563253926)	(110, 39.04223702201988)	(115, 39.02974214611461)	(120, 39.00600845318829)	(125, 38.98697755842169)	(130, 38.94618860106935)	(135, 38.9361856747315)	(140, 38.90286533153828)	(145, 38.88623940326888)	(150, 38.984321620724685)
trimmed_trimmomatic | fastqc_results | Only_MNP_C4_S60_L002_R2_unpaired	(1, 34.04805596309364)	(2, 33.40022665181338)	(3, 33.80533626974776)	(4, 33.941982272361)	(5, 34.04541062181572)	(6, 34.355438840929594)	(7, 34.45343525174082)	(8, 34.536741029435845)	(9, 34.560160646696055)	(10, 34.63155725205544)	(15, 34.63723638885233)	(20, 34.60852544696316)	(25, 34.44648481015503)	(30, 34.23849742047121)	(35, 34.02200256187177)	(40, 33.78664423691214)	(45, 33.568571162569704)	(50, 33.50455486625854)	(55, 33.60583747184024)	(60, 33.689548087217155)	(65, 33.75766171208479)	(70, 33.7877376884825)	(75, 33.80445895255384)	(80, 33.84860479164734)	(85, 33.87016331211034)	(90, 33.884217656291064)	(95, 33.9172905756172)	(100, 33.906789819978016)	(105, 33.920931321924556)	(110, 33.95111646502344)	(115, 33.96953986947352)	(120, 33.971961001167294)	(125, 33.98023223746607)	(130, 33.951788426465974)	(135, 33.97424687694992)	(140, 33.97218556845764)	(145, 33.994906136758075)	(150, 35.20529341723166)
trimmed_trimmomatic | fastqc_results | Plasmid_Ko_P1_S61_L002_R1_paired	(1, 39.02006132480966)	(2, 38.80615907090495)	(3, 38.96937972773995)	(4, 39.1233979882117)	(5, 39.26788943636784)	(6, 39.32671947083298)	(7, 39.271455827848705)	(8, 39.37313371070029)	(9, 39.339011503021645)	(10, 39.37495542695666)	(15, 39.40588890023331)	(20, 39.44319310980651)	(25, 39.36943878425713)	(30, 39.356290295566026)	(35, 39.34093892947668)	(40, 39.354588376679715)	(45, 39.276061352919534)	(50, 39.32231408109696)	(55, 39.280500592357825)	(60, 39.21539155888537)	(65, 39.23423773279059)	(70, 39.19005663811733)	(75, 39.21545154471595)	(80, 39.186921211101456)	(85, 39.16324895719864)	(90, 39.155270311639285)	(95, 39.12626830878535)	(100, 39.11552678755466)	(105, 39.070664298467406)	(110, 39.07467870701835)	(115, 39.00669877346127)	(120, 38.978139233191335)	(125, 39.00599401193997)	(130, 39.01566567821626)	(135, 38.98004786974413)	(140, 38.93617179504123)	(145, 38.96868541171309)	(150, 39.028225438053596)
trimmed_trimmomatic | fastqc_results | Plasmid_Ko_P1_S61_L002_R1_unpaired	(1, 35.882468398663256)	(2, 34.991157384852215)	(3, 35.21261812074582)	(4, 35.57795307701527)	(5, 35.9561581553318)	(6, 36.239489179820595)	(7, 36.290530728126555)	(8, 36.502346460541325)	(9, 36.555192020633285)	(10, 36.645997475317415)	(15, 36.821961469794864)	(20, 36.88437498540758)	(25, 36.48159254238027)	(30, 36.2570766603835)	(35, 36.12935900768456)	(40, 36.00043598248599)	(45, 35.79267219440367)	(50, 35.78430259791489)	(55, 35.7717532841668)	(60, 35.75348633258269)	(65, 35.808556486058386)	(70, 35.80535297123421)	(75, 35.8610102394585)	(80, 35.864932706614994)	(85, 35.870924599313255)	(90, 35.88235668534425)	(95, 35.8803934524694)	(100, 35.89377963093243)	(105, 35.867300226769814)	(110, 35.89737707944038)	(115, 35.87030865684583)	(120, 35.850599907177624)	(125, 35.91448642616224)	(130, 35.94919522761419)	(135, 35.948570579692316)	(140, 35.9419603641648)	(145, 36.00322893126889)	(150, 36.78092806420766)
trimmed_trimmomatic | fastqc_results | Plasmid_Ko_P1_S61_L002_R2_paired	(1, 39.089527898994206)	(2, 39.13214023050593)	(3, 39.334495718390414)	(4, 39.39884958420319)	(5, 39.3551150982749)	(6, 39.455840751200185)	(7, 39.48597218733001)	(8, 39.49803141047554)	(9, 39.51497056518578)	(10, 39.52574354738041)	(15, 39.5372866175329)	(20, 39.519053159625614)	(25, 39.511430855516736)	(30, 39.466207540928934)	(35, 39.473677589148565)	(40, 39.4451208763523)	(45, 39.4071500050929)	(50, 39.39983148896538)	(55, 39.36734351514456)	(60, 39.36095497934187)	(65, 39.32721561211091)	(70, 39.27739564407032)	(75, 39.247664355187524)	(80, 39.24248258135847)	(85, 39.22977808350829)	(90, 39.18400024537762)	(95, 39.18492656169636)	(100, 39.15664453165377)	(105, 39.12973893850888)	(110, 39.094825800743436)	(115, 39.08333442498525)	(120, 39.05981898201972)	(125, 39.0433324892181)	(130, 39.00323414022034)	(135, 38.99484776035266)	(140, 38.96283381000974)	(145, 38.94770730644717)	(150, 39.039031500102446)
trimmed_trimmomatic | fastqc_results | Plasmid_Ko_P1_S61_L002_R2_unpaired	(1, 34.16332909047373)	(2, 33.741250677387235)	(3, 34.08258138098779)	(4, 34.21622830785517)	(5, 34.31479602767521)	(6, 34.568365700891)	(7, 34.704066843942584)	(8, 34.734186946275315)	(9, 34.79750217394044)	(10, 34.87471549735976)	(15, 34.895440396224274)	(20, 34.863690783752794)	(25, 34.70971719870446)	(30, 34.494323810003905)	(35, 34.27352518620272)	(40, 34.03522161589938)	(45, 33.812861535747146)	(50, 33.74629285676965)	(55, 33.824318910294025)	(60, 33.90644661824294)	(65, 33.984824434801894)	(70, 34.01688930096472)	(75, 34.026189428912446)	(80, 34.06721454298005)	(85, 34.08204611525528)	(90, 34.11946783542221)	(95, 34.133418856590815)	(100, 34.13787742720367)	(105, 34.11395388250771)	(110, 34.15430505746802)	(115, 34.184649619145134)	(120, 34.182107175690284)	(125, 34.197202964161626)	(130, 34.1706342451756)	(135, 34.19808320851568)	(140, 34.201917039839934)	(145, 34.23026036368774)	(150, 35.36492685569398)
trimmed_trimmomatic | fastqc_results | Plasmid_Ko_P2_S62_L002_R1_paired	(1, 38.985003949352866)	(2, 38.844142719872416)	(3, 39.001005041113885)	(4, 39.10725665914972)	(5, 39.262046930877005)	(6, 39.27299606366451)	(7, 39.251089762268485)	(8, 39.31384734391657)	(9, 39.28516110436909)	(10, 39.324892828157964)	(15, 39.36087077495783)	(20, 39.39691222597657)	(25, 39.319106150149466)	(30, 39.30796796160628)	(35, 39.292734480214314)	(40, 39.308420871584914)	(45, 39.227114950712775)	(50, 39.27729030890867)	(55, 39.23207967195633)	(60, 39.16554067776855)	(65, 39.184409527078266)	(70, 39.13918723337059)	(75, 39.16271471550634)	(80, 39.13233107260491)	(85, 39.10757475212933)	(90, 39.09704730972713)	(95, 39.066796548889315)	(100, 39.05357358710578)	(105, 39.00709713356377)	(110, 39.009768591415266)	(115, 38.938951194026096)	(120, 38.90903443757209)	(125, 38.93861026358726)	(130, 38.946796285484496)	(135, 38.91111110315043)	(140, 38.867105074468945)	(145, 38.89944648627139)	(150, 38.96435472416432)
trimmed_trimmomatic | fastqc_results | Plasmid_Ko_P2_S62_L002_R1_unpaired	(1, 35.41716107664627)	(2, 34.653139850992254)	(3, 35.0343578861868)	(4, 35.422579253827905)	(5, 35.82234533717213)	(6, 35.97473983462124)	(7, 36.11883548544002)	(8, 36.20890835220985)	(9, 36.29400537410137)	(10, 36.37988804742558)	(15, 36.550449652037166)	(20, 36.611622478036864)	(25, 36.16734894981496)	(30, 35.93353256651907)	(35, 35.7969597131294)	(40, 35.674201322589326)	(45, 35.45498332202579)	(50, 35.45106482335093)	(55, 35.43578879508723)	(60, 35.41374030830771)	(65, 35.45435065995157)	(70, 35.44328338275597)	(75, 35.49830731129579)	(80, 35.49442849452614)	(85, 35.49664876701384)	(90, 35.506006051867175)	(95, 35.504194872869874)	(100, 35.50937709044514)	(105, 35.47606867841425)	(110, 35.50219185810649)	(115, 35.46582543783977)	(120, 35.46125008460772)	(125, 35.52656194567334)	(130, 35.55502022448827)	(135, 35.553834453390905)	(140, 35.53825334925468)	(145, 35.6015970052661)	(150, 36.4475257391488)
trimmed_trimmomatic | fastqc_results | Plasmid_Ko_P2_S62_L002_R2_paired	(1, 38.93488378238778)	(2, 39.004051205264126)	(3, 39.22819347059)	(4, 39.29837703283303)	(5, 39.264071671944926)	(6, 39.3813450473173)	(7, 39.41396553173407)	(8, 39.43014172926148)	(9, 39.449517228861495)	(10, 39.466682898916225)	(15, 39.48243506968833)	(20, 39.46574378583388)	(25, 39.456882065351685)	(30, 39.41186087017962)	(35, 39.41873576821596)	(40, 39.39184978450321)	(45, 39.3547640409782)	(50, 39.346658097891996)	(55, 39.31337929904056)	(60, 39.305559672048595)	(65, 39.27095896450915)	(70, 39.21847798517791)	(75, 39.18512584530873)	(80, 39.17824353891926)	(85, 39.16470274081421)	(90, 39.11512822104579)	(95, 39.11532749098968)	(100, 39.08508155021162)	(105, 39.05540976637726)	(110, 39.01883571221141)	(115, 39.00532421743575)	(120, 38.98063621071216)	(125, 38.96079965863996)	(130, 38.919129593657715)	(135, 38.90873989340989)	(140, 38.87409793341412)	(145, 38.85669301969252)	(150, 38.95928765126287)
trimmed_trimmomatic | fastqc_results | Plasmid_Ko_P2_S62_L002_R2_unpaired	(1, 33.92418158580644)	(2, 33.2281328516271)	(3, 33.60679554656549)	(4, 33.781588490038814)	(5, 33.87204258873492)	(6, 34.20247763386972)	(7, 34.314484396542184)	(8, 34.37826015491082)	(9, 34.459761092493636)	(10, 34.56006601656453)	(15, 34.61158174749335)	(20, 34.59475825794094)	(25, 34.4481679396995)	(30, 34.23037499958069)	(35, 33.99763776093819)	(40, 33.760694649907585)	(45, 33.541890663419515)	(50, 33.464688161399465)	(55, 33.5454779254532)	(60, 33.61468342680509)	(65, 33.68586972053367)	(70, 33.70831358532262)	(75, 33.73441640919553)	(80, 33.762120570263576)	(85, 33.77975664185614)	(90, 33.790439611555584)	(95, 33.81708734156795)	(100, 33.814083303081375)	(105, 33.825315012789915)	(110, 33.835138301842875)	(115, 33.86037746713246)	(120, 33.85347114911518)	(125, 33.86762975918725)	(130, 33.84463220075202)	(135, 33.89001212461577)	(140, 33.87347203957605)	(145, 33.90385324154502)	(150, 35.08698005271249)
trimmed_trimmomatic | fastqc_results | Plasmid_Ko_P3_S63_L002_R1_paired	(1, 39.03390367483971)	(2, 38.77814178755721)	(3, 38.98197636129642)	(4, 39.15254241351333)	(5, 39.282168800509936)	(6, 39.32981390402486)	(7, 39.284916017948476)	(8, 39.38816773203113)	(9, 39.35172582297798)	(10, 39.39190812066683)	(15, 39.42056960257091)	(20, 39.454929250423206)	(25, 39.37914860414573)	(30, 39.367085863055514)	(35, 39.34850005792683)	(40, 39.36225868690499)	(45, 39.28133997560966)	(50, 39.32806147149759)	(55, 39.28567502726354)	(60, 39.21973277705305)	(65, 39.23824086084412)	(70, 39.19414804602567)	(75, 39.218765630700325)	(80, 39.190177508580916)	(85, 39.16588543816475)	(90, 39.15864403541234)	(95, 39.128992244051496)	(100, 39.118556768702334)	(105, 39.07363299295546)	(110, 39.07765977270068)	(115, 39.00970693912863)	(120, 38.98070605446661)	(125, 39.0084308697284)	(130, 39.01825300120994)	(135, 38.982691767641064)	(140, 38.939152652888446)	(145, 38.97082047115031)	(150, 39.03119699654013)
trimmed_trimmomatic | fastqc_results | Plasmid_Ko_P3_S63_L002_R1_unpaired	(1, 35.93438823060581)	(2, 35.17596410413225)	(3, 35.46471704723859)	(4, 35.79215094379993)	(5, 36.13284430889489)	(6, 36.296698104376524)	(7, 36.38989951760247)	(8, 36.54704378842977)	(9, 36.58934784953762)	(10, 36.644839879859745)	(15, 36.77843573396903)	(20, 36.807646682814934)	(25, 36.38962172224208)	(30, 36.15485664921382)	(35, 36.004027141212944)	(40, 35.85643917342507)	(45, 35.63162962282771)	(50, 35.615947624723695)	(55, 35.622482942163366)	(60, 35.61875120304826)	(65, 35.68547252259801)	(70, 35.685936238510784)	(75, 35.755178030949175)	(80, 35.768962430562986)	(85, 35.78350298777051)	(90, 35.795762411140274)	(95, 35.806777668273504)	(100, 35.816615474637715)	(105, 35.79366593497353)	(110, 35.823911457205845)	(115, 35.788207982461735)	(120, 35.78704602031992)	(125, 35.857132670682944)	(130, 35.89261697533979)	(135, 35.89082271214805)	(140, 35.87344703298479)	(145, 35.94877938144819)	(150, 36.73218439960636)
trimmed_trimmomatic | fastqc_results | Plasmid_Ko_P3_S63_L002_R2_paired	(1, 39.07158945656978)	(2, 39.15486139171872)	(3, 39.35478249091196)	(4, 39.415996072096156)	(5, 39.38716893860458)	(6, 39.48315335605985)	(7, 39.49802166436038)	(8, 39.50836339436448)	(9, 39.53144405886314)	(10, 39.54633795523491)	(15, 39.55226620782177)	(20, 39.530335108753405)	(25, 39.52698285447915)	(30, 39.47570913057162)	(35, 39.48175978879085)	(40, 39.45121356021934)	(45, 39.41230251896477)	(50, 39.402763007101726)	(55, 39.36896426758017)	(60, 39.3602756232273)	(65, 39.325205417286796)	(70, 39.27466983589096)	(75, 39.24271539438346)	(80, 39.23766405888396)	(85, 39.22467209865944)	(90, 39.17846504499114)	(95, 39.179643779693166)	(100, 39.15134914493321)	(105, 39.1237524456227)	(110, 39.08951477010904)	(115, 39.077896439562004)	(120, 39.05456320672029)	(125, 39.03757156463729)	(130, 38.99775087297048)	(135, 38.98953022690856)	(140, 38.956292952768365)	(145, 38.94158742564245)	(150, 39.0358048863)
trimmed_trimmomatic | fastqc_results | Plasmid_Ko_P3_S63_L002_R2_unpaired	(1, 34.25110670494523)	(2, 33.75049741481986)	(3, 34.08673606377925)	(4, 34.28709268783003)	(5, 34.43575603610302)	(6, 34.666291454103586)	(7, 34.678859353808235)	(8, 34.70672835298896)	(9, 34.81515789908503)	(10, 34.88911883567066)	(15, 34.879509263275295)	(20, 34.83224762652236)	(25, 34.68520285574626)	(30, 34.44308197533924)	(35, 34.17216611245361)	(40, 33.914227785006645)	(45, 33.64736490626571)	(50, 33.5490876708044)	(55, 33.648678751453915)	(60, 33.7193314997503)	(65, 33.78491974074904)	(70, 33.83790508206239)	(75, 33.85100005328635)	(80, 33.90131352467173)	(85, 33.932497475793525)	(90, 33.94381849805471)	(95, 33.978725196783124)	(100, 33.98031590213645)	(105, 33.972637473623536)	(110, 33.98741797858636)	(115, 34.02127414639381)	(120, 34.0380646359287)	(125, 34.044835821713455)	(130, 34.01304364872763)	(135, 34.05304704710257)	(140, 34.0537846313822)	(145, 34.09038068405168)	(150, 35.24881261606112)
trimmed_trimmomatic | fastqc_results | Plasmid_Ko_P4_S64_L002_R1_paired	(1, 38.99757043956826)	(2, 38.78131304941298)	(3, 38.94381641501597)	(4, 39.137323891705144)	(5, 39.22287075131822)	(6, 39.294841032640605)	(7, 39.21646387832477)	(8, 39.33447245791952)	(9, 39.30943672050098)	(10, 39.35121991120765)	(15, 39.38370422816598)	(20, 39.421233046999106)	(25, 39.34325257654175)	(30, 39.32984356344669)	(35, 39.31154865800328)	(40, 39.326665830927105)	(45, 39.24581114704132)	(50, 39.29516966161434)	(55, 39.25139884629177)	(60, 39.185658380719374)	(65, 39.20442900981306)	(70, 39.160210223115755)	(75, 39.18541398024649)	(80, 39.15550873403312)	(85, 39.13111118864605)	(90, 39.122340018008536)	(95, 39.092534185065105)	(100, 39.08120462944321)	(105, 39.0350193063905)	(110, 39.03816489186565)	(115, 38.96856941197659)	(120, 38.93906332451577)	(125, 38.96684535324353)	(130, 38.975577010686905)	(135, 38.93930800277151)	(140, 38.89502054686342)	(145, 38.92609946795138)	(150, 38.99066197411575)
trimmed_trimmomatic | fastqc_results | Plasmid_Ko_P4_S64_L002_R1_unpaired	(1, 34.65475913988121)	(2, 33.86183068723191)	(3, 34.342945385784105)	(4, 34.89655585949805)	(5, 35.278534443516385)	(6, 35.61059870666321)	(7, 35.67937172580314)	(8, 35.89840625841906)	(9, 36.011196982608276)	(10, 36.14842023564505)	(15, 36.36061935579768)	(20, 36.44604512068132)	(25, 35.989790628755586)	(30, 35.75550090408582)	(35, 35.62179535145334)	(40, 35.492377217881725)	(45, 35.26229417373481)	(50, 35.249343360767156)	(55, 35.23839793736995)	(60, 35.221392409060044)	(65, 35.26752297077506)	(70, 35.25939602468549)	(75, 35.309844791443126)	(80, 35.30727821550209)	(85, 35.303403946058765)	(90, 35.30435977300035)	(95, 35.2905780821701)	(100, 35.29216150470456)	(105, 35.246097177484174)	(110, 35.27330453525548)	(115, 35.21855656742733)	(120, 35.20652957933598)	(125, 35.26357214658858)	(130, 35.29435524945433)	(135, 35.281315844966436)	(140, 35.26570855136068)	(145, 35.3222306824434)	(150, 36.2185462471888)
trimmed_trimmomatic | fastqc_results | Plasmid_Ko_P4_S64_L002_R2_paired	(1, 38.98058107093129)	(2, 39.08688965696377)	(3, 39.29731332689796)	(4, 39.37070606644947)	(5, 39.345009638949534)	(6, 39.45200947393831)	(7, 39.47520521851401)	(8, 39.48507910353718)	(9, 39.50031068748092)	(10, 39.50988779027485)	(15, 39.51469806051024)	(20, 39.492584297854634)	(25, 39.484852476842896)	(30, 39.43589840775358)	(35, 39.43986643953387)	(40, 39.41091970909928)	(45, 39.374045763519774)	(50, 39.365169213674235)	(55, 39.33366149298233)	(60, 39.32710883604841)	(65, 39.29387832412248)	(70, 39.24406646048569)	(75, 39.212651780633294)	(80, 39.208266186591054)	(85, 39.19633989479854)	(90, 39.1498698460617)	(95, 39.15134558836911)	(100, 39.1227743742835)	(105, 39.094573882619514)	(110, 39.059365047066166)	(115, 39.04715723544382)	(120, 39.023337818948036)	(125, 39.00513695775212)	(130, 38.964295025447505)	(135, 38.954794254280294)	(140, 38.92164037139366)	(145, 38.90551838912641)	(150, 39.00032063842487)
trimmed_trimmomatic | fastqc_results | Plasmid_Ko_P4_S64_L002_R2_unpaired	(1, 34.242418802651656)	(2, 33.62734808755081)	(3, 33.9346093679878)	(4, 34.1855389862673)	(5, 34.25976740309531)	(6, 34.54113400607778)	(7, 34.60723948249112)	(8, 34.65426855069305)	(9, 34.68357396555925)	(10, 34.72394568464783)	(15, 34.71600866788906)	(20, 34.657374116862634)	(25, 34.50597776609522)	(30, 34.27188706099578)	(35, 34.01887317442203)	(40, 33.794262011309286)	(45, 33.55558476195361)	(50, 33.48740728182823)	(55, 33.5911001230961)	(60, 33.66731004601252)	(65, 33.74206403418024)	(70, 33.77959960224788)	(75, 33.808084125989)	(80, 33.85248604778277)	(85, 33.88717526164602)	(90, 33.91545745983227)	(95, 33.94249930769293)	(100, 33.93111559231316)	(105, 33.94506939578901)	(110, 33.974659963722004)	(115, 33.9993573792683)	(120, 34.00812200833767)	(125, 34.01007898577907)	(130, 33.976556856167136)	(135, 34.01643218495671)	(140, 34.022781523247474)	(145, 34.03540910361435)	(150, 35.226761159537354)
trimmed_trimmomatic | fastqc_results | RNP_Cas1_S65_L002_R1_paired	(1, 38.98371149245351)	(2, 38.86454696708647)	(3, 39.030557916541)	(4, 39.173275856227015)	(5, 39.235787347939386)	(6, 39.29163488864995)	(7, 39.252538713563055)	(8, 39.35654370246725)	(9, 39.3246632280341)	(10, 39.35738577142535)	(15, 39.38845288378213)	(20, 39.425809494667774)	(25, 39.35039289146418)	(30, 39.33793229811225)	(35, 39.32156993330349)	(40, 39.33613614463052)	(45, 39.256399650673096)	(50, 39.30351788814601)	(55, 39.260060613719915)	(60, 39.193713744516344)	(65, 39.21228424197868)	(70, 39.167372467566175)	(75, 39.19172515573331)	(80, 39.16216313907884)	(85, 39.13758594139812)	(90, 39.12854910666288)	(95, 39.09856432675679)	(100, 39.08676550642308)	(105, 39.04073144980666)	(110, 39.044468395195146)	(115, 38.97496484279657)	(120, 38.945350302344835)	(125, 38.973784791989864)	(130, 38.98274002613535)	(135, 38.946855907997715)	(140, 38.90328327300538)	(145, 38.934894549631494)	(150, 38.99741114219813)
trimmed_trimmomatic | fastqc_results | RNP_Cas1_S65_L002_R1_unpaired	(1, 36.029990208473)	(2, 35.186604220004966)	(3, 35.49306220825389)	(4, 35.883492033257575)	(5, 36.117903555015246)	(6, 36.35673277970434)	(7, 36.45454409641884)	(8, 36.6661394305975)	(9, 36.736048941450655)	(10, 36.81154615867752)	(15, 36.975031792895194)	(20, 37.03092616142885)	(25, 36.643711667230015)	(30, 36.430291112742)	(35, 36.305670184271186)	(40, 36.183883632090065)	(45, 35.9795136107205)	(50, 35.96623785604674)	(55, 35.96468432616305)	(60, 35.95322502347394)	(65, 36.0022618988811)	(70, 35.996109406298295)	(75, 36.05500154323544)	(80, 36.06010253833335)	(85, 36.07449564594715)	(90, 36.08384208184655)	(95, 36.08652197744139)	(100, 36.09123217829691)	(105, 36.0610854086112)	(110, 36.09966140079776)	(115, 36.06045005202712)	(120, 36.05265999253338)	(125, 36.110539710810095)	(130, 36.1441562761341)	(135, 36.14289550479441)	(140, 36.13501772346329)	(145, 36.19021770423828)	(150, 36.92790045861224)
trimmed_trimmomatic | fastqc_results | RNP_Cas1_S65_L002_R2_paired	(1, 39.09639363258847)	(2, 39.17503975613973)	(3, 39.356519711679454)	(4, 39.416015275425686)	(5, 39.3841015908694)	(6, 39.4949372994478)	(7, 39.51071189636682)	(8, 39.51283177930794)	(9, 39.532808322318374)	(10, 39.54932209323252)	(15, 39.554177423492874)	(20, 39.52913067046744)	(25, 39.52514649430894)	(30, 39.47761527491792)	(35, 39.4849912842981)	(40, 39.45309119794088)	(45, 39.411707904503615)	(50, 39.40145691042859)	(55, 39.365825617973044)	(60, 39.358193383270624)	(65, 39.322600962160536)	(70, 39.27224753072538)	(75, 39.24069636824047)	(80, 39.23624822724732)	(85, 39.22324601113311)	(90, 39.17704059088552)	(95, 39.17869394257569)	(100, 39.15059088528175)	(105, 39.12347001232335)	(110, 39.08877572568084)	(115, 39.077916886417825)	(120, 39.05479316532966)	(125, 39.03862918719239)	(130, 38.998629587447105)	(135, 38.990717056457704)	(140, 38.95800572561536)	(145, 38.9433694913335)	(150, 39.03423390621918)
trimmed_trimmomatic | fastqc_results | RNP_Cas1_S65_L002_R2_unpaired	(1, 34.17014345083052)	(2, 33.764572772659896)	(3, 34.17248029878999)	(4, 34.397743768192846)	(5, 34.50814197626926)	(6, 34.842469405404856)	(7, 34.85256938474059)	(8, 34.84163518129705)	(9, 34.977399414767554)	(10, 35.06343062546399)	(15, 35.04698288947678)	(20, 34.971070536582125)	(25, 34.82550429740217)	(30, 34.601617935563205)	(35, 34.35848166110092)	(40, 34.08859051841799)	(45, 33.84838652893891)	(50, 33.74238661058463)	(55, 33.81257174436253)	(60, 33.88480102051915)	(65, 33.930416317160784)	(70, 33.97279218792478)	(75, 33.988181023695105)	(80, 34.03460357992257)	(85, 34.03936166649477)	(90, 34.07649019311988)	(95, 34.101010000587586)	(100, 34.12150422430485)	(105, 34.12237371484524)	(110, 34.151367543661706)	(115, 34.17586933919149)	(120, 34.1864166247626)	(125, 34.197605810874016)	(130, 34.17567546234558)	(135, 34.203496522760815)	(140, 34.20560410688192)	(145, 34.22281800491015)	(150, 35.38999609286096)
trimmed_trimmomatic | fastqc_results | RNP_Cas2_S66_L002_R1_paired	(1, 38.96811157045094)	(2, 38.85933794816815)	(3, 39.00818244589226)	(4, 39.15159896246418)	(5, 39.25271345613689)	(6, 39.312602874307665)	(7, 39.28373504625128)	(8, 39.34943101715811)	(9, 39.320399406189836)	(10, 39.36039004029993)	(15, 39.390852756507485)	(20, 39.42704321208554)	(25, 39.35016996005105)	(30, 39.33971349419734)	(35, 39.32220327474166)	(40, 39.3371730608324)	(45, 39.25603426296041)	(50, 39.30461570477055)	(55, 39.260979364300326)	(60, 39.19438641536799)	(65, 39.213331327598524)	(70, 39.168014676548445)	(75, 39.192869183637505)	(80, 39.162650290778814)	(85, 39.13878426697255)	(90, 39.12940354791431)	(95, 39.0995955786568)	(100, 39.08773056555346)	(105, 39.04180262926453)	(110, 39.045143829733924)	(115, 38.975823198743164)	(120, 38.946511739716485)	(125, 38.9750957941388)	(130, 38.984426901611734)	(135, 38.948623800511555)	(140, 38.90478390914363)	(145, 38.93710873441991)	(150, 38.99961716667218)
trimmed_trimmomatic | fastqc_results | RNP_Cas2_S66_L002_R1_unpaired	(1, 35.72535257549536)	(2, 34.9709410092807)	(3, 35.196423965452304)	(4, 35.53908840940522)	(5, 35.893854582792436)	(6, 36.12889313519239)	(7, 36.21621568143867)	(8, 36.294333139941216)	(9, 36.38168183298978)	(10, 36.46234273935101)	(15, 36.61014552462146)	(20, 36.65861985870834)	(25, 36.22264949080869)	(30, 35.976702068494724)	(35, 35.829337842832274)	(40, 35.68982373521911)	(45, 35.470473264187994)	(50, 35.44840445035297)	(55, 35.434546751939614)	(60, 35.42045729170192)	(65, 35.47137026258131)	(70, 35.47351240229218)	(75, 35.52952559651598)	(80, 35.53408945907198)	(85, 35.538986859722044)	(90, 35.55067533093896)	(95, 35.55711968800073)	(100, 35.57074796064724)	(105, 35.53931149892698)	(110, 35.57847292678448)	(115, 35.5338877784762)	(120, 35.53287052747375)	(125, 35.599534286175086)	(130, 35.63760516898971)	(135, 35.636464071659695)	(140, 35.63124071056122)	(145, 35.69575643420007)	(150, 36.53773876425781)
trimmed_trimmomatic | fastqc_results | RNP_Cas2_S66_L002_R2_paired	(1, 39.05372954872317)	(2, 39.10945336607836)	(3, 39.315018462673955)	(4, 39.372745693509835)	(5, 39.332128705032986)	(6, 39.43869262728749)	(7, 39.46122109815646)	(8, 39.47372146353124)	(9, 39.486991030140025)	(10, 39.501893926797734)	(15, 39.51370061383521)	(20, 39.49525481977536)	(25, 39.485539220795744)	(30, 39.43878457737833)	(35, 39.44667518453313)	(40, 39.41862268575248)	(45, 39.38048675130098)	(50, 39.37226450020323)	(55, 39.337893206930026)	(60, 39.330361655287945)	(65, 39.29458003697534)	(70, 39.243411085828875)	(75, 39.210216653001524)	(80, 39.20425061453984)	(85, 39.190363888993076)	(90, 39.14214387519481)	(95, 39.14255406299861)	(100, 39.112592524669154)	(105, 39.08430795915997)	(110, 39.04738272929272)	(115, 39.035594166720934)	(120, 39.01027895584173)	(125, 38.99219156552723)	(130, 38.950284446200676)	(135, 38.94151406362987)	(140, 38.90651223999794)	(145, 38.89057202005795)	(150, 38.991560871411785)
trimmed_trimmomatic | fastqc_results | RNP_Cas2_S66_L002_R2_unpaired	(1, 34.19675173233467)	(2, 33.57610499405736)	(3, 33.97443544951001)	(4, 34.13689648599556)	(5, 34.19279371201758)	(6, 34.484809835624425)	(7, 34.58913394478954)	(8, 34.65578397954836)	(9, 34.7162615208665)	(10, 34.77363095104612)	(15, 34.79684479626847)	(20, 34.77528255555806)	(25, 34.620485838584536)	(30, 34.39209349000964)	(35, 34.17408505819299)	(40, 33.92249456192676)	(45, 33.66626432399704)	(50, 33.589221465335235)	(55, 33.672722280481885)	(60, 33.744801162542146)	(65, 33.804682365532116)	(70, 33.84420336581405)	(75, 33.84316949511255)	(80, 33.88592756940882)	(85, 33.90277435224449)	(90, 33.918068908697215)	(95, 33.94482790045329)	(100, 33.947633554884604)	(105, 33.957898320126105)	(110, 33.9734479770188)	(115, 34.00440781537608)	(120, 34.00597286109721)	(125, 34.01087535343929)	(130, 33.988293828102385)	(135, 34.03995357637568)	(140, 34.023169998080505)	(145, 34.05982399294515)	(150, 35.24362690769284)
trimmed_trimmomatic | fastqc_results | RNP_Cas3_S67_L002_R1_paired	(1, 38.99559564111122)	(2, 38.72462534445598)	(3, 38.94206101065943)	(4, 39.15393219408222)	(5, 39.28939891141433)	(6, 39.32507936877556)	(7, 39.26306540904943)	(8, 39.353047093633805)	(9, 39.3324035794076)	(10, 39.37464138307823)	(15, 39.406207642047946)	(20, 39.44321026414686)	(25, 39.36931834605535)	(30, 39.357158582501754)	(35, 39.340706200130775)	(40, 39.35469493743492)	(45, 39.27533714734864)	(50, 39.32239212244142)	(55, 39.28082661453713)	(60, 39.21606322784022)	(65, 39.23569551239978)	(70, 39.19163592605905)	(75, 39.21721856015226)	(80, 39.18838719104991)	(85, 39.16497279235226)	(90, 39.15732092887065)	(95, 39.128316255426924)	(100, 39.117594552068326)	(105, 39.073317938468634)	(110, 39.07698682855036)	(115, 39.00935749422281)	(120, 38.98013197492381)	(125, 39.00846387812453)	(130, 39.01753906221993)	(135, 38.98213675273781)	(140, 38.938331427355195)	(145, 38.97034915187005)	(150, 39.03024823456367)
trimmed_trimmomatic | fastqc_results | RNP_Cas3_S67_L002_R1_unpaired	(1, 35.52878387219209)	(2, 34.58807394200901)	(3, 34.86177760964452)	(4, 35.303477611642144)	(5, 35.66868364146666)	(6, 35.86101476742676)	(7, 35.91593503730561)	(8, 36.06255056482785)	(9, 36.1900769334492)	(10, 36.27815512040671)	(15, 36.44600737622229)	(20, 36.49814832848911)	(25, 36.05328696351342)	(30, 35.797233167530635)	(35, 35.65307971014493)	(40, 35.502843491245414)	(45, 35.27475104625496)	(50, 35.26481893769626)	(55, 35.272224086345986)	(60, 35.279364733020614)	(65, 35.33865986669662)	(70, 35.34648669962185)	(75, 35.4103557668368)	(80, 35.42940366566827)	(85, 35.44357732334629)	(90, 35.46439140229249)	(95, 35.47223061296246)	(100, 35.48278612042921)	(105, 35.46187416497033)	(110, 35.49804719380495)	(115, 35.4609619591888)	(120, 35.460850316342615)	(125, 35.53329016006569)	(130, 35.5736870052539)	(135, 35.56982239973907)	(140, 35.55863782551479)	(145, 35.62766446526476)	(150, 36.49699232219327)
trimmed_trimmomatic | fastqc_results | RNP_Cas3_S67_L002_R2_paired	(1, 39.104377167856214)	(2, 39.17758304705299)	(3, 39.356418387146576)	(4, 39.41686965466765)	(5, 39.38719230547005)	(6, 39.487601982598065)	(7, 39.50591638357011)	(8, 39.51078133879022)	(9, 39.52931618614561)	(10, 39.54231836891624)	(15, 39.54873011177823)	(20, 39.52857015341102)	(25, 39.52350688600755)	(30, 39.473022531746054)	(35, 39.48033391352093)	(40, 39.45366478961493)	(45, 39.416234078665255)	(50, 39.408409406239166)	(55, 39.37471950396791)	(60, 39.36749877775058)	(65, 39.33288333596098)	(70, 39.28205438301641)	(75, 39.25076146427816)	(80, 39.245806314926085)	(85, 39.23281822072854)	(90, 39.1865102836579)	(95, 39.18792498136377)	(100, 39.15967189721707)	(105, 39.13236580420979)	(110, 39.09675033565189)	(115, 39.08577920434975)	(120, 39.06170575847405)	(125, 39.04499257886405)	(130, 39.004573378468756)	(135, 38.996431254411554)	(140, 38.96338858774841)	(145, 38.948642720198315)	(150, 39.03886969348751)
trimmed_trimmomatic | fastqc_results | RNP_Cas3_S67_L002_R2_unpaired	(1, 34.10888538436299)	(2, 33.615069696552744)	(3, 33.926975794075)	(4, 34.12710703739376)	(5, 34.249273398884434)	(6, 34.509188090727235)	(7, 34.57988590298579)	(8, 34.61120013547698)	(9, 34.66688117187583)	(10, 34.73106169494396)	(15, 34.74529990156751)	(20, 34.689477884442375)	(25, 34.547675405637115)	(30, 34.31768927085869)	(35, 34.080980091235276)	(40, 33.83969941046348)	(45, 33.600034292609095)	(50, 33.517253563053735)	(55, 33.60549955222102)	(60, 33.69386571076598)	(65, 33.761825432836865)	(70, 33.80786952015125)	(75, 33.82942288843562)	(80, 33.87576522529222)	(85, 33.90428580624097)	(90, 33.91093095186028)	(95, 33.94501153235333)	(100, 33.960546602826355)	(105, 33.944874182995044)	(110, 33.96521503313703)	(115, 33.98194898549644)	(120, 33.992059289266095)	(125, 33.98972771441272)	(130, 33.97837907301017)	(135, 34.00862421422506)	(140, 34.01446190419424)	(145, 34.03123925341763)	(150, 35.19118819138416)
trimmed_trimmomatic | fastqc_results | RNP_Cas4_S68_L002_R1_paired	(1, 38.956900487013215)	(2, 38.74108416879386)	(3, 38.909264186774415)	(4, 39.08992246329276)	(5, 39.217982740919474)	(6, 39.306295643619556)	(7, 39.24794728537347)	(8, 39.33076476068281)	(9, 39.29270987191626)	(10, 39.33413489095046)	(15, 39.37040457907817)	(20, 39.40830008438349)	(25, 39.33128739631298)	(30, 39.321125322388795)	(35, 39.30445579938325)	(40, 39.31922719098734)	(45, 39.23871338397335)	(50, 39.286503380847435)	(55, 39.24307774005108)	(60, 39.17667143023659)	(65, 39.19460713902946)	(70, 39.149571038754196)	(75, 39.174071289897164)	(80, 39.14345823926728)	(85, 39.119140589989435)	(90, 39.10930822414169)	(95, 39.079586565563005)	(100, 39.06670314770558)	(105, 39.02091417766989)	(110, 39.02312766927318)	(115, 38.95420084296374)	(120, 38.92374737774438)	(125, 38.95195618152901)	(130, 38.96064018636056)	(135, 38.92515868922786)	(140, 38.88084225816443)	(145, 38.9122398897728)	(150, 38.98124788466454)
trimmed_trimmomatic | fastqc_results | RNP_Cas4_S68_L002_R1_unpaired	(1, 35.366137359066975)	(2, 34.52359204108156)	(3, 34.85219015831758)	(4, 35.30190259586821)	(5, 35.66567753341885)	(6, 35.981731978294626)	(7, 36.0722049689441)	(8, 36.222389890798)	(9, 36.294583255974885)	(10, 36.398192871489336)	(15, 36.58915385329463)	(20, 36.66665741881583)	(25, 36.248787089859576)	(30, 36.036371586382664)	(35, 35.91044507831488)	(40, 35.792490463813124)	(45, 35.58783714218201)	(50, 35.58146174656581)	(55, 35.58864635328159)	(60, 35.578446330153994)	(65, 35.630466959905704)	(70, 35.632080691656945)	(75, 35.683883912754425)	(80, 35.68859676125409)	(85, 35.69374501722372)	(90, 35.69386372458106)	(95, 35.68697130599635)	(100, 35.69512441904287)	(105, 35.66294161529944)	(110, 35.68921832018883)	(115, 35.64522200043891)	(120, 35.63018384596411)	(125, 35.68948128729467)	(130, 35.72467860613931)	(135, 35.71250551697567)	(140, 35.69717979614819)	(145, 35.75733861503944)	(150, 36.567361981201884)
trimmed_trimmomatic | fastqc_results | RNP_Cas4_S68_L002_R2_paired	(1, 38.94596702555126)	(2, 38.959986145020835)	(3, 39.18769499874651)	(4, 39.279289381071784)	(5, 39.27189903814028)	(6, 39.37593417095967)	(7, 39.39891006993096)	(8, 39.41825385012537)	(9, 39.41761230823199)	(10, 39.440591452817515)	(15, 39.44497593794842)	(20, 39.42576310923793)	(25, 39.44084063119238)	(30, 39.40773399496258)	(35, 39.419716682424884)	(40, 39.392957038208664)	(45, 39.356699727549405)	(50, 39.34933914509609)	(55, 39.317022110103444)	(60, 39.31091100047813)	(65, 39.27647530573221)	(70, 39.22599316072147)	(75, 39.19363151251828)	(80, 39.18839404900303)	(85, 39.17498906024366)	(90, 39.12756852499725)	(95, 39.12774440078353)	(100, 39.09780845062472)	(105, 39.06918386140143)	(110, 39.03307911301422)	(115, 39.0200819518091)	(120, 38.99522641687746)	(125, 38.97677235657701)	(130, 38.93472459685896)	(135, 38.92553294074854)	(140, 38.89146975069576)	(145, 38.87527624080435)	(150, 38.97797700529448)
trimmed_trimmomatic | fastqc_results | RNP_Cas4_S68_L002_R2_unpaired	(1, 33.77135839832383)	(2, 33.02363170760098)	(3, 33.38078686998021)	(4, 33.68751716913049)	(5, 33.86530089628681)	(6, 34.103843557211036)	(7, 34.16434408101502)	(8, 34.272897218018855)	(9, 34.30493539750902)	(10, 34.34612827377488)	(15, 34.33740239785823)	(20, 34.2934890001164)	(25, 34.24020207193574)	(30, 34.11201117448493)	(35, 33.92978978000233)	(40, 33.699460831102314)	(45, 33.46087812827378)	(50, 33.39074291336276)	(55, 33.51278326447179)	(60, 33.60194313601254)	(65, 33.66693124577968)	(70, 33.72364056279342)	(75, 33.735051141699884)	(80, 33.78806813600653)	(85, 33.803143787151285)	(90, 33.82000501423467)	(95, 33.8521122736372)	(100, 33.84807287230113)	(105, 33.85606120817931)	(110, 33.86514652698046)	(115, 33.89765218339742)	(120, 33.890590079040805)	(125, 33.91491636535665)	(130, 33.879751165523885)	(135, 33.922572010718135)	(140, 33.91955477561261)	(145, 33.94966619078512)	(150, 35.14908380756202)
