Sample	0	1	2	3	4	5	6	7	8	9	10	11	12	13	14	15	16	17	18	19	20	21	22	23	24	25	26	27	28	29	30	31	32	33	34	35	36	37	38	39	40	41	42	43	44	45	46	47	48	49	50	51	52	53	54	55	56	57	58	59	60	61	62	63	64	65	66	67	68	69	70	71	72	73	74	75	76	77	78	79	80	81	82	83	84	85	86	87	88	89	90	91	92	93	94	95	96	97	98	99	100
raw_fastq | fastqc_results | Control_MNP_III_S56_L002_R1_001	(0.0, 957.0)	(1.0, 944.5)	(2.0, 1024.5)	(3.0, 1269.5)	(4.0, 1709.5)	(5.0, 2321.0)	(6.0, 3034.5)	(7.0, 3841.0)	(8.0, 4879.5)	(9.0, 6279.5)	(10.0, 8176.5)	(11.0, 11133.0)	(12.0, 15582.5)	(13.0, 22067.5)	(14.0, 31401.5)	(15.0, 45205.5)	(16.0, 67285.0)	(17.0, 102449.5)	(18.0, 154997.0)	(19.0, 231276.5)	(20.0, 340529.0)	(21.0, 490441.0)	(22.0, 688766.0)	(23.0, 942197.0)	(24.0, 1253956.0)	(25.0, 1625347.0)	(26.0, 2035298.5)	(27.0, 2468915.5)	(28.0, 2925279.5)	(29.0, 3379585.0)	(30.0, 3810469.5)	(31.0, 4217443.0)	(32.0, 4601307.0)	(33.0, 4951565.0)	(34.0, 5251416.0)	(35.0, 5476445.0)	(36.0, 5598183.5)	(37.0, 5609350.0)	(38.0, 5536579.0)	(39.0, 5417355.0)	(40.0, 5281336.5)	(41.0, 5128714.0)	(42.0, 4944210.0)	(43.0, 4726633.5)	(44.0, 4488762.5)	(45.0, 4232939.0)	(46.0, 3963690.5)	(47.0, 3686706.5)	(48.0, 3403176.5)	(49.0, 3120672.5)	(50.0, 2852990.5)	(51.0, 2584457.5)	(52.0, 2309945.5)	(53.0, 2049319.0)	(54.0, 1805530.0)	(55.0, 1590464.0)	(56.0, 1401129.0)	(57.0, 1225364.0)	(58.0, 1075025.5)	(59.0, 959058.5)	(60.0, 856815.0)	(61.0, 745204.5)	(62.0, 623041.0)	(63.0, 515313.5)	(64.0, 429802.5)	(65.0, 358449.5)	(66.0, 301197.5)	(67.0, 254070.5)	(68.0, 215292.0)	(69.0, 176533.5)	(70.0, 142487.5)	(71.0, 122283.0)	(72.0, 107871.0)	(73.0, 93031.0)	(74.0, 75743.5)	(75.0, 63554.5)	(76.0, 56233.0)	(77.0, 49096.5)	(78.0, 42057.0)	(79.0, 35666.0)	(80.0, 29002.0)	(81.0, 22172.0)	(82.0, 17462.5)	(83.0, 12825.5)	(84.0, 8784.0)	(85.0, 5710.0)	(86.0, 3294.5)	(87.0, 3560.0)	(88.0, 3638.5)	(89.0, 2609.0)	(90.0, 1317.0)	(91.0, 461.0)	(92.0, 243.5)	(93.0, 304.5)	(94.0, 467.0)	(95.0, 889.5)	(96.0, 2695.0)	(97.0, 10977.5)	(98.0, 49889.0)	(99.0, 56526.5)	(100.0, 17718.0)
raw_fastq | fastqc_results | Control_MNP_III_S56_L002_R2_001	(0.0, 823.0)	(1.0, 863.0)	(2.0, 1003.5)	(3.0, 1264.0)	(4.0, 1644.0)	(5.0, 2199.0)	(6.0, 2926.0)	(7.0, 3634.5)	(8.0, 4567.0)	(9.0, 6018.0)	(10.0, 7835.0)	(11.0, 10551.5)	(12.0, 14945.0)	(13.0, 21390.0)	(14.0, 30511.5)	(15.0, 44297.5)	(16.0, 66574.5)	(17.0, 101708.0)	(18.0, 153686.5)	(19.0, 229210.5)	(20.0, 338213.0)	(21.0, 488198.0)	(22.0, 687590.0)	(23.0, 942603.0)	(24.0, 1253898.5)	(25.0, 1624610.0)	(26.0, 2034654.5)	(27.0, 2467986.0)	(28.0, 2922523.0)	(29.0, 3377324.0)	(30.0, 3810303.5)	(31.0, 4212591.5)	(32.0, 4592380.5)	(33.0, 4945525.0)	(34.0, 5244207.5)	(35.0, 5465562.5)	(36.0, 5585869.5)	(37.0, 5595790.5)	(38.0, 5524407.0)	(39.0, 5407786.5)	(40.0, 5268532.5)	(41.0, 5111679.0)	(42.0, 4924750.0)	(43.0, 4709417.5)	(44.0, 4471048.0)	(45.0, 4210917.0)	(46.0, 3942513.5)	(47.0, 3666137.5)	(48.0, 3384171.5)	(49.0, 3104943.0)	(50.0, 2839912.0)	(51.0, 2573857.0)	(52.0, 2301301.0)	(53.0, 2041136.0)	(54.0, 1798473.0)	(55.0, 1584402.5)	(56.0, 1396960.0)	(57.0, 1221566.5)	(58.0, 1071255.0)	(59.0, 956396.5)	(60.0, 853153.5)	(61.0, 742419.0)	(62.0, 623446.5)	(63.0, 517078.5)	(64.0, 433296.5)	(65.0, 362715.5)	(66.0, 304811.5)	(67.0, 258077.0)	(68.0, 219912.5)	(69.0, 182224.0)	(70.0, 148362.5)	(71.0, 128450.0)	(72.0, 114779.0)	(73.0, 99323.0)	(74.0, 81717.0)	(75.0, 69371.0)	(76.0, 61754.0)	(77.0, 54133.5)	(78.0, 47048.5)	(79.0, 40597.0)	(80.0, 33860.0)	(81.0, 27305.5)	(82.0, 22777.0)	(83.0, 18361.5)	(84.0, 14386.5)	(85.0, 11275.0)	(86.0, 8759.5)	(87.0, 8745.0)	(88.0, 8504.0)	(89.0, 7501.5)	(90.0, 6557.0)	(91.0, 5964.5)	(92.0, 5750.0)	(93.0, 5757.5)	(94.0, 5882.5)	(95.0, 6201.5)	(96.0, 7166.5)	(97.0, 9797.0)	(98.0, 15243.5)	(99.0, 29144.5)	(100.0, 146964.5)
raw_fastq | fastqc_results | Control_MNP_II_S55_L002_R1_001	(0.0, 885.0)	(1.0, 928.0)	(2.0, 1051.5)	(3.0, 1342.5)	(4.0, 1743.0)	(5.0, 2244.0)	(6.0, 3015.5)	(7.0, 3849.5)	(8.0, 4760.5)	(9.0, 6174.5)	(10.0, 8071.0)	(11.0, 10886.0)	(12.0, 15379.5)	(13.0, 21715.5)	(14.0, 30723.0)	(15.0, 44662.5)	(16.0, 66513.0)	(17.0, 100478.5)	(18.0, 151597.0)	(19.0, 226273.5)	(20.0, 331474.5)	(21.0, 475329.5)	(22.0, 668476.5)	(23.0, 916410.5)	(24.0, 1216907.5)	(25.0, 1576236.5)	(26.0, 1971803.5)	(27.0, 2389484.5)	(28.0, 2827647.0)	(29.0, 3263078.0)	(30.0, 3675426.0)	(31.0, 4059830.5)	(32.0, 4425846.5)	(33.0, 4764929.5)	(34.0, 5056861.5)	(35.0, 5271572.5)	(36.0, 5384452.0)	(37.0, 5391131.5)	(38.0, 5312570.5)	(39.0, 5187437.0)	(40.0, 5047766.0)	(41.0, 4894045.0)	(42.0, 4711394.5)	(43.0, 4502229.5)	(44.0, 4270888.0)	(45.0, 4021573.5)	(46.0, 3766301.5)	(47.0, 3502906.5)	(48.0, 3234271.5)	(49.0, 2965059.5)	(50.0, 2706635.0)	(51.0, 2450956.0)	(52.0, 2190089.5)	(53.0, 1940621.0)	(54.0, 1709105.5)	(55.0, 1504739.0)	(56.0, 1325162.0)	(57.0, 1157920.5)	(58.0, 1015635.5)	(59.0, 907558.0)	(60.0, 810686.5)	(61.0, 705281.5)	(62.0, 590563.0)	(63.0, 487891.0)	(64.0, 407141.5)	(65.0, 339189.0)	(66.0, 284198.5)	(67.0, 239693.0)	(68.0, 202772.0)	(69.0, 166884.0)	(70.0, 135093.5)	(71.0, 116157.0)	(72.0, 102534.5)	(73.0, 88151.5)	(74.0, 71714.0)	(75.0, 60044.0)	(76.0, 53163.5)	(77.0, 46254.5)	(78.0, 39500.0)	(79.0, 33587.0)	(80.0, 27399.0)	(81.0, 20989.0)	(82.0, 16590.5)	(83.0, 12254.5)	(84.0, 8554.5)	(85.0, 5607.5)	(86.0, 3168.0)	(87.0, 3474.5)	(88.0, 3581.5)	(89.0, 2510.0)	(90.0, 1255.5)	(91.0, 485.5)	(92.0, 263.5)	(93.0, 281.5)	(94.0, 364.5)	(95.0, 624.5)	(96.0, 1769.0)	(97.0, 6638.5)	(98.0, 32145.0)	(99.0, 36968.0)	(100.0, 11376.0)
raw_fastq | fastqc_results | Control_MNP_II_S55_L002_R2_001	(0.0, 837.0)	(1.0, 873.5)	(2.0, 1035.5)	(3.0, 1313.5)	(4.0, 1700.0)	(5.0, 2220.0)	(6.0, 2875.0)	(7.0, 3676.0)	(8.0, 4666.5)	(9.0, 5958.5)	(10.0, 7738.0)	(11.0, 10549.0)	(12.0, 14842.0)	(13.0, 20851.0)	(14.0, 29562.0)	(15.0, 43375.5)	(16.0, 65086.5)	(17.0, 98758.0)	(18.0, 149570.0)	(19.0, 223453.0)	(20.0, 328546.0)	(21.0, 472689.5)	(22.0, 665286.0)	(23.0, 911307.5)	(24.0, 1210079.0)	(25.0, 1567160.5)	(26.0, 1962744.5)	(27.0, 2380459.5)	(28.0, 2817494.5)	(29.0, 3251246.5)	(30.0, 3662127.0)	(31.0, 4048318.0)	(32.0, 4413498.0)	(33.0, 4747827.5)	(34.0, 5036150.0)	(35.0, 5251844.5)	(36.0, 5367735.0)	(37.0, 5374250.5)	(38.0, 5293360.5)	(39.0, 5169106.0)	(40.0, 5031697.0)	(41.0, 4876241.0)	(42.0, 4693765.0)	(43.0, 4485774.0)	(44.0, 4253180.0)	(45.0, 4004478.0)	(46.0, 3748735.0)	(47.0, 3485200.5)	(48.0, 3216133.5)	(49.0, 2948558.5)	(50.0, 2694914.5)	(51.0, 2442050.0)	(52.0, 2182223.0)	(53.0, 1934358.5)	(54.0, 1703577.5)	(55.0, 1501576.5)	(56.0, 1325411.5)	(57.0, 1159886.0)	(58.0, 1019495.5)	(59.0, 910695.5)	(60.0, 810256.0)	(61.0, 705100.5)	(62.0, 594419.0)	(63.0, 493277.0)	(64.0, 412748.5)	(65.0, 345160.5)	(66.0, 290700.5)	(67.0, 247066.0)	(68.0, 210354.5)	(69.0, 174726.0)	(70.0, 142687.0)	(71.0, 123395.0)	(72.0, 110042.5)	(73.0, 95457.5)	(74.0, 78638.0)	(75.0, 66542.0)	(76.0, 59364.5)	(77.0, 52091.0)	(78.0, 45343.5)	(79.0, 39444.5)	(80.0, 32762.0)	(81.0, 26422.5)	(82.0, 22405.5)	(83.0, 18186.5)	(84.0, 14357.5)	(85.0, 11463.0)	(86.0, 9122.5)	(87.0, 9157.5)	(88.0, 8940.0)	(89.0, 7879.0)	(90.0, 6888.0)	(91.0, 6349.0)	(92.0, 6156.0)	(93.0, 6163.0)	(94.0, 6265.5)	(95.0, 6443.5)	(96.0, 7338.5)	(97.0, 10399.0)	(98.0, 16922.0)	(99.0, 33227.0)	(100.0, 146486.5)
raw_fastq | fastqc_results | Control_MNP_I_S54_L002_R1_001	(0.0, 830.0)	(1.0, 870.0)	(2.0, 1017.0)	(3.0, 1286.5)	(4.0, 1656.5)	(5.0, 2212.0)	(6.0, 2910.0)	(7.0, 3664.5)	(8.0, 4761.0)	(9.0, 6083.5)	(10.0, 7869.0)	(11.0, 10689.0)	(12.0, 14734.5)	(13.0, 20877.0)	(14.0, 29996.0)	(15.0, 43501.5)	(16.0, 64699.5)	(17.0, 97948.0)	(18.0, 147820.0)	(19.0, 220498.5)	(20.0, 324209.0)	(21.0, 466698.5)	(22.0, 656245.5)	(23.0, 897869.0)	(24.0, 1193270.5)	(25.0, 1547041.5)	(26.0, 1935187.0)	(27.0, 2343443.5)	(28.0, 2773890.5)	(29.0, 3203295.5)	(30.0, 3611270.5)	(31.0, 3988854.0)	(32.0, 4343084.0)	(33.0, 4671049.0)	(34.0, 4947258.0)	(35.0, 5152668.5)	(36.0, 5266686.5)	(37.0, 5277213.5)	(38.0, 5211529.5)	(39.0, 5097902.5)	(40.0, 4964327.0)	(41.0, 4817167.5)	(42.0, 4641083.0)	(43.0, 4437035.5)	(44.0, 4206706.0)	(45.0, 3957437.0)	(46.0, 3700694.5)	(47.0, 3434773.5)	(48.0, 3168763.0)	(49.0, 2907797.0)	(50.0, 2656135.0)	(51.0, 2403537.5)	(52.0, 2145733.5)	(53.0, 1903088.0)	(54.0, 1677148.5)	(55.0, 1477934.5)	(56.0, 1302553.0)	(57.0, 1136807.5)	(58.0, 996333.5)	(59.0, 888141.5)	(60.0, 790370.0)	(61.0, 686039.5)	(62.0, 574715.0)	(63.0, 474488.0)	(64.0, 395001.5)	(65.0, 329517.0)	(66.0, 276223.5)	(67.0, 233474.0)	(68.0, 197832.0)	(69.0, 161985.5)	(70.0, 130517.5)	(71.0, 112392.0)	(72.0, 99812.5)	(73.0, 85942.0)	(74.0, 69833.5)	(75.0, 58245.5)	(76.0, 51456.5)	(77.0, 44771.0)	(78.0, 38076.5)	(79.0, 32383.0)	(80.0, 26488.5)	(81.0, 20539.0)	(82.0, 16299.0)	(83.0, 11901.0)	(84.0, 8195.0)	(85.0, 5400.0)	(86.0, 3078.0)	(87.0, 3311.0)	(88.0, 3510.0)	(89.0, 2497.5)	(90.0, 1213.0)	(91.0, 474.5)	(92.0, 267.0)	(93.0, 284.0)	(94.0, 419.5)	(95.0, 749.5)	(96.0, 2027.0)	(97.0, 7930.5)	(98.0, 35131.0)	(99.0, 39536.5)	(100.0, 12156.5)
raw_fastq | fastqc_results | Control_MNP_I_S54_L002_R2_001	(0.0, 796.0)	(1.0, 833.5)	(2.0, 968.0)	(3.0, 1221.5)	(4.0, 1621.0)	(5.0, 2152.5)	(6.0, 2749.0)	(7.0, 3530.0)	(8.0, 4500.0)	(9.0, 5710.0)	(10.0, 7411.0)	(11.0, 10167.0)	(12.0, 14254.5)	(13.0, 20384.5)	(14.0, 29299.5)	(15.0, 42473.0)	(16.0, 63513.5)	(17.0, 96501.5)	(18.0, 146453.5)	(19.0, 219226.5)	(20.0, 322347.5)	(21.0, 464658.0)	(22.0, 654174.0)	(23.0, 895345.0)	(24.0, 1190303.0)	(25.0, 1542133.5)	(26.0, 1929448.0)	(27.0, 2337612.0)	(28.0, 2769150.0)	(29.0, 3199045.5)	(30.0, 3604881.5)	(31.0, 3982342.5)	(32.0, 4335226.5)	(33.0, 4658893.0)	(34.0, 4936084.5)	(35.0, 5142753.0)	(36.0, 5251931.0)	(37.0, 5263833.5)	(38.0, 5198917.5)	(39.0, 5086399.5)	(40.0, 4954008.5)	(41.0, 4805446.5)	(42.0, 4627592.5)	(43.0, 4420562.0)	(44.0, 4188090.5)	(45.0, 3938947.5)	(46.0, 3685016.5)	(47.0, 3420957.0)	(48.0, 3154266.5)	(49.0, 2889501.5)	(50.0, 2638553.0)	(51.0, 2389820.5)	(52.0, 2133662.0)	(53.0, 1893153.0)	(54.0, 1671361.0)	(55.0, 1472865.0)	(56.0, 1296858.5)	(57.0, 1133288.0)	(58.0, 995116.0)	(59.0, 885922.0)	(60.0, 786013.0)	(61.0, 683060.5)	(62.0, 574602.0)	(63.0, 477266.5)	(64.0, 399113.5)	(65.0, 333554.5)	(66.0, 281495.0)	(67.0, 238565.0)	(68.0, 202615.0)	(69.0, 167289.0)	(70.0, 135995.0)	(71.0, 118472.0)	(72.0, 105832.0)	(73.0, 91719.5)	(74.0, 75402.5)	(75.0, 63473.0)	(76.0, 56513.0)	(77.0, 49243.5)	(78.0, 42665.5)	(79.0, 37270.5)	(80.0, 31249.0)	(81.0, 25199.0)	(82.0, 20893.0)	(83.0, 16848.0)	(84.0, 13467.0)	(85.0, 10594.0)	(86.0, 8151.0)	(87.0, 8154.5)	(88.0, 8073.0)	(89.0, 7174.5)	(90.0, 6256.5)	(91.0, 5719.5)	(92.0, 5497.5)	(93.0, 5499.5)	(94.0, 5673.5)	(95.0, 6020.0)	(96.0, 7055.0)	(97.0, 9990.5)	(98.0, 16301.5)	(99.0, 31100.0)	(100.0, 139589.5)
raw_fastq | fastqc_results | Only_MNP_C1_S57_L002_R1_001	(0.0, 827.0)	(1.0, 834.5)	(2.0, 931.5)	(3.0, 1173.5)	(4.0, 1574.5)	(5.0, 2048.5)	(6.0, 2669.0)	(7.0, 3415.5)	(8.0, 4344.0)	(9.0, 5463.5)	(10.0, 7037.5)	(11.0, 9593.5)	(12.0, 13481.0)	(13.0, 19103.0)	(14.0, 27179.5)	(15.0, 39402.0)	(16.0, 58524.5)	(17.0, 88723.5)	(18.0, 134407.0)	(19.0, 200736.5)	(20.0, 294124.5)	(21.0, 422892.0)	(22.0, 594191.5)	(23.0, 812689.5)	(24.0, 1079709.5)	(25.0, 1397782.0)	(26.0, 1749405.5)	(27.0, 2122041.0)	(28.0, 2511157.5)	(29.0, 2897533.0)	(30.0, 3267927.0)	(31.0, 3615845.0)	(32.0, 3945133.0)	(33.0, 4256053.5)	(34.0, 4527650.5)	(35.0, 4726794.5)	(36.0, 4829392.0)	(37.0, 4829378.5)	(38.0, 4749553.0)	(39.0, 4629002.0)	(40.0, 4501633.5)	(41.0, 4366611.5)	(42.0, 4205150.0)	(43.0, 4016610.0)	(44.0, 3811690.0)	(45.0, 3595535.0)	(46.0, 3368731.0)	(47.0, 3131949.5)	(48.0, 2893245.5)	(49.0, 2656399.5)	(50.0, 2431060.5)	(51.0, 2206152.0)	(52.0, 1971287.5)	(53.0, 1747017.5)	(54.0, 1538322.5)	(55.0, 1353341.0)	(56.0, 1192740.0)	(57.0, 1043544.5)	(58.0, 916981.0)	(59.0, 820162.0)	(60.0, 731614.5)	(61.0, 635630.5)	(62.0, 533706.0)	(63.0, 441134.5)	(64.0, 366586.0)	(65.0, 306195.5)	(66.0, 257695.0)	(67.0, 217161.5)	(68.0, 183654.0)	(69.0, 150855.0)	(70.0, 121993.5)	(71.0, 106020.0)	(72.0, 94662.0)	(73.0, 81651.0)	(74.0, 66397.5)	(75.0, 55592.0)	(76.0, 49132.5)	(77.0, 42652.0)	(78.0, 36933.0)	(79.0, 31737.5)	(80.0, 25964.5)	(81.0, 19984.5)	(82.0, 15675.0)	(83.0, 11581.0)	(84.0, 8072.0)	(85.0, 5274.5)	(86.0, 2927.0)	(87.0, 3205.5)	(88.0, 3322.0)	(89.0, 2305.5)	(90.0, 1121.0)	(91.0, 380.0)	(92.0, 176.5)	(93.0, 212.0)	(94.0, 277.0)	(95.0, 526.5)	(96.0, 1565.5)	(97.0, 6167.5)	(98.0, 28003.0)	(99.0, 31663.5)	(100.0, 9710.5)
raw_fastq | fastqc_results | Only_MNP_C1_S57_L002_R2_001	(0.0, 688.0)	(1.0, 706.5)	(2.0, 849.0)	(3.0, 1134.0)	(4.0, 1511.0)	(5.0, 1922.0)	(6.0, 2459.5)	(7.0, 3151.5)	(8.0, 4023.5)	(9.0, 5187.5)	(10.0, 6844.0)	(11.0, 9283.0)	(12.0, 12889.5)	(13.0, 18314.0)	(14.0, 26376.0)	(15.0, 38673.5)	(16.0, 57838.5)	(17.0, 87943.5)	(18.0, 133048.5)	(19.0, 198645.5)	(20.0, 292790.0)	(21.0, 421036.0)	(22.0, 592370.5)	(23.0, 811352.0)	(24.0, 1077940.0)	(25.0, 1396899.0)	(26.0, 1747678.0)	(27.0, 2118028.5)	(28.0, 2506904.5)	(29.0, 2894192.0)	(30.0, 3261605.5)	(31.0, 3607799.5)	(32.0, 3937602.5)	(33.0, 4247168.0)	(34.0, 4519668.0)	(35.0, 4718831.0)	(36.0, 4819657.0)	(37.0, 4818060.5)	(38.0, 4739072.0)	(39.0, 4620709.5)	(40.0, 4490572.5)	(41.0, 4352024.5)	(42.0, 4189744.5)	(43.0, 4003558.5)	(44.0, 3800101.5)	(45.0, 3580425.5)	(46.0, 3352675.0)	(47.0, 3117599.0)	(48.0, 2879379.5)	(49.0, 2644202.0)	(50.0, 2419134.5)	(51.0, 2194291.0)	(52.0, 1961934.5)	(53.0, 1738190.0)	(54.0, 1530542.5)	(55.0, 1348277.5)	(56.0, 1188762.5)	(57.0, 1040650.5)	(58.0, 914940.0)	(59.0, 817078.5)	(60.0, 727816.5)	(61.0, 633600.0)	(62.0, 533538.5)	(63.0, 442401.5)	(64.0, 369455.5)	(65.0, 309028.5)	(66.0, 259928.5)	(67.0, 220799.5)	(68.0, 188300.5)	(69.0, 155717.0)	(70.0, 126871.5)	(71.0, 110133.5)	(72.0, 98641.5)	(73.0, 86161.0)	(74.0, 71136.5)	(75.0, 60029.0)	(76.0, 53442.0)	(77.0, 46602.0)	(78.0, 40465.5)	(79.0, 35006.0)	(80.0, 29089.0)	(81.0, 23555.0)	(82.0, 19466.5)	(83.0, 15383.0)	(84.0, 11995.0)	(85.0, 9399.0)	(86.0, 7078.5)	(87.0, 7023.5)	(88.0, 6995.5)	(89.0, 6129.0)	(90.0, 5214.5)	(91.0, 4595.5)	(92.0, 4482.5)	(93.0, 4562.5)	(94.0, 4722.5)	(95.0, 5065.0)	(96.0, 5978.0)	(97.0, 8561.5)	(98.0, 13830.0)	(99.0, 26835.5)	(100.0, 121128.5)
raw_fastq | fastqc_results | Only_MNP_C2_S58_L002_R1_001	(0.0, 833.0)	(1.0, 840.0)	(2.0, 992.5)	(3.0, 1260.5)	(4.0, 1607.5)	(5.0, 2134.0)	(6.0, 2793.0)	(7.0, 3547.5)	(8.0, 4463.0)	(9.0, 5784.0)	(10.0, 7572.5)	(11.0, 10314.5)	(12.0, 14374.5)	(13.0, 20112.5)	(14.0, 28657.0)	(15.0, 41693.0)	(16.0, 62338.5)	(17.0, 94086.5)	(18.0, 142193.5)	(19.0, 211977.5)	(20.0, 310971.0)	(21.0, 448652.5)	(22.0, 630731.5)	(23.0, 863719.0)	(24.0, 1147547.0)	(25.0, 1485037.0)	(26.0, 1860600.5)	(27.0, 2257877.0)	(28.0, 2673918.5)	(29.0, 3088403.0)	(30.0, 3482397.0)	(31.0, 3851157.0)	(32.0, 4200612.5)	(33.0, 4526349.5)	(34.0, 4811720.0)	(35.0, 5024884.0)	(36.0, 5134355.5)	(37.0, 5138112.5)	(38.0, 5062437.5)	(39.0, 4945536.5)	(40.0, 4815101.0)	(41.0, 4668848.5)	(42.0, 4497448.5)	(43.0, 4301418.0)	(44.0, 4083696.5)	(45.0, 3850019.0)	(46.0, 3608810.5)	(47.0, 3362527.0)	(48.0, 3109979.0)	(49.0, 2855169.5)	(50.0, 2611247.5)	(51.0, 2366428.0)	(52.0, 2113379.0)	(53.0, 1872047.0)	(54.0, 1650064.5)	(55.0, 1451930.5)	(56.0, 1275832.5)	(57.0, 1112284.0)	(58.0, 971426.5)	(59.0, 860726.0)	(60.0, 763911.5)	(61.0, 663589.5)	(62.0, 556482.0)	(63.0, 460554.5)	(64.0, 384426.5)	(65.0, 322029.5)	(66.0, 269963.0)	(67.0, 226216.0)	(68.0, 189862.0)	(69.0, 154684.5)	(70.0, 124097.0)	(71.0, 105822.5)	(72.0, 92935.5)	(73.0, 79096.0)	(74.0, 64298.5)	(75.0, 53954.5)	(76.0, 46997.5)	(77.0, 40508.5)	(78.0, 35002.0)	(79.0, 29702.0)	(80.0, 23799.5)	(81.0, 18244.0)	(82.0, 14435.5)	(83.0, 10647.0)	(84.0, 7291.5)	(85.0, 4712.0)	(86.0, 2666.0)	(87.0, 2869.0)	(88.0, 2970.0)	(89.0, 2028.0)	(90.0, 984.0)	(91.0, 363.0)	(92.0, 185.5)	(93.0, 186.5)	(94.0, 212.0)	(95.0, 367.0)	(96.0, 1022.0)	(97.0, 3702.0)	(98.0, 17257.0)	(99.0, 19456.5)	(100.0, 5717.5)
raw_fastq | fastqc_results | Only_MNP_C2_S58_L002_R2_001	(0.0, 707.0)	(1.0, 751.0)	(2.0, 895.5)	(3.0, 1159.0)	(4.0, 1533.5)	(5.0, 2013.0)	(6.0, 2675.5)	(7.0, 3328.5)	(8.0, 4173.5)	(9.0, 5472.0)	(10.0, 7233.0)	(11.0, 9848.5)	(12.0, 13743.0)	(13.0, 19496.0)	(14.0, 27872.0)	(15.0, 40896.5)	(16.0, 60965.0)	(17.0, 92900.5)	(18.0, 141170.0)	(19.0, 211106.0)	(20.0, 310296.5)	(21.0, 446831.0)	(22.0, 628564.0)	(23.0, 861116.0)	(24.0, 1145347.5)	(25.0, 1483956.0)	(26.0, 1859007.0)	(27.0, 2255552.0)	(28.0, 2671387.5)	(29.0, 3085482.5)	(30.0, 3479690.5)	(31.0, 3850059.0)	(32.0, 4200609.5)	(33.0, 4525520.0)	(34.0, 4805083.5)	(35.0, 5015185.5)	(36.0, 5129722.0)	(37.0, 5133463.0)	(38.0, 5056812.5)	(39.0, 4940375.5)	(40.0, 4805145.5)	(41.0, 4658090.5)	(42.0, 4488452.5)	(43.0, 4290568.0)	(44.0, 4070411.5)	(45.0, 3838774.0)	(46.0, 3597675.0)	(47.0, 3347939.5)	(48.0, 3093951.0)	(49.0, 2840332.5)	(50.0, 2597925.0)	(51.0, 2352886.5)	(52.0, 2102767.5)	(53.0, 1863718.5)	(54.0, 1641851.0)	(55.0, 1444817.5)	(56.0, 1270017.0)	(57.0, 1107755.5)	(58.0, 966680.0)	(59.0, 856407.0)	(60.0, 759255.5)	(61.0, 659383.0)	(62.0, 556271.0)	(63.0, 462407.5)	(64.0, 386132.0)	(65.0, 323094.0)	(66.0, 271314.0)	(67.0, 228595.5)	(68.0, 193229.0)	(69.0, 158352.5)	(70.0, 127822.5)	(71.0, 109735.0)	(72.0, 96801.0)	(73.0, 83317.0)	(74.0, 68106.5)	(75.0, 56699.0)	(76.0, 49914.0)	(77.0, 43792.0)	(78.0, 38062.5)	(79.0, 32623.5)	(80.0, 26877.5)	(81.0, 21455.0)	(82.0, 17748.5)	(83.0, 14152.0)	(84.0, 11016.5)	(85.0, 8381.0)	(86.0, 6237.0)	(87.0, 6248.5)	(88.0, 6048.5)	(89.0, 5165.5)	(90.0, 4448.5)	(91.0, 4066.5)	(92.0, 3929.5)	(93.0, 3904.0)	(94.0, 3938.5)	(95.0, 4143.0)	(96.0, 4829.5)	(97.0, 6961.5)	(98.0, 11617.0)	(99.0, 22697.0)	(100.0, 96591.0)
raw_fastq | fastqc_results | Only_MNP_C3_S59_L002_R1_001	(0.0, 845.0)	(1.0, 890.0)	(2.0, 1034.5)	(3.0, 1247.0)	(4.0, 1644.0)	(5.0, 2226.5)	(6.0, 2910.5)	(7.0, 3571.5)	(8.0, 4429.0)	(9.0, 5892.0)	(10.0, 7830.5)	(11.0, 10518.5)	(12.0, 14638.0)	(13.0, 20517.5)	(14.0, 29157.5)	(15.0, 42490.0)	(16.0, 63272.0)	(17.0, 95813.5)	(18.0, 144800.5)	(19.0, 215782.5)	(20.0, 316744.5)	(21.0, 455100.0)	(22.0, 641264.5)	(23.0, 878177.0)	(24.0, 1165652.5)	(25.0, 1510927.5)	(26.0, 1892512.0)	(27.0, 2294078.0)	(28.0, 2717446.5)	(29.0, 3137150.5)	(30.0, 3534800.0)	(31.0, 3913138.5)	(32.0, 4271816.0)	(33.0, 4607385.5)	(34.0, 4903669.0)	(35.0, 5124591.0)	(36.0, 5235357.0)	(37.0, 5230614.0)	(38.0, 5140495.0)	(39.0, 5008366.5)	(40.0, 4868440.0)	(41.0, 4717778.0)	(42.0, 4543988.5)	(43.0, 4345645.5)	(44.0, 4125368.0)	(45.0, 3890435.5)	(46.0, 3646637.0)	(47.0, 3393805.5)	(48.0, 3134632.0)	(49.0, 2879642.5)	(50.0, 2637410.5)	(51.0, 2391608.5)	(52.0, 2136238.0)	(53.0, 1892674.0)	(54.0, 1667493.5)	(55.0, 1469230.0)	(56.0, 1295800.5)	(57.0, 1132698.0)	(58.0, 995509.5)	(59.0, 890757.5)	(60.0, 795657.0)	(61.0, 692388.0)	(62.0, 578692.0)	(63.0, 476688.0)	(64.0, 396691.0)	(65.0, 330960.5)	(66.0, 278252.5)	(67.0, 235387.0)	(68.0, 199020.0)	(69.0, 163172.5)	(70.0, 131868.5)	(71.0, 113752.5)	(72.0, 101680.5)	(73.0, 87922.0)	(74.0, 71855.0)	(75.0, 60101.0)	(76.0, 52627.5)	(77.0, 45604.0)	(78.0, 39225.0)	(79.0, 33665.0)	(80.0, 27487.0)	(81.0, 21184.5)	(82.0, 16669.0)	(83.0, 12201.5)	(84.0, 8489.5)	(85.0, 5514.0)	(86.0, 3179.5)	(87.0, 3444.0)	(88.0, 3514.5)	(89.0, 2493.5)	(90.0, 1244.5)	(91.0, 452.5)	(92.0, 219.5)	(93.0, 218.0)	(94.0, 267.5)	(95.0, 444.0)	(96.0, 1188.5)	(97.0, 4481.5)	(98.0, 21022.5)	(99.0, 24043.0)	(100.0, 7406.0)
raw_fastq | fastqc_results | Only_MNP_C3_S59_L002_R2_001	(0.0, 767.0)	(1.0, 789.0)	(2.0, 915.5)	(3.0, 1212.5)	(4.0, 1598.5)	(5.0, 2041.0)	(6.0, 2659.0)	(7.0, 3377.0)	(8.0, 4279.0)	(9.0, 5568.0)	(10.0, 7371.0)	(11.0, 9989.5)	(12.0, 13876.0)	(13.0, 19712.0)	(14.0, 28256.5)	(15.0, 41391.5)	(16.0, 61889.5)	(17.0, 94055.0)	(18.0, 142934.5)	(19.0, 213726.5)	(20.0, 314517.0)	(21.0, 452898.5)	(22.0, 637804.0)	(23.0, 874495.5)	(24.0, 1163872.5)	(25.0, 1507086.0)	(26.0, 1886941.5)	(27.0, 2289061.5)	(28.0, 2711865.0)	(29.0, 3133727.0)	(30.0, 3530872.5)	(31.0, 3903993.5)	(32.0, 4261930.5)	(33.0, 4600660.5)	(34.0, 4896117.5)	(35.0, 5114977.0)	(36.0, 5227208.0)	(37.0, 5221217.5)	(38.0, 5131319.5)	(39.0, 5002187.0)	(40.0, 4860464.5)	(41.0, 4712263.5)	(42.0, 4537118.5)	(43.0, 4333696.5)	(44.0, 4114417.5)	(45.0, 3878679.5)	(46.0, 3634302.0)	(47.0, 3380344.0)	(48.0, 3122225.5)	(49.0, 2867133.0)	(50.0, 2620457.0)	(51.0, 2377094.0)	(52.0, 2127955.0)	(53.0, 1886051.0)	(54.0, 1662103.0)	(55.0, 1463956.0)	(56.0, 1290444.0)	(57.0, 1128532.5)	(58.0, 990626.5)	(59.0, 885948.0)	(60.0, 790244.0)	(61.0, 687744.0)	(62.0, 577104.0)	(63.0, 478016.0)	(64.0, 400236.0)	(65.0, 334083.5)	(66.0, 280397.0)	(67.0, 237528.5)	(68.0, 201962.5)	(69.0, 166890.5)	(70.0, 135507.0)	(71.0, 117852.0)	(72.0, 105630.5)	(73.0, 91677.5)	(74.0, 75746.5)	(75.0, 63667.0)	(76.0, 56292.0)	(77.0, 49231.0)	(78.0, 42637.0)	(79.0, 36653.5)	(80.0, 30314.0)	(81.0, 24237.0)	(82.0, 20170.5)	(83.0, 16151.5)	(84.0, 12413.5)	(85.0, 9268.5)	(86.0, 6828.0)	(87.0, 6995.5)	(88.0, 6917.5)	(89.0, 5904.0)	(90.0, 4845.0)	(91.0, 4335.0)	(92.0, 4301.5)	(93.0, 4306.0)	(94.0, 4376.5)	(95.0, 4674.0)	(96.0, 5455.0)	(97.0, 7767.0)	(98.0, 12696.0)	(99.0, 25156.5)	(100.0, 116872.0)
raw_fastq | fastqc_results | Only_MNP_C4_S60_L002_R1_001	(0.0, 870.0)	(1.0, 870.0)	(2.0, 990.5)	(3.0, 1250.0)	(4.0, 1561.0)	(5.0, 2074.0)	(6.0, 2771.5)	(7.0, 3461.0)	(8.0, 4393.0)	(9.0, 5842.0)	(10.0, 7622.0)	(11.0, 10240.5)	(12.0, 14221.0)	(13.0, 20087.0)	(14.0, 28583.0)	(15.0, 41629.0)	(16.0, 62180.0)	(17.0, 93619.5)	(18.0, 141964.5)	(19.0, 212346.0)	(20.0, 311370.0)	(21.0, 448148.0)	(22.0, 630069.5)	(23.0, 861728.0)	(24.0, 1146277.5)	(25.0, 1485926.0)	(26.0, 1859232.5)	(27.0, 2254885.0)	(28.0, 2670256.5)	(29.0, 3081840.0)	(30.0, 3475663.5)	(31.0, 3846199.5)	(32.0, 4195355.5)	(33.0, 4519342.5)	(34.0, 4800876.5)	(35.0, 5010498.0)	(36.0, 5119216.0)	(37.0, 5124756.5)	(38.0, 5052785.0)	(39.0, 4936041.0)	(40.0, 4803406.0)	(41.0, 4661160.0)	(42.0, 4490423.0)	(43.0, 4293492.0)	(44.0, 4077410.5)	(45.0, 3843922.5)	(46.0, 3601185.0)	(47.0, 3349083.5)	(48.0, 3092740.0)	(49.0, 2835884.0)	(50.0, 2591023.5)	(51.0, 2348417.5)	(52.0, 2100887.5)	(53.0, 1862482.5)	(54.0, 1640272.5)	(55.0, 1444450.0)	(56.0, 1272951.0)	(57.0, 1113883.0)	(58.0, 978797.5)	(59.0, 876626.5)	(60.0, 784972.0)	(61.0, 684077.5)	(62.0, 572025.0)	(63.0, 471608.0)	(64.0, 392917.0)	(65.0, 328191.5)	(66.0, 275669.0)	(67.0, 233721.0)	(68.0, 198834.0)	(69.0, 163638.0)	(70.0, 132571.0)	(71.0, 114353.5)	(72.0, 102431.0)	(73.0, 88546.5)	(74.0, 72311.5)	(75.0, 60864.0)	(76.0, 54038.5)	(77.0, 47178.0)	(78.0, 40347.0)	(79.0, 34467.0)	(80.0, 28197.0)	(81.0, 21714.5)	(82.0, 17182.0)	(83.0, 12605.5)	(84.0, 8720.0)	(85.0, 5696.5)	(86.0, 3246.0)	(87.0, 3553.5)	(88.0, 3611.5)	(89.0, 2419.0)	(90.0, 1152.5)	(91.0, 414.0)	(92.0, 179.0)	(93.0, 196.5)	(94.0, 263.0)	(95.0, 510.5)	(96.0, 1551.0)	(97.0, 6535.5)	(98.0, 32694.5)	(99.0, 37973.5)	(100.0, 11887.5)
raw_fastq | fastqc_results | Only_MNP_C4_S60_L002_R2_001	(0.0, 693.0)	(1.0, 751.0)	(2.0, 928.5)	(3.0, 1206.0)	(4.0, 1525.0)	(5.0, 1960.0)	(6.0, 2542.0)	(7.0, 3271.0)	(8.0, 4169.0)	(9.0, 5457.0)	(10.0, 7166.5)	(11.0, 9682.5)	(12.0, 13633.5)	(13.0, 19477.5)	(14.0, 27913.0)	(15.0, 40506.0)	(16.0, 60646.0)	(17.0, 92600.0)	(18.0, 140882.5)	(19.0, 210638.0)	(20.0, 309641.5)	(21.0, 445934.0)	(22.0, 628364.5)	(23.0, 861160.5)	(24.0, 1144971.5)	(25.0, 1483291.5)	(26.0, 1857655.0)	(27.0, 2252887.0)	(28.0, 2667834.5)	(29.0, 3081471.5)	(30.0, 3474016.0)	(31.0, 3844160.0)	(32.0, 4192274.0)	(33.0, 4514409.0)	(34.0, 4794840.0)	(35.0, 5001033.0)	(36.0, 5110006.5)	(37.0, 5114690.5)	(38.0, 5040944.0)	(39.0, 4924462.5)	(40.0, 4792401.5)	(41.0, 4646287.5)	(42.0, 4472008.0)	(43.0, 4276181.0)	(44.0, 4062733.5)	(45.0, 3830755.0)	(46.0, 3586550.5)	(47.0, 3333186.0)	(48.0, 3075446.0)	(49.0, 2821486.5)	(50.0, 2579011.5)	(51.0, 2338315.5)	(52.0, 2091270.0)	(53.0, 1853591.5)	(54.0, 1632129.5)	(55.0, 1438392.0)	(56.0, 1270537.0)	(57.0, 1111155.5)	(58.0, 975859.0)	(59.0, 872479.0)	(60.0, 778851.0)	(61.0, 679294.5)	(62.0, 570525.5)	(63.0, 472997.0)	(64.0, 396436.5)	(65.0, 331389.5)	(66.0, 278496.5)	(67.0, 236587.5)	(68.0, 202487.0)	(69.0, 167788.0)	(70.0, 136440.5)	(71.0, 118820.0)	(72.0, 107067.0)	(73.0, 93024.0)	(74.0, 76583.5)	(75.0, 64571.5)	(76.0, 57601.0)	(77.0, 50791.0)	(78.0, 44053.0)	(79.0, 38242.5)	(80.0, 31713.0)	(81.0, 25126.0)	(82.0, 20833.5)	(83.0, 16673.5)	(84.0, 12812.5)	(85.0, 9719.0)	(86.0, 7154.0)	(87.0, 7180.0)	(88.0, 7148.0)	(89.0, 6111.0)	(90.0, 5261.5)	(91.0, 4907.5)	(92.0, 4761.5)	(93.0, 4782.5)	(94.0, 4958.0)	(95.0, 5376.5)	(96.0, 6424.5)	(97.0, 9260.5)	(98.0, 15035.0)	(99.0, 28687.0)	(100.0, 126831.0)
raw_fastq | fastqc_results | Plasmid_Ko_P1_S61_L002_R1_001	(0.0, 856.0)	(1.0, 891.5)	(2.0, 1015.5)	(3.0, 1283.5)	(4.0, 1679.0)	(5.0, 2222.0)	(6.0, 2917.5)	(7.0, 3660.5)	(8.0, 4628.0)	(9.0, 5948.0)	(10.0, 7858.5)	(11.0, 10843.0)	(12.0, 15169.0)	(13.0, 21309.0)	(14.0, 30200.0)	(15.0, 43479.0)	(16.0, 64495.5)	(17.0, 97971.0)	(18.0, 148242.0)	(19.0, 221070.0)	(20.0, 324164.0)	(21.0, 465690.0)	(22.0, 654254.5)	(23.0, 894815.5)	(24.0, 1188852.0)	(25.0, 1539864.5)	(26.0, 1927785.0)	(27.0, 2337488.5)	(28.0, 2767233.0)	(29.0, 3193326.0)	(30.0, 3601009.0)	(31.0, 3981113.0)	(32.0, 4342524.5)	(33.0, 4682900.0)	(34.0, 4972859.5)	(35.0, 5189006.5)	(36.0, 5304621.5)	(37.0, 5310386.5)	(38.0, 5231921.0)	(39.0, 5109031.5)	(40.0, 4972821.0)	(41.0, 4821868.0)	(42.0, 4640140.0)	(43.0, 4434555.0)	(44.0, 4210037.5)	(45.0, 3967237.0)	(46.0, 3714446.5)	(47.0, 3450832.5)	(48.0, 3182656.0)	(49.0, 2918159.5)	(50.0, 2667277.0)	(51.0, 2416595.0)	(52.0, 2157691.0)	(53.0, 1912790.0)	(54.0, 1686907.5)	(55.0, 1486602.5)	(56.0, 1311237.0)	(57.0, 1146414.5)	(58.0, 1005168.5)	(59.0, 898851.5)	(60.0, 802594.5)	(61.0, 695824.0)	(62.0, 581361.5)	(63.0, 480151.0)	(64.0, 400676.5)	(65.0, 333859.0)	(66.0, 279429.0)	(67.0, 235743.5)	(68.0, 199473.0)	(69.0, 163539.5)	(70.0, 131791.5)	(71.0, 112926.0)	(72.0, 99649.0)	(73.0, 85984.0)	(74.0, 70361.0)	(75.0, 59136.5)	(76.0, 51915.5)	(77.0, 44436.5)	(78.0, 38010.0)	(79.0, 32652.0)	(80.0, 26621.0)	(81.0, 20388.0)	(82.0, 16136.5)	(83.0, 11816.5)	(84.0, 8083.0)	(85.0, 5306.5)	(86.0, 3058.0)	(87.0, 3275.5)	(88.0, 3424.0)	(89.0, 2467.0)	(90.0, 1229.0)	(91.0, 465.0)	(92.0, 246.0)	(93.0, 258.0)	(94.0, 356.5)	(95.0, 766.0)	(96.0, 2238.0)	(97.0, 8217.5)	(98.0, 35987.5)	(99.0, 40201.5)	(100.0, 12043.0)
raw_fastq | fastqc_results | Plasmid_Ko_P1_S61_L002_R2_001	(0.0, 727.0)	(1.0, 770.0)	(2.0, 929.0)	(3.0, 1233.0)	(4.0, 1667.5)	(5.0, 2172.5)	(6.0, 2758.5)	(7.0, 3480.0)	(8.0, 4432.0)	(9.0, 5765.5)	(10.0, 7519.5)	(11.0, 10304.5)	(12.0, 14614.0)	(13.0, 20487.5)	(14.0, 29117.0)	(15.0, 42803.5)	(16.0, 63724.0)	(17.0, 96669.5)	(18.0, 146707.5)	(19.0, 219497.0)	(20.0, 322344.0)	(21.0, 462644.0)	(22.0, 650656.5)	(23.0, 891464.0)	(24.0, 1184558.5)	(25.0, 1533198.0)	(26.0, 1919475.5)	(27.0, 2328825.0)	(28.0, 2757097.5)	(29.0, 3185546.5)	(30.0, 3593042.0)	(31.0, 3972453.0)	(32.0, 4333052.0)	(33.0, 4671088.0)	(34.0, 4960803.0)	(35.0, 5176541.0)	(36.0, 5291313.0)	(37.0, 5297169.5)	(38.0, 5220455.5)	(39.0, 5092967.0)	(40.0, 4954633.0)	(41.0, 4806403.5)	(42.0, 4626620.5)	(43.0, 4421190.5)	(44.0, 4194852.0)	(45.0, 3952563.5)	(46.0, 3702344.0)	(47.0, 3440707.0)	(48.0, 3173049.5)	(49.0, 2907693.0)	(50.0, 2655805.5)	(51.0, 2406211.5)	(52.0, 2151257.5)	(53.0, 1908877.5)	(54.0, 1683430.5)	(55.0, 1484253.0)	(56.0, 1308529.5)	(57.0, 1143291.0)	(58.0, 1003694.0)	(59.0, 897638.0)	(60.0, 799134.0)	(61.0, 692875.0)	(62.0, 582444.0)	(63.0, 483537.0)	(64.0, 404618.5)	(65.0, 337900.5)	(66.0, 283884.5)	(67.0, 240856.0)	(68.0, 204729.0)	(69.0, 169090.5)	(70.0, 137299.5)	(71.0, 118678.5)	(72.0, 106016.5)	(73.0, 92105.5)	(74.0, 75817.0)	(75.0, 64056.5)	(76.0, 57081.5)	(77.0, 49653.0)	(78.0, 43089.0)	(79.0, 37515.0)	(80.0, 31337.5)	(81.0, 25243.0)	(82.0, 20953.5)	(83.0, 16879.5)	(84.0, 13264.5)	(85.0, 10371.5)	(86.0, 8100.0)	(87.0, 8088.5)	(88.0, 7960.5)	(89.0, 7025.0)	(90.0, 6015.5)	(91.0, 5499.5)	(92.0, 5319.5)	(93.0, 5313.5)	(94.0, 5430.0)	(95.0, 5692.5)	(96.0, 6598.0)	(97.0, 9231.0)	(98.0, 14680.5)	(99.0, 28567.0)	(100.0, 132304.0)
raw_fastq | fastqc_results | Plasmid_Ko_P2_S62_L002_R1_001	(0.0, 850.0)	(1.0, 859.0)	(2.0, 964.5)	(3.0, 1270.5)	(4.0, 1664.0)	(5.0, 2158.0)	(6.0, 2791.5)	(7.0, 3535.0)	(8.0, 4555.0)	(9.0, 5870.5)	(10.0, 7645.5)	(11.0, 10365.0)	(12.0, 14481.0)	(13.0, 20513.0)	(14.0, 29237.0)	(15.0, 42772.5)	(16.0, 63865.5)	(17.0, 96164.0)	(18.0, 145307.5)	(19.0, 217055.0)	(20.0, 318599.5)	(21.0, 457769.0)	(22.0, 642144.0)	(23.0, 879571.5)	(24.0, 1171003.5)	(25.0, 1517231.5)	(26.0, 1897391.5)	(27.0, 2299610.5)	(28.0, 2724092.5)	(29.0, 3143103.0)	(30.0, 3540634.0)	(31.0, 3918090.0)	(32.0, 4273188.5)	(33.0, 4605621.5)	(34.0, 4895430.0)	(35.0, 5102936.5)	(36.0, 5212169.0)	(37.0, 5221540.5)	(38.0, 5146646.0)	(39.0, 5024422.0)	(40.0, 4886420.5)	(41.0, 4739966.0)	(42.0, 4569438.0)	(43.0, 4368768.5)	(44.0, 4148510.5)	(45.0, 3912279.5)	(46.0, 3668840.0)	(47.0, 3418319.0)	(48.0, 3159799.5)	(49.0, 2901354.0)	(50.0, 2655978.5)	(51.0, 2408253.5)	(52.0, 2152078.5)	(53.0, 1907769.5)	(54.0, 1678957.5)	(55.0, 1477718.0)	(56.0, 1301665.5)	(57.0, 1138075.5)	(58.0, 999701.5)	(59.0, 895586.0)	(60.0, 801712.0)	(61.0, 698112.0)	(62.0, 584348.0)	(63.0, 480999.5)	(64.0, 400986.5)	(65.0, 334445.0)	(66.0, 280178.0)	(67.0, 236913.5)	(68.0, 200688.5)	(69.0, 164804.0)	(70.0, 133416.0)	(71.0, 114704.5)	(72.0, 102098.5)	(73.0, 88864.5)	(74.0, 72751.5)	(75.0, 60937.0)	(76.0, 53565.0)	(77.0, 46594.5)	(78.0, 40222.5)	(79.0, 34417.0)	(80.0, 27949.5)	(81.0, 21450.5)	(82.0, 17131.5)	(83.0, 12584.0)	(84.0, 8569.5)	(85.0, 5642.0)	(86.0, 3331.0)	(87.0, 3540.5)	(88.0, 3491.0)	(89.0, 2297.0)	(90.0, 1097.5)	(91.0, 388.0)	(92.0, 159.5)	(93.0, 164.5)	(94.0, 196.5)	(95.0, 346.0)	(96.0, 1007.0)	(97.0, 3934.0)	(98.0, 18452.0)	(99.0, 21089.5)	(100.0, 6560.5)
raw_fastq | fastqc_results | Plasmid_Ko_P2_S62_L002_R2_001	(0.0, 720.0)	(1.0, 756.5)	(2.0, 918.5)	(3.0, 1200.0)	(4.0, 1575.0)	(5.0, 2044.0)	(6.0, 2670.5)	(7.0, 3401.5)	(8.0, 4241.5)	(9.0, 5507.5)	(10.0, 7309.0)	(11.0, 10001.5)	(12.0, 14088.5)	(13.0, 20121.5)	(14.0, 28650.0)	(15.0, 41888.5)	(16.0, 62839.5)	(17.0, 95357.5)	(18.0, 143902.0)	(19.0, 215569.0)	(20.0, 318721.5)	(21.0, 458642.5)	(22.0, 643980.0)	(23.0, 882843.5)	(24.0, 1173017.5)	(25.0, 1518157.0)	(26.0, 1900559.5)	(27.0, 2303639.0)	(28.0, 2728718.5)	(29.0, 3150672.5)	(30.0, 3547938.5)	(31.0, 3921920.0)	(32.0, 4278229.0)	(33.0, 4610875.0)	(34.0, 4893679.5)	(35.0, 5100226.5)	(36.0, 5209235.5)	(37.0, 5211831.0)	(38.0, 5134805.0)	(39.0, 5012969.5)	(40.0, 4875407.0)	(41.0, 4726247.0)	(42.0, 4550466.5)	(43.0, 4349912.5)	(44.0, 4128071.0)	(45.0, 3890899.5)	(46.0, 3647180.0)	(47.0, 3394582.0)	(48.0, 3139468.0)	(49.0, 2882108.0)	(50.0, 2634128.0)	(51.0, 2388952.0)	(52.0, 2136556.5)	(53.0, 1892529.5)	(54.0, 1664365.0)	(55.0, 1466284.0)	(56.0, 1292797.0)	(57.0, 1130379.5)	(58.0, 993739.5)	(59.0, 889108.5)	(60.0, 794244.5)	(61.0, 692090.5)	(62.0, 581068.5)	(63.0, 480246.5)	(64.0, 400705.5)	(65.0, 334561.5)	(66.0, 281233.5)	(67.0, 238232.5)	(68.0, 202970.0)	(69.0, 167784.5)	(70.0, 135830.0)	(71.0, 117618.5)	(72.0, 105887.0)	(73.0, 92438.0)	(74.0, 75962.0)	(75.0, 63886.0)	(76.0, 56801.0)	(77.0, 49970.5)	(78.0, 43186.5)	(79.0, 37224.5)	(80.0, 30901.5)	(81.0, 24424.0)	(82.0, 20326.5)	(83.0, 16323.5)	(84.0, 12670.0)	(85.0, 9732.5)	(86.0, 7205.5)	(87.0, 7250.0)	(88.0, 7145.5)	(89.0, 6077.5)	(90.0, 5059.0)	(91.0, 4494.0)	(92.0, 4314.5)	(93.0, 4453.0)	(94.0, 4662.0)	(95.0, 4949.0)	(96.0, 5867.0)	(97.0, 8629.0)	(98.0, 14413.5)	(99.0, 29085.5)	(100.0, 123466.0)
raw_fastq | fastqc_results | Plasmid_Ko_P3_S63_L002_R1_001	(0.0, 773.0)	(1.0, 799.5)	(2.0, 940.5)	(3.0, 1209.5)	(4.0, 1560.0)	(5.0, 1986.0)	(6.0, 2626.0)	(7.0, 3320.5)	(8.0, 4151.0)	(9.0, 5380.0)	(10.0, 7046.0)	(11.0, 9598.5)	(12.0, 13476.5)	(13.0, 18934.0)	(14.0, 26845.0)	(15.0, 39141.0)	(16.0, 57857.0)	(17.0, 87029.5)	(18.0, 131818.5)	(19.0, 196269.0)	(20.0, 287694.0)	(21.0, 413687.5)	(22.0, 581290.0)	(23.0, 794383.5)	(24.0, 1053751.0)	(25.0, 1364285.0)	(26.0, 1706829.0)	(27.0, 2067557.5)	(28.0, 2446506.0)	(29.0, 2824455.5)	(30.0, 3184616.5)	(31.0, 3520756.5)	(32.0, 3840767.5)	(33.0, 4139006.5)	(34.0, 4396636.5)	(35.0, 4590406.5)	(36.0, 4692093.0)	(37.0, 4692405.0)	(38.0, 4617177.0)	(39.0, 4503122.5)	(40.0, 4376202.0)	(41.0, 4241503.0)	(42.0, 4086118.5)	(43.0, 3907732.5)	(44.0, 3710403.5)	(45.0, 3502194.5)	(46.0, 3286594.5)	(47.0, 3059685.0)	(48.0, 2827489.0)	(49.0, 2595092.5)	(50.0, 2372437.0)	(51.0, 2150544.0)	(52.0, 1922665.5)	(53.0, 1703407.0)	(54.0, 1499070.5)	(55.0, 1318882.5)	(56.0, 1161209.5)	(57.0, 1014398.0)	(58.0, 889813.0)	(59.0, 794767.0)	(60.0, 708624.5)	(61.0, 615866.5)	(62.0, 515591.0)	(63.0, 425698.5)	(64.0, 354879.0)	(65.0, 295835.5)	(66.0, 247788.0)	(67.0, 209001.0)	(68.0, 177302.0)	(69.0, 145842.0)	(70.0, 118064.5)	(71.0, 102117.0)	(72.0, 91178.5)	(73.0, 78709.0)	(74.0, 64085.5)	(75.0, 53786.0)	(76.0, 47404.0)	(77.0, 40923.5)	(78.0, 35150.0)	(79.0, 30107.5)	(80.0, 24176.5)	(81.0, 18406.5)	(82.0, 14737.5)	(83.0, 10878.5)	(84.0, 7516.5)	(85.0, 4948.5)	(86.0, 2909.0)	(87.0, 3183.5)	(88.0, 3210.0)	(89.0, 2250.0)	(90.0, 1111.0)	(91.0, 408.5)	(92.0, 215.5)	(93.0, 253.0)	(94.0, 307.0)	(95.0, 446.0)	(96.0, 1002.5)	(97.0, 3337.5)	(98.0, 14096.0)	(99.0, 15368.5)	(100.0, 4338.0)
raw_fastq | fastqc_results | Plasmid_Ko_P3_S63_L002_R2_001	(0.0, 695.0)	(1.0, 717.0)	(2.0, 837.0)	(3.0, 1087.5)	(4.0, 1405.5)	(5.0, 1832.0)	(6.0, 2449.5)	(7.0, 3151.5)	(8.0, 3895.0)	(9.0, 4997.0)	(10.0, 6521.5)	(11.0, 8921.5)	(12.0, 12707.5)	(13.0, 18094.0)	(14.0, 26107.5)	(15.0, 37717.5)	(16.0, 55683.0)	(17.0, 85021.5)	(18.0, 129540.0)	(19.0, 193749.5)	(20.0, 284919.5)	(21.0, 410198.0)	(22.0, 576314.0)	(23.0, 787722.5)	(24.0, 1047164.0)	(25.0, 1357103.0)	(26.0, 1697362.0)	(27.0, 2057576.0)	(28.0, 2437517.5)	(29.0, 2813977.0)	(30.0, 3171310.5)	(31.0, 3506584.5)	(32.0, 3825701.5)	(33.0, 4125384.5)	(34.0, 4385760.0)	(35.0, 4577588.0)	(36.0, 4677904.0)	(37.0, 4681228.0)	(38.0, 4610668.0)	(39.0, 4496924.0)	(40.0, 4369916.0)	(41.0, 4237279.5)	(42.0, 4079146.0)	(43.0, 3897480.5)	(44.0, 3700256.5)	(45.0, 3492668.0)	(46.0, 3277230.0)	(47.0, 3049794.5)	(48.0, 2818367.5)	(49.0, 2588058.0)	(50.0, 2365281.0)	(51.0, 2143662.5)	(52.0, 1917431.0)	(53.0, 1699577.0)	(54.0, 1496219.0)	(55.0, 1316349.0)	(56.0, 1158824.0)	(57.0, 1010905.5)	(58.0, 886328.0)	(59.0, 792090.5)	(60.0, 705525.5)	(61.0, 612945.5)	(62.0, 515094.0)	(63.0, 428358.5)	(64.0, 358386.0)	(65.0, 299264.0)	(66.0, 251371.0)	(67.0, 213102.0)	(68.0, 181436.5)	(69.0, 149840.0)	(70.0, 122212.0)	(71.0, 106509.0)	(72.0, 95894.0)	(73.0, 83534.5)	(74.0, 68585.5)	(75.0, 57989.0)	(76.0, 51681.5)	(77.0, 44893.5)	(78.0, 38826.5)	(79.0, 33721.0)	(80.0, 28047.5)	(81.0, 22453.5)	(82.0, 18749.5)	(83.0, 15130.5)	(84.0, 11839.0)	(85.0, 9196.5)	(86.0, 7019.0)	(87.0, 7145.0)	(88.0, 7044.0)	(89.0, 6131.0)	(90.0, 5317.5)	(91.0, 4822.5)	(92.0, 4617.0)	(93.0, 4600.5)	(94.0, 4609.5)	(95.0, 4749.0)	(96.0, 5300.0)	(97.0, 7327.5)	(98.0, 12019.0)	(99.0, 23951.5)	(100.0, 103068.5)
raw_fastq | fastqc_results | Plasmid_Ko_P4_S64_L002_R1_001	(0.0, 819.0)	(1.0, 863.5)	(2.0, 1013.5)	(3.0, 1280.5)	(4.0, 1656.0)	(5.0, 2163.5)	(6.0, 2795.0)	(7.0, 3496.5)	(8.0, 4437.0)	(9.0, 5783.5)	(10.0, 7581.5)	(11.0, 10459.5)	(12.0, 14628.5)	(13.0, 20422.0)	(14.0, 29022.0)	(15.0, 42226.5)	(16.0, 62778.0)	(17.0, 95015.5)	(18.0, 143784.5)	(19.0, 214581.5)	(20.0, 314366.5)	(21.0, 451048.0)	(22.0, 634373.0)	(23.0, 868035.0)	(24.0, 1153635.5)	(25.0, 1493110.0)	(26.0, 1867922.5)	(27.0, 2263258.5)	(28.0, 2677035.0)	(29.0, 3089891.5)	(30.0, 3481090.5)	(31.0, 3848021.0)	(32.0, 4196302.5)	(33.0, 4520459.5)	(34.0, 4801544.5)	(35.0, 5011052.0)	(36.0, 5117756.0)	(37.0, 5119259.0)	(38.0, 5039720.0)	(39.0, 4914401.0)	(40.0, 4776541.0)	(41.0, 4625245.5)	(42.0, 4449577.0)	(43.0, 4253811.5)	(44.0, 4036363.5)	(45.0, 3799108.0)	(46.0, 3554572.5)	(47.0, 3302973.5)	(48.0, 3048667.5)	(49.0, 2795991.5)	(50.0, 2556880.5)	(51.0, 2315349.0)	(52.0, 2065681.5)	(53.0, 1832177.5)	(54.0, 1613222.5)	(55.0, 1418442.5)	(56.0, 1248649.5)	(57.0, 1091340.5)	(58.0, 958367.5)	(59.0, 857362.5)	(60.0, 767285.5)	(61.0, 667076.0)	(62.0, 556858.5)	(63.0, 458218.0)	(64.0, 380965.0)	(65.0, 317877.0)	(66.0, 267278.5)	(67.0, 225714.0)	(68.0, 191267.0)	(69.0, 157455.5)	(70.0, 127224.5)	(71.0, 109828.5)	(72.0, 97457.5)	(73.0, 83650.5)	(74.0, 67957.0)	(75.0, 57093.0)	(76.0, 50398.0)	(77.0, 43900.5)	(78.0, 37808.0)	(79.0, 31988.0)	(80.0, 26050.5)	(81.0, 20157.5)	(82.0, 15995.0)	(83.0, 11749.0)	(84.0, 8100.0)	(85.0, 5256.5)	(86.0, 3050.5)	(87.0, 3388.5)	(88.0, 3459.5)	(89.0, 2397.0)	(90.0, 1179.5)	(91.0, 415.0)	(92.0, 164.5)	(93.0, 179.0)	(94.0, 214.5)	(95.0, 325.0)	(96.0, 872.5)	(97.0, 3486.0)	(98.0, 16490.5)	(99.0, 18538.5)	(100.0, 5422.0)
raw_fastq | fastqc_results | Plasmid_Ko_P4_S64_L002_R2_001	(0.0, 652.0)	(1.0, 715.0)	(2.0, 899.0)	(3.0, 1179.0)	(4.0, 1588.5)	(5.0, 2062.0)	(6.0, 2704.0)	(7.0, 3462.5)	(8.0, 4363.0)	(9.0, 5619.0)	(10.0, 7370.0)	(11.0, 9973.5)	(12.0, 13833.5)	(13.0, 19647.0)	(14.0, 28206.0)	(15.0, 41160.0)	(16.0, 61334.5)	(17.0, 93515.0)	(18.0, 141885.0)	(19.0, 212442.0)	(20.0, 312446.0)	(21.0, 448531.0)	(22.0, 630893.0)	(23.0, 865577.0)	(24.0, 1151114.0)	(25.0, 1488675.0)	(26.0, 1863442.5)	(27.0, 2260950.0)	(28.0, 2676887.5)	(29.0, 3088207.5)	(30.0, 3476253.5)	(31.0, 3844333.5)	(32.0, 4194285.0)	(33.0, 4518763.0)	(34.0, 4800320.5)	(35.0, 5005810.0)	(36.0, 5110729.5)	(37.0, 5109664.0)	(38.0, 5027466.0)	(39.0, 4903728.0)	(40.0, 4764632.0)	(41.0, 4615290.5)	(42.0, 4440383.0)	(43.0, 4238992.5)	(44.0, 4019789.0)	(45.0, 3783151.0)	(46.0, 3538973.0)	(47.0, 3289101.5)	(48.0, 3034029.0)	(49.0, 2781789.5)	(50.0, 2541375.5)	(51.0, 2301742.5)	(52.0, 2055107.5)	(53.0, 1818921.5)	(54.0, 1600492.5)	(55.0, 1408893.0)	(56.0, 1241310.5)	(57.0, 1084844.0)	(58.0, 953187.5)	(59.0, 852386.5)	(60.0, 761708.0)	(61.0, 662850.5)	(62.0, 555622.0)	(63.0, 459355.5)	(64.0, 382856.5)	(65.0, 319557.0)	(66.0, 268386.5)	(67.0, 226900.5)	(68.0, 193327.0)	(69.0, 159995.5)	(70.0, 129728.5)	(71.0, 112521.0)	(72.0, 100860.5)	(73.0, 87761.0)	(74.0, 72091.0)	(75.0, 60825.5)	(76.0, 54162.5)	(77.0, 47349.0)	(78.0, 41094.0)	(79.0, 35613.5)	(80.0, 29765.0)	(81.0, 23745.5)	(82.0, 19580.5)	(83.0, 15580.0)	(84.0, 12004.0)	(85.0, 9212.0)	(86.0, 6912.5)	(87.0, 6916.5)	(88.0, 6856.0)	(89.0, 5955.5)	(90.0, 5027.5)	(91.0, 4490.5)	(92.0, 4332.5)	(93.0, 4425.5)	(94.0, 4509.5)	(95.0, 4726.5)	(96.0, 5660.5)	(97.0, 8316.0)	(98.0, 13816.0)	(99.0, 27973.0)	(100.0, 121946.0)
raw_fastq | fastqc_results | RNP_Cas1_S65_L002_R1_001	(0.0, 1127.0)	(1.0, 1124.5)	(2.0, 1265.0)	(3.0, 1619.5)	(4.0, 2142.5)	(5.0, 2842.0)	(6.0, 3669.5)	(7.0, 4617.0)	(8.0, 5883.5)	(9.0, 7645.0)	(10.0, 10182.5)	(11.0, 13824.5)	(12.0, 19171.5)	(13.0, 26920.5)	(14.0, 38209.5)	(15.0, 55348.0)	(16.0, 81688.5)	(17.0, 124071.0)	(18.0, 187735.5)	(19.0, 279656.5)	(20.0, 409985.5)	(21.0, 589169.5)	(22.0, 828813.0)	(23.0, 1134373.5)	(24.0, 1505921.5)	(25.0, 1948881.0)	(26.0, 2437816.0)	(27.0, 2955852.5)	(28.0, 3498377.5)	(29.0, 4037586.0)	(30.0, 4549059.0)	(31.0, 5027113.5)	(32.0, 5477766.0)	(33.0, 5895193.0)	(34.0, 6253541.0)	(35.0, 6514206.0)	(36.0, 6650407.5)	(37.0, 6654223.0)	(38.0, 6559122.0)	(39.0, 6407977.5)	(40.0, 6236228.5)	(41.0, 6048063.5)	(42.0, 5822750.5)	(43.0, 5563381.5)	(44.0, 5276531.0)	(45.0, 4968077.0)	(46.0, 4649691.0)	(47.0, 4318037.0)	(48.0, 3978971.5)	(49.0, 3646374.5)	(50.0, 3331179.5)	(51.0, 3019047.5)	(52.0, 2697982.5)	(53.0, 2389216.0)	(54.0, 2104933.0)	(55.0, 1855574.0)	(56.0, 1636918.5)	(57.0, 1434033.0)	(58.0, 1264181.0)	(59.0, 1133101.5)	(60.0, 1012316.0)	(61.0, 880054.5)	(62.0, 736589.0)	(63.0, 609348.0)	(64.0, 509366.5)	(65.0, 424430.0)	(66.0, 355789.0)	(67.0, 301260.5)	(68.0, 256628.5)	(69.0, 211677.0)	(70.0, 171073.5)	(71.0, 149008.0)	(72.0, 134103.0)	(73.0, 117002.5)	(74.0, 96105.5)	(75.0, 80797.0)	(76.0, 71537.0)	(77.0, 62044.5)	(78.0, 53480.0)	(79.0, 46182.0)	(80.0, 37751.5)	(81.0, 28765.5)	(82.0, 22710.5)	(83.0, 16985.0)	(84.0, 11984.5)	(85.0, 7685.5)	(86.0, 4273.5)	(87.0, 4682.5)	(88.0, 4824.0)	(89.0, 3398.0)	(90.0, 1717.0)	(91.0, 609.5)	(92.0, 281.5)	(93.0, 334.0)	(94.0, 436.0)	(95.0, 831.0)	(96.0, 2389.5)	(97.0, 9113.5)	(98.0, 43191.5)	(99.0, 49184.5)	(100.0, 15008.0)
raw_fastq | fastqc_results | RNP_Cas1_S65_L002_R2_001	(0.0, 996.0)	(1.0, 1030.5)	(2.0, 1193.5)	(3.0, 1547.5)	(4.0, 2038.0)	(5.0, 2683.0)	(6.0, 3556.0)	(7.0, 4461.0)	(8.0, 5617.0)	(9.0, 7376.5)	(10.0, 9712.5)	(11.0, 13070.5)	(12.0, 18171.0)	(13.0, 25855.5)	(14.0, 37210.0)	(15.0, 54081.0)	(16.0, 80813.5)	(17.0, 122727.5)	(18.0, 185925.5)	(19.0, 278018.0)	(20.0, 407939.0)	(21.0, 587236.5)	(22.0, 826136.5)	(23.0, 1130548.5)	(24.0, 1501378.0)	(25.0, 1943814.0)	(26.0, 2432409.0)	(27.0, 2947929.5)	(28.0, 3489700.0)	(29.0, 4027112.0)	(30.0, 4534904.5)	(31.0, 5012147.0)	(32.0, 5463225.5)	(33.0, 5878008.5)	(34.0, 6234260.0)	(35.0, 6495600.5)	(36.0, 6629593.0)	(37.0, 6630202.5)	(38.0, 6535947.0)	(39.0, 6389376.0)	(40.0, 6215995.0)	(41.0, 6027051.5)	(42.0, 5802428.5)	(43.0, 5542566.5)	(44.0, 5256488.5)	(45.0, 4947166.5)	(46.0, 4628060.0)	(47.0, 4297884.5)	(48.0, 3963747.5)	(49.0, 3632612.0)	(50.0, 3319158.0)	(51.0, 3008900.0)	(52.0, 2689436.0)	(53.0, 2383923.5)	(54.0, 2099899.0)	(55.0, 1851972.0)	(56.0, 1636465.0)	(57.0, 1433861.0)	(58.0, 1261374.0)	(59.0, 1129414.5)	(60.0, 1007750.0)	(61.0, 878562.5)	(62.0, 740490.0)	(63.0, 613389.0)	(64.0, 513296.0)	(65.0, 429766.0)	(66.0, 362257.5)	(67.0, 308971.0)	(68.0, 264434.0)	(69.0, 218628.5)	(70.0, 178557.0)	(71.0, 156937.0)	(72.0, 141945.5)	(73.0, 124759.0)	(74.0, 103453.5)	(75.0, 87378.5)	(76.0, 78023.5)	(77.0, 68529.5)	(78.0, 59627.0)	(79.0, 51917.5)	(80.0, 43460.5)	(81.0, 34797.0)	(82.0, 28917.0)	(83.0, 23580.5)	(84.0, 18622.5)	(85.0, 14341.5)	(86.0, 10788.5)	(87.0, 10832.0)	(88.0, 10766.5)	(89.0, 9361.0)	(90.0, 8087.0)	(91.0, 7338.5)	(92.0, 6911.0)	(93.0, 6875.5)	(94.0, 7069.0)	(95.0, 7419.5)	(96.0, 8562.5)	(97.0, 12253.0)	(98.0, 20261.5)	(99.0, 40074.5)	(100.0, 175684.0)
raw_fastq | fastqc_results | RNP_Cas2_S66_L002_R1_001	(0.0, 967.0)	(1.0, 1000.5)	(2.0, 1139.0)	(3.0, 1473.0)	(4.0, 1969.0)	(5.0, 2545.5)	(6.0, 3203.5)	(7.0, 4071.5)	(8.0, 5283.0)	(9.0, 6922.5)	(10.0, 8955.5)	(11.0, 12116.0)	(12.0, 17194.0)	(13.0, 24316.5)	(14.0, 34421.5)	(15.0, 49908.5)	(16.0, 73903.0)	(17.0, 111899.0)	(18.0, 169864.5)	(19.0, 253953.0)	(20.0, 372805.5)	(21.0, 535764.5)	(22.0, 753368.0)	(23.0, 1031629.5)	(24.0, 1370960.0)	(25.0, 1775229.0)	(26.0, 2220552.0)	(27.0, 2692300.0)	(28.0, 3188457.5)	(29.0, 3679321.0)	(30.0, 4145674.0)	(31.0, 4584362.5)	(32.0, 5005097.0)	(33.0, 5400169.5)	(34.0, 5743829.5)	(35.0, 6004079.5)	(36.0, 6138042.5)	(37.0, 6134424.0)	(38.0, 6030808.5)	(39.0, 5872636.0)	(40.0, 5703693.0)	(41.0, 5530405.0)	(42.0, 5325559.5)	(43.0, 5092327.0)	(44.0, 4837084.5)	(45.0, 4563519.0)	(46.0, 4281702.0)	(47.0, 3990805.5)	(48.0, 3692296.5)	(49.0, 3393602.0)	(50.0, 3105101.0)	(51.0, 2811888.5)	(52.0, 2512920.5)	(53.0, 2226387.5)	(54.0, 1959117.0)	(55.0, 1721043.0)	(56.0, 1511156.5)	(57.0, 1319268.5)	(58.0, 1157573.0)	(59.0, 1033198.5)	(60.0, 920161.0)	(61.0, 798796.5)	(62.0, 670108.0)	(63.0, 554254.0)	(64.0, 461203.5)	(65.0, 384185.5)	(66.0, 321593.5)	(67.0, 270556.0)	(68.0, 228431.0)	(69.0, 187233.5)	(70.0, 150344.0)	(71.0, 128885.5)	(72.0, 114488.0)	(73.0, 98344.0)	(74.0, 79919.5)	(75.0, 67034.0)	(76.0, 59008.5)	(77.0, 51047.0)	(78.0, 43798.0)	(79.0, 37597.0)	(80.0, 30705.0)	(81.0, 23473.0)	(82.0, 18396.5)	(83.0, 13478.0)	(84.0, 9336.0)	(85.0, 6082.5)	(86.0, 3474.0)	(87.0, 3719.5)	(88.0, 3802.0)	(89.0, 2770.5)	(90.0, 1459.0)	(91.0, 555.5)	(92.0, 256.5)	(93.0, 266.0)	(94.0, 378.0)	(95.0, 692.5)	(96.0, 1868.0)	(97.0, 6514.0)	(98.0, 26519.0)	(99.0, 28958.5)	(100.0, 8445.0)
raw_fastq | fastqc_results | RNP_Cas2_S66_L002_R2_001	(0.0, 838.0)	(1.0, 876.5)	(2.0, 1040.0)	(3.0, 1356.5)	(4.0, 1785.0)	(5.0, 2338.0)	(6.0, 3121.5)	(7.0, 3988.0)	(8.0, 4957.0)	(9.0, 6481.5)	(10.0, 8558.5)	(11.0, 11674.0)	(12.0, 16551.5)	(13.0, 23456.0)	(14.0, 33485.0)	(15.0, 49039.5)	(16.0, 73028.5)	(17.0, 110776.5)	(18.0, 168307.5)	(19.0, 252120.5)	(20.0, 370561.5)	(21.0, 533202.5)	(22.0, 749264.5)	(23.0, 1026096.5)	(24.0, 1366342.5)	(25.0, 1771383.5)	(26.0, 2215445.5)	(27.0, 2686007.5)	(28.0, 3181215.5)	(29.0, 3671558.0)	(30.0, 4138712.5)	(31.0, 4577772.0)	(32.0, 4995663.5)	(33.0, 5390350.5)	(34.0, 5736174.5)	(35.0, 5995119.5)	(36.0, 6123828.5)	(37.0, 6117352.0)	(38.0, 6016601.0)	(39.0, 5860710.5)	(40.0, 5691664.5)	(41.0, 5513724.0)	(42.0, 5304987.5)	(43.0, 5070373.5)	(44.0, 4815534.5)	(45.0, 4545379.5)	(46.0, 4265027.5)	(47.0, 3969471.5)	(48.0, 3670742.0)	(49.0, 3374275.5)	(50.0, 3084224.0)	(51.0, 2795561.5)	(52.0, 2502093.0)	(53.0, 2216800.0)	(54.0, 1949709.0)	(55.0, 1713834.0)	(56.0, 1507497.0)	(57.0, 1315428.5)	(58.0, 1154070.5)	(59.0, 1030565.5)	(60.0, 915361.5)	(61.0, 793882.0)	(62.0, 667434.5)	(63.0, 554930.0)	(64.0, 464725.5)	(65.0, 388520.0)	(66.0, 325616.0)	(67.0, 275136.0)	(68.0, 233229.5)	(69.0, 191480.5)	(70.0, 154859.5)	(71.0, 133895.5)	(72.0, 120135.5)	(73.0, 104519.0)	(74.0, 85656.0)	(75.0, 71902.0)	(76.0, 63702.5)	(77.0, 55692.5)	(78.0, 48426.5)	(79.0, 41893.0)	(80.0, 34758.5)	(81.0, 27973.0)	(82.0, 23363.5)	(83.0, 18682.5)	(84.0, 14628.0)	(85.0, 11433.5)	(86.0, 8731.5)	(87.0, 8674.5)	(88.0, 8492.0)	(89.0, 7585.0)	(90.0, 6701.5)	(91.0, 6039.5)	(92.0, 5865.5)	(93.0, 6035.5)	(94.0, 6139.5)	(95.0, 6526.5)	(96.0, 7716.5)	(97.0, 11289.0)	(98.0, 18791.0)	(99.0, 37313.5)	(100.0, 160961.5)
raw_fastq | fastqc_results | RNP_Cas3_S67_L002_R1_001	(0.0, 1208.0)	(1.0, 1209.5)	(2.0, 1417.5)	(3.0, 1831.5)	(4.0, 2315.5)	(5.0, 2993.0)	(6.0, 3951.0)	(7.0, 5042.0)	(8.0, 6468.5)	(9.0, 8326.0)	(10.0, 10950.0)	(11.0, 14924.5)	(12.0, 20832.5)	(13.0, 29552.0)	(14.0, 42086.0)	(15.0, 61212.0)	(16.0, 90958.0)	(17.0, 137297.0)	(18.0, 207607.5)	(19.0, 310625.0)	(20.0, 456827.5)	(21.0, 657111.0)	(22.0, 923234.5)	(23.0, 1263949.0)	(24.0, 1682851.0)	(25.0, 2180713.5)	(26.0, 2728783.5)	(27.0, 3308013.0)	(28.0, 3916043.0)	(29.0, 4524072.0)	(30.0, 5104634.0)	(31.0, 5648254.0)	(32.0, 6166826.0)	(33.0, 6655300.0)	(34.0, 7078111.0)	(35.0, 7394005.0)	(36.0, 7559173.0)	(37.0, 7564191.5)	(38.0, 7446470.5)	(39.0, 7261163.5)	(40.0, 7061131.5)	(41.0, 6842273.5)	(42.0, 6586856.0)	(43.0, 6298057.0)	(44.0, 5980332.5)	(45.0, 5638429.0)	(46.0, 5282858.5)	(47.0, 4913787.5)	(48.0, 4536370.5)	(49.0, 4163650.0)	(50.0, 3807280.5)	(51.0, 3448939.0)	(52.0, 3080248.5)	(53.0, 2730420.0)	(54.0, 2406890.0)	(55.0, 2118021.5)	(56.0, 1862541.5)	(57.0, 1629343.0)	(58.0, 1429363.0)	(59.0, 1273492.5)	(60.0, 1135435.0)	(61.0, 985215.5)	(62.0, 823289.0)	(63.0, 679598.0)	(64.0, 566616.0)	(65.0, 471670.0)	(66.0, 393736.5)	(67.0, 330694.0)	(68.0, 277881.5)	(69.0, 226616.0)	(70.0, 182531.5)	(71.0, 156700.0)	(72.0, 138351.5)	(73.0, 118760.0)	(74.0, 96558.5)	(75.0, 80690.5)	(76.0, 69976.0)	(77.0, 59662.5)	(78.0, 51368.5)	(79.0, 43765.5)	(80.0, 35156.0)	(81.0, 26796.5)	(82.0, 21322.5)	(83.0, 15976.5)	(84.0, 11062.5)	(85.0, 7112.0)	(86.0, 4169.0)	(87.0, 4586.5)	(88.0, 4667.5)	(89.0, 3214.5)	(90.0, 1528.5)	(91.0, 572.0)	(92.0, 320.5)	(93.0, 334.5)	(94.0, 416.0)	(95.0, 706.5)	(96.0, 1910.5)	(97.0, 7381.0)	(98.0, 33870.0)	(99.0, 38411.0)	(100.0, 11835.5)
raw_fastq | fastqc_results | RNP_Cas3_S67_L002_R2_001	(0.0, 1056.0)	(1.0, 1146.5)	(2.0, 1360.0)	(3.0, 1699.0)	(4.0, 2196.0)	(5.0, 2877.5)	(6.0, 3783.0)	(7.0, 4755.0)	(8.0, 6078.5)	(9.0, 7918.5)	(10.0, 10451.5)	(11.0, 14425.0)	(12.0, 20230.0)	(13.0, 28745.5)	(14.0, 40925.5)	(15.0, 59796.5)	(16.0, 89511.0)	(17.0, 135997.0)	(18.0, 206371.0)	(19.0, 309224.0)	(20.0, 454865.5)	(21.0, 654326.5)	(22.0, 921221.5)	(23.0, 1263655.0)	(24.0, 1680882.0)	(25.0, 2177092.0)	(26.0, 2725609.5)	(27.0, 3307550.0)	(28.0, 3916090.0)	(29.0, 4523495.0)	(30.0, 5103347.5)	(31.0, 5646838.0)	(32.0, 6163741.5)	(33.0, 6645359.0)	(34.0, 7068684.5)	(35.0, 7383706.5)	(36.0, 7545067.5)	(37.0, 7548607.0)	(38.0, 7432454.0)	(39.0, 7252426.0)	(40.0, 7051860.0)	(41.0, 6828866.5)	(42.0, 6569536.5)	(43.0, 6279150.0)	(44.0, 5959295.5)	(45.0, 5615258.0)	(46.0, 5259814.5)	(47.0, 4891692.0)	(48.0, 4515098.5)	(49.0, 4142637.5)	(50.0, 3785775.0)	(51.0, 3429689.5)	(52.0, 3066936.5)	(53.0, 2719962.5)	(54.0, 2395972.0)	(55.0, 2109051.0)	(56.0, 1856800.5)	(57.0, 1622367.5)	(58.0, 1422583.0)	(59.0, 1267850.0)	(60.0, 1126413.0)	(61.0, 977748.0)	(62.0, 823359.5)	(63.0, 682520.0)	(64.0, 568861.0)	(65.0, 474062.5)	(66.0, 397545.0)	(67.0, 335037.0)	(68.0, 282435.5)	(69.0, 231899.5)	(70.0, 187403.0)	(71.0, 161975.5)	(72.0, 144174.5)	(73.0, 124440.5)	(74.0, 102387.0)	(75.0, 86080.0)	(76.0, 75662.5)	(77.0, 65258.0)	(78.0, 56706.5)	(79.0, 48918.0)	(80.0, 40114.5)	(81.0, 32134.0)	(82.0, 26770.5)	(83.0, 21630.5)	(84.0, 16880.5)	(85.0, 13108.0)	(86.0, 9952.5)	(87.0, 9992.0)	(88.0, 9852.0)	(89.0, 8416.5)	(90.0, 7076.5)	(91.0, 6473.0)	(92.0, 6270.5)	(93.0, 6249.0)	(94.0, 6428.5)	(95.0, 6777.0)	(96.0, 7672.5)	(97.0, 10700.5)	(98.0, 17114.0)	(99.0, 33659.5)	(100.0, 155870.0)
raw_fastq | fastqc_results | RNP_Cas4_S68_L002_R1_001	(0.0, 1117.0)	(1.0, 1120.0)	(2.0, 1325.5)	(3.0, 1762.5)	(4.0, 2231.5)	(5.0, 2857.5)	(6.0, 3814.0)	(7.0, 4886.0)	(8.0, 6128.0)	(9.0, 8001.0)	(10.0, 10427.0)	(11.0, 13886.0)	(12.0, 19348.5)	(13.0, 27368.5)	(14.0, 39138.5)	(15.0, 56969.5)	(16.0, 84442.0)	(17.0, 128084.5)	(18.0, 193844.5)	(19.0, 288960.0)	(20.0, 423147.5)	(21.0, 607705.0)	(22.0, 855608.5)	(23.0, 1169131.5)	(24.0, 1550995.0)	(25.0, 2007983.5)	(26.0, 2513205.5)	(27.0, 3047324.5)	(28.0, 3608089.5)	(29.0, 4163443.5)	(30.0, 4689534.0)	(31.0, 5185472.0)	(32.0, 5657621.0)	(33.0, 6100604.5)	(34.0, 6486161.5)	(35.0, 6773782.0)	(36.0, 6922572.0)	(37.0, 6920728.0)	(38.0, 6808583.5)	(39.0, 6634394.0)	(40.0, 6443927.5)	(41.0, 6244537.5)	(42.0, 6013662.5)	(43.0, 5748262.0)	(44.0, 5453201.5)	(45.0, 5139200.5)	(46.0, 4813300.0)	(47.0, 4478315.5)	(48.0, 4139828.5)	(49.0, 3802378.5)	(50.0, 3477463.0)	(51.0, 3150946.5)	(52.0, 2817112.0)	(53.0, 2497679.0)	(54.0, 2202179.0)	(55.0, 1943616.5)	(56.0, 1716438.5)	(57.0, 1501711.5)	(58.0, 1317560.0)	(59.0, 1179635.0)	(60.0, 1058096.0)	(61.0, 923337.5)	(62.0, 771968.5)	(63.0, 635783.5)	(64.0, 530334.0)	(65.0, 443098.5)	(66.0, 372150.5)	(67.0, 314667.0)	(68.0, 267893.5)	(69.0, 221260.0)	(70.0, 179659.5)	(71.0, 155754.0)	(72.0, 139241.0)	(73.0, 120331.0)	(74.0, 97807.5)	(75.0, 82268.5)	(76.0, 72763.0)	(77.0, 63281.0)	(78.0, 54494.0)	(79.0, 46532.0)	(80.0, 37848.0)	(81.0, 29313.5)	(82.0, 23355.0)	(83.0, 16971.0)	(84.0, 11692.0)	(85.0, 7709.5)	(86.0, 4345.0)	(87.0, 4826.5)	(88.0, 5049.0)	(89.0, 3442.0)	(90.0, 1642.5)	(91.0, 635.0)	(92.0, 335.5)	(93.0, 340.0)	(94.0, 430.0)	(95.0, 700.0)	(96.0, 1720.5)	(97.0, 6079.0)	(98.0, 25561.5)	(99.0, 28787.5)	(100.0, 9091.0)
raw_fastq | fastqc_results | RNP_Cas4_S68_L002_R2_001	(0.0, 992.0)	(1.0, 1030.5)	(2.0, 1222.0)	(3.0, 1596.0)	(4.0, 2044.0)	(5.0, 2696.5)	(6.0, 3577.5)	(7.0, 4546.5)	(8.0, 5834.5)	(9.0, 7621.0)	(10.0, 9955.0)	(11.0, 13462.0)	(12.0, 18823.0)	(13.0, 26663.0)	(14.0, 38145.5)	(15.0, 56095.5)	(16.0, 83557.0)	(17.0, 126184.0)	(18.0, 191512.0)	(19.0, 286724.5)	(20.0, 421596.0)	(21.0, 605979.5)	(22.0, 851316.5)	(23.0, 1165109.5)	(24.0, 1549138.5)	(25.0, 2007072.5)	(26.0, 2510618.0)	(27.0, 3042821.0)	(28.0, 3601402.5)	(29.0, 4154317.0)	(30.0, 4681019.0)	(31.0, 5176317.0)	(32.0, 5646557.0)	(33.0, 6090837.5)	(34.0, 6476641.0)	(35.0, 6756680.0)	(36.0, 6900983.0)	(37.0, 6896613.0)	(38.0, 6780823.0)	(39.0, 6613514.5)	(40.0, 6426541.5)	(41.0, 6223283.5)	(42.0, 5990071.0)	(43.0, 5725251.0)	(44.0, 5431093.0)	(45.0, 5114206.5)	(46.0, 4787681.5)	(47.0, 4455301.0)	(48.0, 4120233.5)	(49.0, 3782821.5)	(50.0, 3457160.0)	(51.0, 3133908.5)	(52.0, 2803435.5)	(53.0, 2485992.0)	(54.0, 2190514.5)	(55.0, 1932297.0)	(56.0, 1705470.0)	(57.0, 1492991.0)	(58.0, 1313680.5)	(59.0, 1175627.5)	(60.0, 1050653.5)	(61.0, 916036.0)	(62.0, 769440.0)	(63.0, 637385.5)	(64.0, 533374.5)	(65.0, 446250.5)	(66.0, 375767.0)	(67.0, 319982.5)	(68.0, 273997.5)	(69.0, 227154.0)	(70.0, 185293.5)	(71.0, 161840.0)	(72.0, 145578.5)	(73.0, 126606.5)	(74.0, 104057.0)	(75.0, 87924.0)	(76.0, 78390.5)	(77.0, 68491.5)	(78.0, 59776.0)	(79.0, 52147.5)	(80.0, 43292.5)	(81.0, 34805.0)	(82.0, 28995.5)	(83.0, 23153.5)	(84.0, 18050.0)	(85.0, 13907.5)	(86.0, 10668.5)	(87.0, 10778.0)	(88.0, 10603.0)	(89.0, 9293.5)	(90.0, 7957.5)	(91.0, 7218.5)	(92.0, 7082.0)	(93.0, 7181.5)	(94.0, 7401.0)	(95.0, 7952.0)	(96.0, 9273.5)	(97.0, 13601.0)	(98.0, 23034.0)	(99.0, 46657.0)	(100.0, 193098.5)
trimmed_fastp | fastqc_results | Control_MNP_III_S56_L002_R1_filtered	(0.0, 957.0)	(1.0, 941.0)	(2.0, 1017.0)	(3.0, 1258.5)	(4.0, 1696.5)	(5.0, 2308.0)	(6.0, 3019.5)	(7.0, 3818.0)	(8.0, 4842.0)	(9.0, 6229.0)	(10.0, 8117.5)	(11.0, 11064.0)	(12.0, 15478.5)	(13.0, 21900.0)	(14.0, 31160.5)	(15.0, 44916.0)	(16.0, 66873.0)	(17.0, 101739.0)	(18.0, 153860.5)	(19.0, 229543.0)	(20.0, 338009.0)	(21.0, 486849.0)	(22.0, 683764.5)	(23.0, 935326.5)	(24.0, 1244657.5)	(25.0, 1612989.0)	(26.0, 2019479.5)	(27.0, 2449590.0)	(28.0, 2902224.0)	(29.0, 3352988.0)	(30.0, 3780660.5)	(31.0, 4184661.5)	(32.0, 4565896.5)	(33.0, 4912274.0)	(34.0, 5206630.5)	(35.0, 5425647.0)	(36.0, 5542151.0)	(37.0, 5550793.5)	(38.0, 5477815.5)	(39.0, 5359327.5)	(40.0, 5224212.5)	(41.0, 5072175.0)	(42.0, 4888650.5)	(43.0, 4672550.0)	(44.0, 4436572.5)	(45.0, 4182605.5)	(46.0, 3914486.0)	(47.0, 3638775.0)	(48.0, 3356467.5)	(49.0, 3075067.5)	(50.0, 2808474.0)	(51.0, 2540627.0)	(52.0, 2267240.5)	(53.0, 2009013.0)	(54.0, 1767988.5)	(55.0, 1555505.0)	(56.0, 1369307.0)	(57.0, 1196903.0)	(58.0, 1050121.5)	(59.0, 938264.0)	(60.0, 839164.0)	(61.0, 728909.0)	(62.0, 608181.0)	(63.0, 502369.5)	(64.0, 418520.0)	(65.0, 348748.0)	(66.0, 292990.0)	(67.0, 247110.0)	(68.0, 209431.0)	(69.0, 171638.0)	(70.0, 138382.5)	(71.0, 118796.0)	(72.0, 104670.0)	(73.0, 90119.5)	(74.0, 73300.5)	(75.0, 61328.0)	(76.0, 54169.0)	(77.0, 47348.5)	(78.0, 40594.0)	(79.0, 34428.0)	(80.0, 27949.0)	(81.0, 21349.0)	(82.0, 16774.5)	(83.0, 12274.0)	(84.0, 8394.5)	(85.0, 5411.5)	(86.0, 3050.5)	(87.0, 3340.0)	(88.0, 3435.0)	(89.0, 2421.5)	(90.0, 1170.5)	(91.0, 348.5)	(92.0, 120.0)	(93.0, 133.5)	(94.0, 159.5)	(95.0, 168.5)	(96.0, 165.0)	(97.0, 187.0)	(98.0, 216.5)	(99.0, 195.0)	(100.0, 126.5)
trimmed_fastp | fastqc_results | Control_MNP_III_S56_L002_R2_filtered	(0.0, 823.0)	(1.0, 862.5)	(2.0, 1004.5)	(3.0, 1266.5)	(4.0, 1643.5)	(5.0, 2194.0)	(6.0, 2920.0)	(7.0, 3630.0)	(8.0, 4555.0)	(9.0, 6001.5)	(10.0, 7807.0)	(11.0, 10503.5)	(12.0, 14888.0)	(13.0, 21338.0)	(14.0, 30454.0)	(15.0, 44204.5)	(16.0, 66427.5)	(17.0, 101483.0)	(18.0, 153308.0)	(19.0, 228598.5)	(20.0, 337252.0)	(21.0, 486849.0)	(22.0, 685756.5)	(23.0, 940070.5)	(24.0, 1250471.0)	(25.0, 1619907.5)	(26.0, 2028503.0)	(27.0, 2460257.5)	(28.0, 2913068.0)	(29.0, 3366128.5)	(30.0, 3797367.0)	(31.0, 4198387.0)	(32.0, 4577407.0)	(33.0, 4927828.5)	(34.0, 5221939.5)	(35.0, 5438023.0)	(36.0, 5552893.5)	(37.0, 5558992.0)	(38.0, 5485142.5)	(39.0, 5367405.5)	(40.0, 5227828.5)	(41.0, 5070324.0)	(42.0, 4882970.5)	(43.0, 4667768.5)	(44.0, 4429957.0)	(45.0, 4170602.0)	(46.0, 3902611.0)	(47.0, 3626213.5)	(48.0, 3343390.5)	(49.0, 3063285.0)	(50.0, 2797759.0)	(51.0, 2530843.5)	(52.0, 2257986.5)	(53.0, 1998540.5)	(54.0, 1757361.5)	(55.0, 1545028.5)	(56.0, 1359876.0)	(57.0, 1187858.5)	(58.0, 1042069.0)	(59.0, 931510.5)	(60.0, 830711.5)	(61.0, 721126.5)	(62.0, 602916.0)	(63.0, 497446.5)	(64.0, 415102.5)	(65.0, 346192.5)	(66.0, 289629.0)	(67.0, 243972.0)	(68.0, 206868.5)	(69.0, 170151.5)	(70.0, 136985.5)	(71.0, 117826.5)	(72.0, 104784.5)	(73.0, 89848.0)	(74.0, 72839.0)	(75.0, 60946.5)	(76.0, 53740.5)	(77.0, 46570.5)	(78.0, 39952.0)	(79.0, 33906.0)	(80.0, 27584.5)	(81.0, 21401.0)	(82.0, 17133.5)	(83.0, 13058.5)	(84.0, 9425.5)	(85.0, 6562.5)	(86.0, 4205.5)	(87.0, 4404.5)	(88.0, 4443.0)	(89.0, 3650.5)	(90.0, 2876.0)	(91.0, 2416.0)	(92.0, 2378.5)	(93.0, 2489.5)	(94.0, 2551.0)	(95.0, 2623.0)	(96.0, 2859.5)	(97.0, 3292.5)	(98.0, 3731.0)	(99.0, 4263.5)	(100.0, 7771.5)
trimmed_fastp | fastqc_results | Control_MNP_II_S55_L002_R1_filtered	(0.0, 887.0)	(1.0, 922.0)	(2.0, 1041.0)	(3.0, 1337.0)	(4.0, 1733.5)	(5.0, 2225.5)	(6.0, 2994.5)	(7.0, 3828.0)	(8.0, 4736.5)	(9.0, 6134.0)	(10.0, 8003.0)	(11.0, 10773.0)	(12.0, 15234.0)	(13.0, 21539.5)	(14.0, 30475.5)	(15.0, 44309.5)	(16.0, 65949.0)	(17.0, 99559.5)	(18.0, 150227.5)	(19.0, 224239.5)	(20.0, 328520.0)	(21.0, 471094.5)	(22.0, 662535.5)	(23.0, 908245.0)	(24.0, 1205902.0)	(25.0, 1561845.5)	(26.0, 1953720.5)	(27.0, 2367323.0)	(28.0, 2801308.0)	(29.0, 3232667.5)	(30.0, 3641566.0)	(31.0, 4023285.0)	(32.0, 4386471.5)	(33.0, 4721057.0)	(34.0, 5007218.0)	(35.0, 5216137.5)	(36.0, 5323859.0)	(37.0, 5328124.5)	(38.0, 5249144.5)	(39.0, 5124685.5)	(40.0, 4986209.0)	(41.0, 4833763.5)	(42.0, 4652680.5)	(43.0, 4445470.0)	(44.0, 4216614.5)	(45.0, 3969262.5)	(46.0, 3715740.5)	(47.0, 3453759.5)	(48.0, 3186128.5)	(49.0, 2918493.5)	(50.0, 2661566.0)	(51.0, 2406292.5)	(52.0, 2146632.5)	(53.0, 1900138.5)	(54.0, 1671504.5)	(55.0, 1469762.0)	(56.0, 1293363.0)	(57.0, 1129938.5)	(58.0, 991897.0)	(59.0, 887905.0)	(60.0, 794026.0)	(61.0, 690222.0)	(62.0, 576733.5)	(63.0, 475532.5)	(64.0, 396324.0)	(65.0, 330005.5)	(66.0, 276494.5)	(67.0, 233294.5)	(68.0, 197421.0)	(69.0, 162504.5)	(70.0, 131474.5)	(71.0, 112942.0)	(72.0, 99638.0)	(73.0, 85519.0)	(74.0, 69452.0)	(75.0, 58081.0)	(76.0, 51340.0)	(77.0, 44640.5)	(78.0, 38149.0)	(79.0, 32469.5)	(80.0, 26497.0)	(81.0, 20267.5)	(82.0, 15991.5)	(83.0, 11774.0)	(84.0, 8192.0)	(85.0, 5331.0)	(86.0, 2935.0)	(87.0, 3250.5)	(88.0, 3379.5)	(89.0, 2330.0)	(90.0, 1108.5)	(91.0, 372.5)	(92.0, 163.5)	(93.0, 170.0)	(94.0, 197.5)	(95.0, 223.0)	(96.0, 226.0)	(97.0, 257.5)	(98.0, 287.0)	(99.0, 251.0)	(100.0, 160.5)
trimmed_fastp | fastqc_results | Control_MNP_II_S55_L002_R2_filtered	(0.0, 836.0)	(1.0, 874.0)	(2.0, 1035.0)	(3.0, 1313.0)	(4.0, 1700.5)	(5.0, 2217.0)	(6.0, 2870.0)	(7.0, 3669.5)	(8.0, 4656.5)	(9.0, 5940.5)	(10.0, 7709.5)	(11.0, 10509.5)	(12.0, 14803.5)	(13.0, 20807.5)	(14.0, 29476.5)	(15.0, 43259.5)	(16.0, 64952.0)	(17.0, 98528.5)	(18.0, 149155.5)	(19.0, 222841.0)	(20.0, 327649.5)	(21.0, 471401.0)	(22.0, 663497.0)	(23.0, 908805.0)	(24.0, 1206733.0)	(25.0, 1562709.0)	(26.0, 1956872.5)	(27.0, 2372892.0)	(28.0, 2808269.0)	(29.0, 3240417.0)	(30.0, 3649825.5)	(31.0, 4035150.5)	(32.0, 4399295.0)	(33.0, 4730799.5)	(34.0, 5015095.5)	(35.0, 5225668.5)	(36.0, 5335574.5)	(37.0, 5337745.5)	(38.0, 5254356.5)	(39.0, 5128695.5)	(40.0, 4990630.5)	(41.0, 4834721.0)	(42.0, 4651598.5)	(43.0, 4443419.5)	(44.0, 4211491.5)	(45.0, 3963817.0)	(46.0, 3708848.5)	(47.0, 3445398.0)	(48.0, 3175634.5)	(49.0, 2906811.5)	(50.0, 2651887.5)	(51.0, 2397915.0)	(52.0, 2137818.0)	(53.0, 1890598.0)	(54.0, 1660951.0)	(55.0, 1460439.0)	(56.0, 1286791.0)	(57.0, 1124556.5)	(58.0, 988368.5)	(59.0, 884109.0)	(60.0, 786489.5)	(61.0, 682371.0)	(62.0, 572277.0)	(63.0, 472296.5)	(64.0, 393365.0)	(65.0, 327352.5)	(66.0, 274037.5)	(67.0, 231642.5)	(68.0, 196392.5)	(69.0, 161809.0)	(70.0, 130488.5)	(71.0, 111855.5)	(72.0, 99182.5)	(73.0, 85279.0)	(74.0, 68977.5)	(75.0, 57381.0)	(76.0, 50727.0)	(77.0, 43999.0)	(78.0, 37711.0)	(79.0, 32200.0)	(80.0, 26002.5)	(81.0, 20041.0)	(82.0, 16365.5)	(83.0, 12540.0)	(84.0, 9033.0)	(85.0, 6452.5)	(86.0, 4358.0)	(87.0, 4636.5)	(88.0, 4735.0)	(89.0, 3934.0)	(90.0, 3169.0)	(91.0, 2880.0)	(92.0, 2867.5)	(93.0, 3044.5)	(94.0, 3276.0)	(95.0, 3391.0)	(96.0, 3692.5)	(97.0, 4312.0)	(98.0, 4943.0)	(99.0, 5581.0)	(100.0, 9565.0)
trimmed_fastp | fastqc_results | Control_MNP_I_S54_L002_R1_filtered	(0.0, 828.0)	(1.0, 867.0)	(2.0, 1016.0)	(3.0, 1284.5)	(4.0, 1649.5)	(5.0, 2199.5)	(6.0, 2887.5)	(7.0, 3639.0)	(8.0, 4731.5)	(9.0, 6046.5)	(10.0, 7818.5)	(11.0, 10604.0)	(12.0, 14610.0)	(13.0, 20706.0)	(14.0, 29761.5)	(15.0, 43144.0)	(16.0, 64216.5)	(17.0, 97202.5)	(18.0, 146554.5)	(19.0, 218586.5)	(20.0, 321473.0)	(21.0, 462857.0)	(22.0, 650882.0)	(23.0, 890475.5)	(24.0, 1183248.5)	(25.0, 1534070.5)	(26.0, 1918785.5)	(27.0, 2323233.5)	(28.0, 2749676.0)	(29.0, 3175166.5)	(30.0, 3579721.5)	(31.0, 3954532.0)	(32.0, 4306119.5)	(33.0, 4630358.0)	(34.0, 4901522.5)	(35.0, 5101464.5)	(36.0, 5210869.0)	(37.0, 5218628.0)	(38.0, 5152484.5)	(39.0, 5039575.0)	(40.0, 4907015.0)	(41.0, 4761073.5)	(42.0, 4586230.5)	(43.0, 4383910.5)	(44.0, 4155439.0)	(45.0, 3907996.5)	(46.0, 3652750.0)	(47.0, 3388018.0)	(48.0, 3123381.5)	(49.0, 2863795.5)	(50.0, 2613294.5)	(51.0, 2361379.5)	(52.0, 2105050.5)	(53.0, 1864798.0)	(54.0, 1641515.0)	(55.0, 1445187.0)	(56.0, 1273244.0)	(57.0, 1111214.5)	(58.0, 974394.5)	(59.0, 869608.5)	(60.0, 774367.5)	(61.0, 671821.0)	(62.0, 562028.0)	(63.0, 462968.0)	(64.0, 384867.5)	(65.0, 321032.0)	(66.0, 268965.5)	(67.0, 227390.5)	(68.0, 192721.0)	(69.0, 157774.5)	(70.0, 127052.0)	(71.0, 109353.5)	(72.0, 97061.5)	(73.0, 83411.5)	(74.0, 67606.0)	(75.0, 56331.0)	(76.0, 49705.5)	(77.0, 43219.0)	(78.0, 36734.5)	(79.0, 31237.0)	(80.0, 25596.5)	(81.0, 19843.5)	(82.0, 15736.5)	(83.0, 11456.0)	(84.0, 7824.5)	(85.0, 5104.0)	(86.0, 2859.5)	(87.0, 3100.0)	(88.0, 3308.0)	(89.0, 2319.0)	(90.0, 1080.5)	(91.0, 364.5)	(92.0, 144.0)	(93.0, 137.5)	(94.0, 157.0)	(95.0, 185.0)	(96.0, 208.0)	(97.0, 258.5)	(98.0, 299.5)	(99.0, 254.5)	(100.0, 163.0)
trimmed_fastp | fastqc_results | Control_MNP_I_S54_L002_R2_filtered	(0.0, 796.0)	(1.0, 837.0)	(2.0, 974.5)	(3.0, 1226.0)	(4.0, 1621.5)	(5.0, 2152.0)	(6.0, 2746.0)	(7.0, 3518.5)	(8.0, 4484.0)	(9.0, 5695.5)	(10.0, 7395.5)	(11.0, 10132.0)	(12.0, 14200.5)	(13.0, 20322.0)	(14.0, 29230.0)	(15.0, 42400.0)	(16.0, 63402.0)	(17.0, 96269.5)	(18.0, 146014.0)	(19.0, 218586.0)	(20.0, 321460.5)	(21.0, 463402.5)	(22.0, 652393.5)	(23.0, 892872.5)	(24.0, 1186941.0)	(25.0, 1537583.0)	(26.0, 1923451.5)	(27.0, 2329914.5)	(28.0, 2759694.5)	(29.0, 3187971.0)	(30.0, 3592355.0)	(31.0, 3968575.0)	(32.0, 4320229.0)	(33.0, 4641471.5)	(34.0, 4914721.5)	(35.0, 5116232.0)	(36.0, 5220139.0)	(37.0, 5228456.0)	(38.0, 5161369.5)	(39.0, 5047582.5)	(40.0, 4914526.0)	(41.0, 4765201.5)	(42.0, 4587022.5)	(43.0, 4380145.0)	(44.0, 4148462.0)	(45.0, 3899983.0)	(46.0, 3646306.5)	(47.0, 3382652.5)	(48.0, 3115353.0)	(49.0, 2849841.5)	(50.0, 2598560.0)	(51.0, 2349007.5)	(52.0, 2092323.0)	(53.0, 1852575.0)	(54.0, 1632187.5)	(55.0, 1435503.5)	(56.0, 1262068.0)	(57.0, 1101666.5)	(58.0, 966992.5)	(59.0, 861674.0)	(60.0, 764934.5)	(61.0, 663171.5)	(62.0, 555187.0)	(63.0, 458576.0)	(64.0, 381695.5)	(65.0, 317764.5)	(66.0, 267012.5)	(67.0, 225267.0)	(68.0, 190371.5)	(69.0, 155859.5)	(70.0, 125388.5)	(71.0, 108561.5)	(72.0, 96388.0)	(73.0, 82716.5)	(74.0, 66867.0)	(75.0, 55377.5)	(76.0, 48780.0)	(77.0, 42067.0)	(78.0, 35970.0)	(79.0, 30883.0)	(80.0, 25221.0)	(81.0, 19541.5)	(82.0, 15585.0)	(83.0, 11808.0)	(84.0, 8608.5)	(85.0, 6022.5)	(86.0, 3919.5)	(87.0, 4178.5)	(88.0, 4298.0)	(89.0, 3550.5)	(90.0, 2827.5)	(91.0, 2490.5)	(92.0, 2458.0)	(93.0, 2530.5)	(94.0, 2640.5)	(95.0, 2772.0)	(96.0, 3073.5)	(97.0, 3621.5)	(98.0, 4205.0)	(99.0, 4791.0)	(100.0, 8389.5)
trimmed_fastp | fastqc_results | Only_MNP_C1_S57_L002_R1_filtered	(0.0, 825.0)	(1.0, 832.0)	(2.0, 926.5)	(3.0, 1166.0)	(4.0, 1562.5)	(5.0, 2029.5)	(6.0, 2649.5)	(7.0, 3392.5)	(8.0, 4310.0)	(9.0, 5420.0)	(10.0, 6986.0)	(11.0, 9520.0)	(12.0, 13382.0)	(13.0, 18979.0)	(14.0, 26999.0)	(15.0, 39129.0)	(16.0, 58126.0)	(17.0, 88081.5)	(18.0, 133360.0)	(19.0, 199196.0)	(20.0, 291890.5)	(21.0, 419709.5)	(22.0, 589738.5)	(23.0, 806621.0)	(24.0, 1071489.5)	(25.0, 1386971.5)	(26.0, 1735915.5)	(27.0, 2105442.5)	(28.0, 2491313.0)	(29.0, 2874708.0)	(30.0, 3242461.0)	(31.0, 3588207.0)	(32.0, 3915482.5)	(33.0, 4222969.5)	(34.0, 4489429.0)	(35.0, 4683301.5)	(36.0, 4781343.5)	(37.0, 4779115.5)	(38.0, 4699211.0)	(39.0, 4579717.5)	(40.0, 4453637.0)	(41.0, 4319337.5)	(42.0, 4158913.5)	(43.0, 3971772.0)	(44.0, 3768732.5)	(45.0, 3554344.5)	(46.0, 3328809.5)	(47.0, 3093079.0)	(48.0, 2855339.0)	(49.0, 2620057.0)	(50.0, 2395610.0)	(51.0, 2170566.0)	(52.0, 1936673.0)	(53.0, 1714506.5)	(54.0, 1507918.0)	(55.0, 1325038.0)	(56.0, 1166666.0)	(57.0, 1020154.0)	(58.0, 896683.0)	(59.0, 803154.5)	(60.0, 717391.5)	(61.0, 622804.5)	(62.0, 522081.5)	(63.0, 430778.5)	(64.0, 357444.5)	(65.0, 298541.0)	(66.0, 251155.0)	(67.0, 211604.5)	(68.0, 178987.5)	(69.0, 146982.5)	(70.0, 118865.0)	(71.0, 103281.5)	(72.0, 92205.5)	(73.0, 79386.5)	(74.0, 64368.0)	(75.0, 53818.5)	(76.0, 47566.5)	(77.0, 41354.5)	(78.0, 35810.5)	(79.0, 30759.0)	(80.0, 25142.0)	(81.0, 19339.0)	(82.0, 15173.0)	(83.0, 11186.0)	(84.0, 7774.0)	(85.0, 5075.0)	(86.0, 2771.5)	(87.0, 3041.0)	(88.0, 3178.0)	(89.0, 2187.5)	(90.0, 1029.0)	(91.0, 305.5)	(92.0, 96.0)	(93.0, 105.5)	(94.0, 116.5)	(95.0, 118.5)	(96.0, 130.0)	(97.0, 134.0)	(98.0, 151.0)	(99.0, 147.5)	(100.0, 98.0)
trimmed_fastp | fastqc_results | Only_MNP_C1_S57_L002_R2_filtered	(0.0, 688.0)	(1.0, 708.0)	(2.0, 851.0)	(3.0, 1135.5)	(4.0, 1510.0)	(5.0, 1916.5)	(6.0, 2455.5)	(7.0, 3145.0)	(8.0, 4007.5)	(9.0, 5171.0)	(10.0, 6825.0)	(11.0, 9253.5)	(12.0, 12858.0)	(13.0, 18271.5)	(14.0, 26301.5)	(15.0, 38594.5)	(16.0, 57747.0)	(17.0, 87756.5)	(18.0, 132720.0)	(19.0, 198125.0)	(20.0, 291985.0)	(21.0, 419925.0)	(22.0, 590855.0)	(23.0, 809190.0)	(24.0, 1075021.0)	(25.0, 1393090.5)	(26.0, 1742597.5)	(27.0, 2111471.5)	(28.0, 2498989.0)	(29.0, 2884913.5)	(30.0, 3251217.0)	(31.0, 3596920.0)	(32.0, 3926040.5)	(33.0, 4233316.5)	(34.0, 4501690.5)	(35.0, 4695588.0)	(36.0, 4791308.5)	(37.0, 4786497.5)	(38.0, 4705872.0)	(39.0, 4586549.5)	(40.0, 4456140.0)	(41.0, 4317560.0)	(42.0, 4155115.0)	(43.0, 3969267.0)	(44.0, 3766735.0)	(45.0, 3547927.5)	(46.0, 3320999.0)	(47.0, 3086253.0)	(48.0, 2847475.0)	(49.0, 2611108.0)	(50.0, 2384999.0)	(51.0, 2159559.0)	(52.0, 1926897.5)	(53.0, 1703671.0)	(54.0, 1497067.5)	(55.0, 1316280.0)	(56.0, 1159161.5)	(57.0, 1013592.5)	(58.0, 891104.0)	(59.0, 797055.5)	(60.0, 710211.5)	(61.0, 616883.5)	(62.0, 517530.5)	(63.0, 427196.5)	(64.0, 355176.0)	(65.0, 296129.5)	(66.0, 248251.5)	(67.0, 210126.5)	(68.0, 178453.5)	(69.0, 146544.5)	(70.0, 118227.5)	(71.0, 102020.0)	(72.0, 91103.0)	(73.0, 78948.5)	(74.0, 64316.5)	(75.0, 53645.0)	(76.0, 47450.5)	(77.0, 40953.0)	(78.0, 35090.5)	(79.0, 30009.5)	(80.0, 24417.5)	(81.0, 19103.0)	(82.0, 15251.5)	(83.0, 11401.5)	(84.0, 8215.5)	(85.0, 5771.0)	(86.0, 3612.5)	(87.0, 3773.5)	(88.0, 3942.5)	(89.0, 3205.0)	(90.0, 2420.5)	(91.0, 1974.5)	(92.0, 1951.5)	(93.0, 2045.0)	(94.0, 2216.5)	(95.0, 2437.5)	(96.0, 2685.5)	(97.0, 3178.0)	(98.0, 3616.0)	(99.0, 4055.5)	(100.0, 7393.5)
trimmed_fastp | fastqc_results | Only_MNP_C2_S58_L002_R1_filtered	(0.0, 828.0)	(1.0, 838.0)	(2.0, 993.0)	(3.0, 1259.0)	(4.0, 1598.5)	(5.0, 2118.5)	(6.0, 2777.5)	(7.0, 3531.0)	(8.0, 4441.5)	(9.0, 5757.5)	(10.0, 7534.5)	(11.0, 10255.0)	(12.0, 14282.5)	(13.0, 19993.0)	(14.0, 28485.0)	(15.0, 41465.0)	(16.0, 62016.5)	(17.0, 93519.5)	(18.0, 141231.5)	(19.0, 210513.0)	(20.0, 308865.5)	(21.0, 445645.5)	(22.0, 626524.5)	(23.0, 857888.0)	(24.0, 1139709.0)	(25.0, 1474806.0)	(26.0, 1847656.5)	(27.0, 2242032.0)	(28.0, 2654880.5)	(29.0, 3066369.5)	(30.0, 3457962.5)	(31.0, 3824650.5)	(32.0, 4172140.5)	(33.0, 4494575.0)	(34.0, 4774921.0)	(35.0, 4982439.5)	(36.0, 5087259.0)	(37.0, 5088690.0)	(38.0, 5012636.5)	(39.0, 4896402.5)	(40.0, 4766858.5)	(41.0, 4621650.5)	(42.0, 4451180.5)	(43.0, 4256517.0)	(44.0, 4040765.0)	(45.0, 3808434.0)	(46.0, 3567989.5)	(47.0, 3322235.0)	(48.0, 3070215.5)	(49.0, 2816396.5)	(50.0, 2573083.0)	(51.0, 2328397.0)	(52.0, 2076581.5)	(53.0, 1837327.5)	(54.0, 1617492.0)	(55.0, 1421938.5)	(56.0, 1248879.5)	(57.0, 1088562.5)	(58.0, 951187.5)	(59.0, 844160.0)	(60.0, 749947.0)	(61.0, 650903.5)	(62.0, 544926.5)	(63.0, 450311.5)	(64.0, 375505.0)	(65.0, 314558.0)	(66.0, 263719.5)	(67.0, 220843.0)	(68.0, 185407.0)	(69.0, 151059.0)	(70.0, 121088.5)	(71.0, 103385.5)	(72.0, 90764.0)	(73.0, 77069.0)	(74.0, 62617.5)	(75.0, 52483.5)	(76.0, 45654.5)	(77.0, 39337.5)	(78.0, 34033.5)	(79.0, 28896.5)	(80.0, 23110.5)	(81.0, 17695.5)	(82.0, 13996.0)	(83.0, 10302.0)	(84.0, 7028.5)	(85.0, 4524.0)	(86.0, 2527.0)	(87.0, 2745.5)	(88.0, 2843.0)	(89.0, 1912.5)	(90.0, 900.0)	(91.0, 282.5)	(92.0, 102.5)	(93.0, 100.0)	(94.0, 91.5)	(95.0, 100.5)	(96.0, 107.5)	(97.0, 117.0)	(98.0, 137.0)	(99.0, 124.5)	(100.0, 73.5)
trimmed_fastp | fastqc_results | Only_MNP_C2_S58_L002_R2_filtered	(0.0, 708.0)	(1.0, 751.5)	(2.0, 897.0)	(3.0, 1160.5)	(4.0, 1534.0)	(5.0, 2012.5)	(6.0, 2675.0)	(7.0, 3323.5)	(8.0, 4159.0)	(9.0, 5460.0)	(10.0, 7216.0)	(11.0, 9822.5)	(12.0, 13710.5)	(13.0, 19454.0)	(14.0, 27798.5)	(15.0, 40810.5)	(16.0, 60874.5)	(17.0, 92703.0)	(18.0, 140764.5)	(19.0, 210490.5)	(20.0, 309463.5)	(21.0, 445620.5)	(22.0, 626826.5)	(23.0, 858811.5)	(24.0, 1142237.5)	(25.0, 1479680.0)	(26.0, 1853456.5)	(27.0, 2248599.0)	(28.0, 2662870.0)	(29.0, 3075414.0)	(30.0, 3468146.5)	(31.0, 3837795.5)	(32.0, 4188062.0)	(33.0, 4510663.5)	(34.0, 4785855.0)	(35.0, 4990734.5)	(36.0, 5100101.5)	(37.0, 5100245.5)	(38.0, 5021473.5)	(39.0, 4904328.0)	(40.0, 4769062.0)	(41.0, 4621932.0)	(42.0, 4452314.5)	(43.0, 4254633.5)	(44.0, 4035330.0)	(45.0, 3805086.5)	(46.0, 3565028.0)	(47.0, 3315098.5)	(48.0, 3060220.0)	(49.0, 2805188.5)	(50.0, 2561716.5)	(51.0, 2316138.0)	(52.0, 2065757.5)	(53.0, 1827403.0)	(54.0, 1606853.0)	(55.0, 1411826.0)	(56.0, 1239393.0)	(57.0, 1080245.5)	(58.0, 942735.5)	(59.0, 836110.0)	(60.0, 741772.0)	(61.0, 642899.0)	(62.0, 540472.5)	(63.0, 447735.0)	(64.0, 372743.0)	(65.0, 310958.0)	(66.0, 260329.0)	(67.0, 218745.5)	(68.0, 184323.0)	(69.0, 150176.0)	(70.0, 120219.5)	(71.0, 102676.5)	(72.0, 90235.0)	(73.0, 77043.0)	(74.0, 62223.0)	(75.0, 51210.5)	(76.0, 44702.5)	(77.0, 38794.5)	(78.0, 33337.0)	(79.0, 28263.5)	(80.0, 22867.5)	(81.0, 17640.5)	(82.0, 14004.0)	(83.0, 10526.0)	(84.0, 7584.0)	(85.0, 5222.5)	(86.0, 3300.0)	(87.0, 3469.0)	(88.0, 3490.0)	(89.0, 2790.0)	(90.0, 2175.0)	(91.0, 1854.0)	(92.0, 1828.5)	(93.0, 1923.0)	(94.0, 1993.0)	(95.0, 2114.0)	(96.0, 2371.5)	(97.0, 2809.5)	(98.0, 3265.5)	(99.0, 3674.0)	(100.0, 6425.5)
trimmed_fastp | fastqc_results | Only_MNP_C3_S59_L002_R1_filtered	(0.0, 839.0)	(1.0, 884.5)	(2.0, 1031.0)	(3.0, 1239.5)	(4.0, 1635.0)	(5.0, 2215.5)	(6.0, 2894.0)	(7.0, 3553.5)	(8.0, 4403.5)	(9.0, 5853.0)	(10.0, 7773.0)	(11.0, 10442.5)	(12.0, 14528.5)	(13.0, 20374.0)	(14.0, 28967.0)	(15.0, 42230.5)	(16.0, 62892.0)	(17.0, 95205.0)	(18.0, 143828.5)	(19.0, 214260.0)	(20.0, 314493.0)	(21.0, 451950.0)	(22.0, 636810.0)	(23.0, 872047.5)	(24.0, 1157579.5)	(25.0, 1500267.5)	(26.0, 1879018.5)	(27.0, 2277535.5)	(28.0, 2697639.5)	(29.0, 3114386.0)	(30.0, 3509406.0)	(31.0, 3885839.0)	(32.0, 4243277.5)	(33.0, 4575283.5)	(34.0, 4865832.5)	(35.0, 5080678.0)	(36.0, 5186211.0)	(37.0, 5179019.0)	(38.0, 5088487.0)	(39.0, 4957439.0)	(40.0, 4818920.0)	(41.0, 4669329.5)	(42.0, 4496505.5)	(43.0, 4299469.5)	(44.0, 4081262.0)	(45.0, 3848046.5)	(46.0, 3605376.0)	(47.0, 3353535.5)	(48.0, 3095002.5)	(49.0, 2840520.5)	(50.0, 2598617.5)	(51.0, 2352770.0)	(52.0, 2098684.0)	(53.0, 1857377.0)	(54.0, 1634496.5)	(55.0, 1438688.5)	(56.0, 1267958.0)	(57.0, 1108022.0)	(58.0, 974488.0)	(59.0, 873754.0)	(60.0, 781579.5)	(61.0, 679344.5)	(62.0, 566514.5)	(63.0, 465825.5)	(64.0, 387247.5)	(65.0, 323145.0)	(66.0, 271545.5)	(67.0, 229654.5)	(68.0, 194308.0)	(69.0, 159329.0)	(70.0, 128761.0)	(71.0, 110997.5)	(72.0, 99121.0)	(73.0, 85702.0)	(74.0, 69902.0)	(75.0, 58283.0)	(76.0, 50984.0)	(77.0, 44189.0)	(78.0, 37992.0)	(79.0, 32671.5)	(80.0, 26680.0)	(81.0, 20543.0)	(82.0, 16135.5)	(83.0, 11766.0)	(84.0, 8173.5)	(85.0, 5271.5)	(86.0, 2978.0)	(87.0, 3276.0)	(88.0, 3372.5)	(89.0, 2366.5)	(90.0, 1132.0)	(91.0, 350.0)	(92.0, 122.5)	(93.0, 115.5)	(94.0, 120.0)	(95.0, 122.0)	(96.0, 138.0)	(97.0, 159.0)	(98.0, 178.5)	(99.0, 174.0)	(100.0, 124.0)
trimmed_fastp | fastqc_results | Only_MNP_C3_S59_L002_R2_filtered	(0.0, 770.0)	(1.0, 793.5)	(2.0, 922.0)	(3.0, 1214.5)	(4.0, 1598.0)	(5.0, 2042.0)	(6.0, 2660.0)	(7.0, 3373.5)	(8.0, 4272.5)	(9.0, 5561.0)	(10.0, 7354.0)	(11.0, 9961.0)	(12.0, 13837.5)	(13.0, 19678.5)	(14.0, 28213.5)	(15.0, 41325.0)	(16.0, 61819.0)	(17.0, 93859.0)	(18.0, 142513.5)	(19.0, 213111.0)	(20.0, 313662.0)	(21.0, 451716.5)	(22.0, 636177.5)	(23.0, 872245.0)	(24.0, 1160756.5)	(25.0, 1502918.0)	(26.0, 1881498.0)	(27.0, 2282121.0)	(28.0, 2703442.0)	(29.0, 3123965.0)	(30.0, 3519973.5)	(31.0, 3892461.0)	(32.0, 4250038.5)	(33.0, 4586342.0)	(34.0, 4877170.5)	(35.0, 5090312.0)	(36.0, 5196865.0)	(37.0, 5187454.5)	(38.0, 5095774.5)	(39.0, 4965716.0)	(40.0, 4823593.5)	(41.0, 4675354.5)	(42.0, 4500453.5)	(43.0, 4297754.0)	(44.0, 4079408.0)	(45.0, 3844652.5)	(46.0, 3601157.5)	(47.0, 3347070.0)	(48.0, 3088273.0)	(49.0, 2832228.5)	(50.0, 2584852.0)	(51.0, 2340932.0)	(52.0, 2091382.5)	(53.0, 1850060.5)	(54.0, 1627282.0)	(55.0, 1430810.0)	(56.0, 1259780.5)	(57.0, 1101217.5)	(58.0, 967367.0)	(59.0, 866701.0)	(60.0, 773631.0)	(61.0, 671809.0)	(62.0, 561517.0)	(63.0, 463176.5)	(64.0, 386512.0)	(65.0, 321816.5)	(66.0, 269213.0)	(67.0, 227323.0)	(68.0, 192670.0)	(69.0, 158189.5)	(70.0, 127431.5)	(71.0, 110366.0)	(72.0, 98533.0)	(73.0, 84901.0)	(74.0, 69331.0)	(75.0, 57587.0)	(76.0, 50511.5)	(77.0, 43819.5)	(78.0, 37584.0)	(79.0, 31799.5)	(80.0, 25741.0)	(81.0, 20024.0)	(82.0, 16162.0)	(83.0, 12288.0)	(84.0, 8745.5)	(85.0, 5845.0)	(86.0, 3583.5)	(87.0, 3905.0)	(88.0, 3992.0)	(89.0, 3142.5)	(90.0, 2258.5)	(91.0, 1865.5)	(92.0, 1891.5)	(93.0, 1974.0)	(94.0, 2050.5)	(95.0, 2185.5)	(96.0, 2415.5)	(97.0, 2822.0)	(98.0, 3241.5)	(99.0, 3685.0)	(100.0, 7305.0)
trimmed_fastp | fastqc_results | Only_MNP_C4_S60_L002_R1_filtered	(0.0, 867.0)	(1.0, 868.5)	(2.0, 988.0)	(3.0, 1240.5)	(4.0, 1550.5)	(5.0, 2069.0)	(6.0, 2756.0)	(7.0, 3437.5)	(8.0, 4371.5)	(9.0, 5812.5)	(10.0, 7574.0)	(11.0, 10164.5)	(12.0, 14116.5)	(13.0, 19949.0)	(14.0, 28397.5)	(15.0, 41364.0)	(16.0, 61783.5)	(17.0, 92986.0)	(18.0, 140954.5)	(19.0, 210809.5)	(20.0, 309036.0)	(21.0, 444818.5)	(22.0, 625469.5)	(23.0, 855361.5)	(24.0, 1137651.5)	(25.0, 1474662.5)	(26.0, 1844970.5)	(27.0, 2237324.5)	(28.0, 2649193.5)	(29.0, 3057379.0)	(30.0, 3448249.5)	(31.0, 3816486.5)	(32.0, 4163483.0)	(33.0, 4483662.0)	(34.0, 4760115.5)	(35.0, 4964240.5)	(36.0, 5067988.0)	(37.0, 5071140.0)	(38.0, 4999086.0)	(39.0, 4883375.5)	(40.0, 4751923.5)	(41.0, 4610412.0)	(42.0, 4440365.5)	(43.0, 4244703.5)	(44.0, 4030319.0)	(45.0, 3798384.0)	(46.0, 3556530.5)	(47.0, 3305278.0)	(48.0, 3050076.5)	(49.0, 2794413.0)	(50.0, 2550775.5)	(51.0, 2309028.5)	(52.0, 2062781.0)	(53.0, 1826393.5)	(54.0, 1606730.5)	(55.0, 1413517.5)	(56.0, 1244440.0)	(57.0, 1088401.5)	(58.0, 956708.5)	(59.0, 857797.5)	(60.0, 768836.0)	(61.0, 669400.5)	(62.0, 558602.5)	(63.0, 459679.0)	(64.0, 382490.5)	(65.0, 319516.0)	(66.0, 268380.0)	(67.0, 227438.5)	(68.0, 193487.0)	(69.0, 159192.0)	(70.0, 128863.0)	(71.0, 111143.0)	(72.0, 99563.5)	(73.0, 86057.0)	(74.0, 70234.0)	(75.0, 58979.5)	(76.0, 52277.0)	(77.0, 45660.0)	(78.0, 39082.0)	(79.0, 33399.5)	(80.0, 27354.5)	(81.0, 21080.0)	(82.0, 16684.5)	(83.0, 12203.5)	(84.0, 8397.5)	(85.0, 5456.5)	(86.0, 3059.5)	(87.0, 3374.5)	(88.0, 3458.5)	(89.0, 2302.5)	(90.0, 1052.5)	(91.0, 329.0)	(92.0, 94.0)	(93.0, 85.0)	(94.0, 84.0)	(95.0, 91.5)	(96.0, 108.0)	(97.0, 124.0)	(98.0, 150.0)	(99.0, 125.0)	(100.0, 62.0)
trimmed_fastp | fastqc_results | Only_MNP_C4_S60_L002_R2_filtered	(0.0, 697.0)	(1.0, 753.5)	(2.0, 929.5)	(3.0, 1205.5)	(4.0, 1522.5)	(5.0, 1960.0)	(6.0, 2545.5)	(7.0, 3272.5)	(8.0, 4162.0)	(9.0, 5440.0)	(10.0, 7146.0)	(11.0, 9654.0)	(12.0, 13584.0)	(13.0, 19411.0)	(14.0, 27837.0)	(15.0, 40418.0)	(16.0, 60522.0)	(17.0, 92384.5)	(18.0, 140499.0)	(19.0, 210056.5)	(20.0, 308820.5)	(21.0, 444729.0)	(22.0, 626616.5)	(23.0, 858790.0)	(24.0, 1141746.5)	(25.0, 1478930.0)	(26.0, 1852016.0)	(27.0, 2245801.5)	(28.0, 2659144.0)	(29.0, 3071065.5)	(30.0, 3462164.0)	(31.0, 3831362.0)	(32.0, 4178494.0)	(33.0, 4498070.5)	(34.0, 4774126.5)	(35.0, 4974911.5)	(36.0, 5078588.0)	(37.0, 5079904.0)	(38.0, 5004737.0)	(39.0, 4887662.0)	(40.0, 4754956.5)	(41.0, 4608424.5)	(42.0, 4433800.5)	(43.0, 4238129.0)	(44.0, 4025174.5)	(45.0, 3793751.0)	(46.0, 3550179.0)	(47.0, 3296478.5)	(48.0, 3038239.0)	(49.0, 2784003.0)	(50.0, 2541261.0)	(51.0, 2299867.0)	(52.0, 2052448.0)	(53.0, 1815530.0)	(54.0, 1595623.5)	(55.0, 1403957.5)	(56.0, 1238500.5)	(57.0, 1081777.5)	(58.0, 949735.5)	(59.0, 850262.5)	(60.0, 759560.0)	(61.0, 660967.5)	(62.0, 552995.5)	(63.0, 456521.0)	(64.0, 381165.5)	(65.0, 317625.5)	(66.0, 265865.0)	(67.0, 225001.5)	(68.0, 191838.5)	(69.0, 157996.5)	(70.0, 127394.0)	(71.0, 110395.0)	(72.0, 99146.0)	(73.0, 85584.0)	(74.0, 69548.5)	(75.0, 58016.5)	(76.0, 51471.0)	(77.0, 45008.0)	(78.0, 38598.0)	(79.0, 33050.0)	(80.0, 26807.5)	(81.0, 20525.5)	(82.0, 16426.5)	(83.0, 12422.5)	(84.0, 8840.0)	(85.0, 5883.0)	(86.0, 3496.0)	(87.0, 3790.0)	(88.0, 3880.0)	(89.0, 2992.5)	(90.0, 2221.0)	(91.0, 1858.5)	(92.0, 1814.0)	(93.0, 1928.0)	(94.0, 2043.0)	(95.0, 2177.5)	(96.0, 2422.5)	(97.0, 2943.5)	(98.0, 3482.0)	(99.0, 3952.5)	(100.0, 7446.5)
trimmed_fastp | fastqc_results | Plasmid_Ko_P1_S61_L002_R1_filtered	(0.0, 857.0)	(1.0, 891.5)	(2.0, 1016.0)	(3.0, 1283.0)	(4.0, 1675.0)	(5.0, 2209.0)	(6.0, 2898.0)	(7.0, 3633.5)	(8.0, 4593.0)	(9.0, 5903.5)	(10.0, 7795.0)	(11.0, 10762.0)	(12.0, 15045.5)	(13.0, 21131.5)	(14.0, 29971.0)	(15.0, 43170.0)	(16.0, 64063.0)	(17.0, 97222.5)	(18.0, 146991.5)	(19.0, 219263.0)	(20.0, 321565.5)	(21.0, 461981.5)	(22.0, 649069.0)	(23.0, 887647.5)	(24.0, 1179274.5)	(25.0, 1527335.0)	(26.0, 1911780.5)	(27.0, 2317978.5)	(28.0, 2744177.5)	(29.0, 3166335.0)	(30.0, 3570711.5)	(31.0, 3948579.0)	(32.0, 4307950.0)	(33.0, 4644349.5)	(34.0, 4928772.5)	(35.0, 5139227.5)	(36.0, 5249590.5)	(37.0, 5252630.0)	(38.0, 5173355.5)	(39.0, 5051276.5)	(40.0, 4916608.0)	(41.0, 4766428.0)	(42.0, 4585971.0)	(43.0, 4382177.5)	(44.0, 4159442.5)	(45.0, 3918479.5)	(46.0, 3666970.0)	(47.0, 3404377.0)	(48.0, 3137464.5)	(49.0, 2874497.5)	(50.0, 2624532.0)	(51.0, 2374544.0)	(52.0, 2117324.5)	(53.0, 1874722.5)	(54.0, 1651400.5)	(55.0, 1453459.0)	(56.0, 1280997.0)	(57.0, 1119953.0)	(58.0, 982764.5)	(59.0, 880013.5)	(60.0, 786297.0)	(61.0, 680966.0)	(62.0, 567558.5)	(63.0, 467993.5)	(64.0, 390309.0)	(65.0, 325038.0)	(66.0, 272066.0)	(67.0, 229668.5)	(68.0, 194279.5)	(69.0, 159161.5)	(70.0, 128139.5)	(71.0, 109710.5)	(72.0, 96692.5)	(73.0, 83384.5)	(74.0, 68160.0)	(75.0, 57177.5)	(76.0, 50169.0)	(77.0, 42891.5)	(78.0, 36708.5)	(79.0, 31582.0)	(80.0, 25727.5)	(81.0, 19686.0)	(82.0, 15585.5)	(83.0, 11403.0)	(84.0, 7752.5)	(85.0, 5023.0)	(86.0, 2822.0)	(87.0, 3071.0)	(88.0, 3246.0)	(89.0, 2309.5)	(90.0, 1099.0)	(91.0, 348.5)	(92.0, 127.0)	(93.0, 122.0)	(94.0, 136.5)	(95.0, 153.5)	(96.0, 156.0)	(97.0, 170.0)	(98.0, 208.0)	(99.0, 215.0)	(100.0, 146.5)
trimmed_fastp | fastqc_results | Plasmid_Ko_P1_S61_L002_R2_filtered	(0.0, 732.0)	(1.0, 774.5)	(2.0, 932.5)	(3.0, 1235.5)	(4.0, 1670.5)	(5.0, 2174.5)	(6.0, 2755.0)	(7.0, 3472.0)	(8.0, 4420.0)	(9.0, 5747.5)	(10.0, 7495.5)	(11.0, 10269.0)	(12.0, 14558.5)	(13.0, 20428.0)	(14.0, 29062.5)	(15.0, 42739.0)	(16.0, 63594.0)	(17.0, 96446.5)	(18.0, 146334.0)	(19.0, 218875.5)	(20.0, 321420.0)	(21.0, 461330.0)	(22.0, 648849.5)	(23.0, 889039.5)	(24.0, 1181259.0)	(25.0, 1528785.5)	(26.0, 1913666.5)	(27.0, 2321377.0)	(28.0, 2748028.5)	(29.0, 3174849.0)	(30.0, 3580799.0)	(31.0, 3959154.0)	(32.0, 4319166.5)	(33.0, 4654752.0)	(34.0, 4940075.0)	(35.0, 5150558.5)	(36.0, 5259713.5)	(37.0, 5261486.0)	(38.0, 5182346.0)	(39.0, 5053764.5)	(40.0, 4915026.5)	(41.0, 4766302.0)	(42.0, 4586261.0)	(43.0, 4380937.5)	(44.0, 4155023.0)	(45.0, 3913248.0)	(46.0, 3663061.0)	(47.0, 3401433.5)	(48.0, 3133487.5)	(49.0, 2867250.0)	(50.0, 2614686.0)	(51.0, 2364502.5)	(52.0, 2109316.0)	(53.0, 1867420.0)	(54.0, 1643146.0)	(55.0, 1446204.0)	(56.0, 1273551.0)	(57.0, 1111506.5)	(58.0, 975912.5)	(59.0, 874102.0)	(60.0, 778329.5)	(61.0, 672899.5)	(62.0, 562829.5)	(63.0, 464965.0)	(64.0, 387255.5)	(65.0, 322017.0)	(66.0, 269467.0)	(67.0, 227667.5)	(68.0, 192579.0)	(69.0, 157701.5)	(70.0, 126525.0)	(71.0, 108604.5)	(72.0, 96474.5)	(73.0, 83007.5)	(74.0, 67395.0)	(75.0, 56186.5)	(76.0, 49576.0)	(77.0, 42583.0)	(78.0, 36417.5)	(79.0, 31230.0)	(80.0, 25425.0)	(81.0, 19665.5)	(82.0, 15746.0)	(83.0, 11955.0)	(84.0, 8572.5)	(85.0, 5943.5)	(86.0, 3896.5)	(87.0, 4133.0)	(88.0, 4243.5)	(89.0, 3511.0)	(90.0, 2698.5)	(91.0, 2305.0)	(92.0, 2300.0)	(93.0, 2446.5)	(94.0, 2566.0)	(95.0, 2666.5)	(96.0, 2948.0)	(97.0, 3435.0)	(98.0, 3855.5)	(99.0, 4342.0)	(100.0, 7905.5)
trimmed_fastp | fastqc_results | Plasmid_Ko_P2_S62_L002_R1_filtered	(0.0, 852.0)	(1.0, 856.0)	(2.0, 959.0)	(3.0, 1262.5)	(4.0, 1657.0)	(5.0, 2152.0)	(6.0, 2777.5)	(7.0, 3519.0)	(8.0, 4534.0)	(9.0, 5834.0)	(10.0, 7591.5)	(11.0, 10293.0)	(12.0, 14382.5)	(13.0, 20383.5)	(14.0, 29049.0)	(15.0, 42506.5)	(16.0, 63458.5)	(17.0, 95469.0)	(18.0, 144203.0)	(19.0, 215399.0)	(20.0, 316141.5)	(21.0, 454279.0)	(22.0, 637335.5)	(23.0, 872959.5)	(24.0, 1162201.5)	(25.0, 1505598.5)	(26.0, 1882424.0)	(27.0, 2281303.5)	(28.0, 2702344.5)	(29.0, 3117749.5)	(30.0, 3512127.0)	(31.0, 3887098.5)	(32.0, 4239792.0)	(33.0, 4568091.0)	(34.0, 4852739.5)	(35.0, 5054670.5)	(36.0, 5158727.0)	(37.0, 5165517.5)	(38.0, 5090285.5)	(39.0, 4969488.5)	(40.0, 4832701.0)	(41.0, 4686898.0)	(42.0, 4517211.0)	(43.0, 4317845.0)	(44.0, 4099728.5)	(45.0, 3865438.0)	(46.0, 3623583.0)	(47.0, 3374441.5)	(48.0, 3116876.5)	(49.0, 2859537.0)	(50.0, 2614862.0)	(51.0, 2367516.0)	(52.0, 2112571.0)	(53.0, 1870550.5)	(54.0, 1644626.0)	(55.0, 1446259.5)	(56.0, 1272910.5)	(57.0, 1112440.5)	(58.0, 977463.5)	(59.0, 876632.5)	(60.0, 785708.0)	(61.0, 683723.0)	(62.0, 571163.5)	(63.0, 469346.0)	(64.0, 390679.5)	(65.0, 325728.0)	(66.0, 272808.5)	(67.0, 230634.5)	(68.0, 195440.0)	(69.0, 160356.0)	(70.0, 129767.0)	(71.0, 111658.5)	(72.0, 99380.0)	(73.0, 86322.0)	(74.0, 70469.0)	(75.0, 58973.5)	(76.0, 51855.5)	(77.0, 45082.0)	(78.0, 38967.5)	(79.0, 33382.5)	(80.0, 27093.0)	(81.0, 20757.0)	(82.0, 16571.5)	(83.0, 12159.0)	(84.0, 8248.0)	(85.0, 5401.5)	(86.0, 3138.5)	(87.0, 3373.5)	(88.0, 3353.0)	(89.0, 2186.0)	(90.0, 1009.0)	(91.0, 315.0)	(92.0, 92.5)	(93.0, 97.0)	(94.0, 88.0)	(95.0, 92.0)	(96.0, 107.5)	(97.0, 123.5)	(98.0, 152.0)	(99.0, 143.5)	(100.0, 88.0)
trimmed_fastp | fastqc_results | Plasmid_Ko_P2_S62_L002_R2_filtered	(0.0, 722.0)	(1.0, 758.5)	(2.0, 921.0)	(3.0, 1203.5)	(4.0, 1581.0)	(5.0, 2048.5)	(6.0, 2671.5)	(7.0, 3398.5)	(8.0, 4236.5)	(9.0, 5501.5)	(10.0, 7295.0)	(11.0, 9982.0)	(12.0, 14051.5)	(13.0, 20063.0)	(14.0, 28576.0)	(15.0, 41807.0)	(16.0, 62737.5)	(17.0, 95150.5)	(18.0, 143518.0)	(19.0, 214951.5)	(20.0, 317827.0)	(21.0, 457388.5)	(22.0, 642235.5)	(23.0, 880486.0)	(24.0, 1169781.5)	(25.0, 1513735.0)	(26.0, 1894775.0)	(27.0, 2296289.5)	(28.0, 2719716.0)	(29.0, 3139945.5)	(30.0, 3535591.5)	(31.0, 3908694.5)	(32.0, 4264185.5)	(33.0, 4593661.0)	(34.0, 4871985.5)	(35.0, 5073174.0)	(36.0, 5176806.5)	(37.0, 5176190.5)	(38.0, 5097624.5)	(39.0, 4974928.0)	(40.0, 4836921.0)	(41.0, 4687705.0)	(42.0, 4511814.0)	(43.0, 4311590.0)	(44.0, 4090315.5)	(45.0, 3853985.5)	(46.0, 3610986.5)	(47.0, 3358577.0)	(48.0, 3103031.5)	(49.0, 2844855.0)	(50.0, 2595890.0)	(51.0, 2350049.0)	(52.0, 2097579.5)	(53.0, 1853890.5)	(54.0, 1626943.0)	(55.0, 1431014.0)	(56.0, 1260336.5)	(57.0, 1100871.0)	(58.0, 967706.5)	(59.0, 866646.5)	(60.0, 774483.0)	(61.0, 673513.0)	(62.0, 563217.0)	(63.0, 463448.5)	(64.0, 384953.0)	(65.0, 320310.0)	(66.0, 268500.5)	(67.0, 226619.0)	(68.0, 192153.5)	(69.0, 157736.0)	(70.0, 126616.5)	(71.0, 109168.0)	(72.0, 97981.0)	(73.0, 85072.0)	(74.0, 69038.5)	(75.0, 57383.5)	(76.0, 50771.0)	(77.0, 44196.0)	(78.0, 37675.5)	(79.0, 32144.5)	(80.0, 26159.0)	(81.0, 19987.5)	(82.0, 16162.0)	(83.0, 12340.5)	(84.0, 8846.5)	(85.0, 6079.5)	(86.0, 3789.5)	(87.0, 3966.0)	(88.0, 3981.0)	(89.0, 3116.0)	(90.0, 2273.0)	(91.0, 1880.5)	(92.0, 1848.5)	(93.0, 2000.5)	(94.0, 2197.0)	(95.0, 2356.5)	(96.0, 2671.5)	(97.0, 3218.5)	(98.0, 3684.5)	(99.0, 4254.0)	(100.0, 8325.0)
trimmed_fastp | fastqc_results | Plasmid_Ko_P3_S63_L002_R1_filtered	(0.0, 772.0)	(1.0, 798.0)	(2.0, 937.0)	(3.0, 1202.0)	(4.0, 1555.0)	(5.0, 1980.0)	(6.0, 2611.5)	(7.0, 3296.5)	(8.0, 4121.5)	(9.0, 5341.0)	(10.0, 6989.5)	(11.0, 9518.5)	(12.0, 13359.5)	(13.0, 18784.0)	(14.0, 26656.5)	(15.0, 38874.0)	(16.0, 57448.5)	(17.0, 86376.0)	(18.0, 130766.0)	(19.0, 194649.0)	(20.0, 285374.0)	(21.0, 410444.5)	(22.0, 576712.0)	(23.0, 788161.0)	(24.0, 1045370.5)	(25.0, 1353216.5)	(26.0, 1692670.0)	(27.0, 2050098.5)	(28.0, 2425819.0)	(29.0, 2800562.5)	(30.0, 3158164.0)	(31.0, 3492087.5)	(32.0, 3810132.0)	(33.0, 4104967.0)	(34.0, 4357759.0)	(35.0, 4546562.5)	(36.0, 4643087.5)	(37.0, 4640726.5)	(38.0, 4565166.5)	(39.0, 4451462.5)	(40.0, 4325532.0)	(41.0, 4191738.0)	(42.0, 4037414.5)	(43.0, 3861095.5)	(44.0, 3665651.5)	(45.0, 3458655.0)	(46.0, 3244429.0)	(47.0, 3018407.0)	(48.0, 2786724.5)	(49.0, 2554884.5)	(50.0, 2332685.0)	(51.0, 2110991.5)	(52.0, 1884020.5)	(53.0, 1666992.0)	(54.0, 1465256.0)	(55.0, 1287798.0)	(56.0, 1133217.5)	(57.0, 989621.5)	(58.0, 868799.0)	(59.0, 777769.5)	(60.0, 694420.0)	(61.0, 602890.0)	(62.0, 503642.5)	(63.0, 415135.5)	(64.0, 345628.0)	(65.0, 287928.5)	(66.0, 241089.0)	(67.0, 203439.5)	(68.0, 172651.0)	(69.0, 141944.0)	(70.0, 114748.5)	(71.0, 99258.5)	(72.0, 88536.5)	(73.0, 76224.5)	(74.0, 61935.0)	(75.0, 51939.5)	(76.0, 45773.0)	(77.0, 39531.5)	(78.0, 33989.5)	(79.0, 29108.5)	(80.0, 23375.5)	(81.0, 17787.5)	(82.0, 14243.0)	(83.0, 10479.0)	(84.0, 7191.0)	(85.0, 4686.5)	(86.0, 2681.5)	(87.0, 2969.5)	(88.0, 3025.5)	(89.0, 2104.5)	(90.0, 995.5)	(91.0, 308.5)	(92.0, 128.5)	(93.0, 146.0)	(94.0, 149.5)	(95.0, 175.0)	(96.0, 186.5)	(97.0, 191.5)	(98.0, 208.0)	(99.0, 196.5)	(100.0, 149.0)
trimmed_fastp | fastqc_results | Plasmid_Ko_P3_S63_L002_R2_filtered	(0.0, 697.0)	(1.0, 717.5)	(2.0, 836.0)	(3.0, 1089.5)	(4.0, 1409.0)	(5.0, 1830.5)	(6.0, 2448.5)	(7.0, 3150.5)	(8.0, 3886.0)	(9.0, 4982.5)	(10.0, 6509.5)	(11.0, 8896.5)	(12.0, 12669.5)	(13.0, 18047.5)	(14.0, 26043.0)	(15.0, 37644.5)	(16.0, 55586.0)	(17.0, 84845.5)	(18.0, 129190.5)	(19.0, 193186.0)	(20.0, 284097.5)	(21.0, 409012.5)	(22.0, 574651.5)	(23.0, 785452.5)	(24.0, 1044151.0)	(25.0, 1353109.0)	(26.0, 1692086.0)	(27.0, 2050822.5)	(28.0, 2429248.5)	(29.0, 2804409.0)	(30.0, 3160650.5)	(31.0, 3494945.5)	(32.0, 3813586.0)	(33.0, 4111414.0)	(34.0, 4367813.5)	(35.0, 4554436.5)	(36.0, 4649327.5)	(37.0, 4648993.5)	(38.0, 4575793.0)	(39.0, 4460502.0)	(40.0, 4333109.5)	(41.0, 4200257.5)	(42.0, 4042252.5)	(43.0, 3861298.0)	(44.0, 3665043.0)	(45.0, 3458561.5)	(46.0, 3243721.0)	(47.0, 3015824.5)	(48.0, 2783195.5)	(49.0, 2551380.0)	(50.0, 2327294.0)	(51.0, 2104914.5)	(52.0, 1878343.0)	(53.0, 1660654.5)	(54.0, 1458651.5)	(55.0, 1280994.0)	(56.0, 1126489.0)	(57.0, 982196.0)	(58.0, 861642.0)	(59.0, 771665.0)	(60.0, 687934.5)	(61.0, 596245.0)	(62.0, 498672.0)	(63.0, 412653.0)	(64.0, 343850.0)	(65.0, 285988.0)	(66.0, 239180.0)	(67.0, 201717.0)	(68.0, 170931.0)	(69.0, 140097.5)	(70.0, 113034.0)	(71.0, 97981.5)	(72.0, 87808.0)	(73.0, 75787.0)	(74.0, 61304.0)	(75.0, 51176.5)	(76.0, 45296.0)	(77.0, 38842.0)	(78.0, 33093.5)	(79.0, 28267.0)	(80.0, 22921.5)	(81.0, 17690.5)	(82.0, 14259.0)	(83.0, 10907.5)	(84.0, 7870.5)	(85.0, 5483.5)	(86.0, 3541.5)	(87.0, 3801.0)	(88.0, 3907.0)	(89.0, 3268.0)	(90.0, 2654.0)	(91.0, 2342.0)	(92.0, 2321.5)	(93.0, 2434.5)	(94.0, 2587.0)	(95.0, 2628.5)	(96.0, 2728.0)	(97.0, 3155.5)	(98.0, 3618.5)	(99.0, 4105.0)	(100.0, 7339.0)
trimmed_fastp | fastqc_results | Plasmid_Ko_P4_S64_L002_R1_filtered	(0.0, 812.0)	(1.0, 860.5)	(2.0, 1013.5)	(3.0, 1275.5)	(4.0, 1646.5)	(5.0, 2154.0)	(6.0, 2779.5)	(7.0, 3477.0)	(8.0, 4414.5)	(9.0, 5755.5)	(10.0, 7532.5)	(11.0, 10382.5)	(12.0, 14530.0)	(13.0, 20300.5)	(14.0, 28843.5)	(15.0, 41945.0)	(16.0, 62358.5)	(17.0, 94353.0)	(18.0, 142736.5)	(19.0, 213026.0)	(20.0, 312085.0)	(21.0, 447815.0)	(22.0, 629909.0)	(23.0, 861855.0)	(24.0, 1145363.0)	(25.0, 1482205.5)	(26.0, 1853877.5)	(27.0, 2246031.5)	(28.0, 2656714.5)	(29.0, 3066441.5)	(30.0, 3454659.5)	(31.0, 3819163.0)	(32.0, 4165682.0)	(33.0, 4486123.5)	(34.0, 4761704.5)	(35.0, 4965751.5)	(36.0, 5068092.0)	(37.0, 5067354.0)	(38.0, 4986887.0)	(39.0, 4861911.5)	(40.0, 4725174.0)	(41.0, 4575056.0)	(42.0, 4400356.5)	(43.0, 4205919.5)	(44.0, 3990503.0)	(45.0, 3754955.0)	(46.0, 3511462.0)	(47.0, 3261012.5)	(48.0, 3007706.0)	(49.0, 2755989.5)	(50.0, 2517482.0)	(51.0, 2276638.5)	(52.0, 2028151.5)	(53.0, 1796551.0)	(54.0, 1579998.0)	(55.0, 1387594.5)	(56.0, 1220386.5)	(57.0, 1065742.5)	(58.0, 936106.5)	(59.0, 838622.0)	(60.0, 751452.0)	(61.0, 652979.0)	(62.0, 543907.0)	(63.0, 446690.0)	(64.0, 371028.5)	(65.0, 309562.5)	(66.0, 260216.5)	(67.0, 219874.5)	(68.0, 186377.0)	(69.0, 153235.5)	(70.0, 123800.5)	(71.0, 106935.0)	(72.0, 94821.5)	(73.0, 81228.0)	(74.0, 65811.0)	(75.0, 55221.5)	(76.0, 48766.5)	(77.0, 42448.0)	(78.0, 36574.5)	(79.0, 30981.0)	(80.0, 25222.5)	(81.0, 19504.5)	(82.0, 15477.5)	(83.0, 11336.5)	(84.0, 7780.0)	(85.0, 4998.0)	(86.0, 2853.0)	(87.0, 3215.0)	(88.0, 3301.0)	(89.0, 2275.5)	(90.0, 1085.0)	(91.0, 335.5)	(92.0, 93.5)	(93.0, 105.5)	(94.0, 121.0)	(95.0, 122.5)	(96.0, 144.5)	(97.0, 177.5)	(98.0, 180.5)	(99.0, 155.0)	(100.0, 103.5)
trimmed_fastp | fastqc_results | Plasmid_Ko_P4_S64_L002_R2_filtered	(0.0, 650.0)	(1.0, 715.0)	(2.0, 900.0)	(3.0, 1179.0)	(4.0, 1587.5)	(5.0, 2056.5)	(6.0, 2699.0)	(7.0, 3457.0)	(8.0, 4355.0)	(9.0, 5613.5)	(10.0, 7356.0)	(11.0, 9948.5)	(12.0, 13807.5)	(13.0, 19620.0)	(14.0, 28154.5)	(15.0, 41076.5)	(16.0, 61229.0)	(17.0, 93318.0)	(18.0, 141534.0)	(19.0, 211871.5)	(20.0, 311590.5)	(21.0, 447328.5)	(22.0, 629216.0)	(23.0, 863332.0)	(24.0, 1147992.5)	(25.0, 1484446.5)	(26.0, 1857910.5)	(27.0, 2253902.0)	(28.0, 2668336.5)	(29.0, 3078066.5)	(30.0, 3464711.0)	(31.0, 3831997.5)	(32.0, 4181314.0)	(33.0, 4503285.5)	(34.0, 4780235.5)	(35.0, 4980437.0)	(36.0, 5080546.0)	(37.0, 5075959.0)	(38.0, 4991502.5)	(39.0, 4866984.5)	(40.0, 4727855.5)	(41.0, 4578357.5)	(42.0, 4403420.5)	(43.0, 4202373.5)	(44.0, 3983731.5)	(45.0, 3748211.5)	(46.0, 3504921.5)	(47.0, 3254950.0)	(48.0, 2999718.5)	(49.0, 2747294.5)	(50.0, 2506206.0)	(51.0, 2265657.0)	(52.0, 2018711.5)	(53.0, 1783509.0)	(54.0, 1566518.5)	(55.0, 1376681.5)	(56.0, 1211581.5)	(57.0, 1057418.5)	(58.0, 928534.5)	(59.0, 831607.0)	(60.0, 743851.0)	(61.0, 645900.0)	(62.0, 539223.5)	(63.0, 443742.5)	(64.0, 368474.5)	(65.0, 306914.5)	(66.0, 256979.0)	(67.0, 216493.5)	(68.0, 183719.5)	(69.0, 151055.0)	(70.0, 121465.5)	(71.0, 104845.5)	(72.0, 93662.5)	(73.0, 80926.0)	(74.0, 65668.5)	(75.0, 54656.0)	(76.0, 48351.0)	(77.0, 41968.5)	(78.0, 36039.0)	(79.0, 30786.0)	(80.0, 25086.0)	(81.0, 19354.0)	(82.0, 15400.5)	(83.0, 11574.5)	(84.0, 8245.5)	(85.0, 5610.5)	(86.0, 3451.5)	(87.0, 3632.5)	(88.0, 3703.0)	(89.0, 2933.0)	(90.0, 2149.0)	(91.0, 1740.0)	(92.0, 1691.5)	(93.0, 1781.0)	(94.0, 1836.0)	(95.0, 1913.0)	(96.0, 2126.5)	(97.0, 2518.0)	(98.0, 2926.0)	(99.0, 3449.0)	(100.0, 7609.5)
trimmed_fastp | fastqc_results | RNP_Cas1_S65_L002_R1_filtered	(0.0, 1124.0)	(1.0, 1119.0)	(2.0, 1259.0)	(3.0, 1612.5)	(4.0, 2129.5)	(5.0, 2828.0)	(6.0, 3649.5)	(7.0, 4586.5)	(8.0, 5844.0)	(9.0, 7599.5)	(10.0, 10110.0)	(11.0, 13720.0)	(12.0, 19025.5)	(13.0, 26711.0)	(14.0, 37913.5)	(15.0, 54932.5)	(16.0, 81095.5)	(17.0, 123100.5)	(18.0, 186176.5)	(19.0, 277253.0)	(20.0, 406470.5)	(21.0, 584328.5)	(22.0, 821987.0)	(23.0, 1124867.0)	(24.0, 1493245.0)	(25.0, 1932300.5)	(26.0, 2416855.5)	(27.0, 2930183.0)	(28.0, 3467693.0)	(29.0, 4002010.0)	(30.0, 4509079.5)	(31.0, 4983717.0)	(32.0, 5431317.5)	(33.0, 5843447.5)	(34.0, 6194893.0)	(35.0, 6448460.5)	(36.0, 6578693.0)	(37.0, 6579855.5)	(38.0, 6484558.0)	(39.0, 6334630.0)	(40.0, 6164377.5)	(41.0, 5977163.5)	(42.0, 5753457.0)	(43.0, 5496442.0)	(44.0, 5212280.0)	(45.0, 4906236.5)	(46.0, 4589719.5)	(47.0, 4259743.0)	(48.0, 3922386.0)	(49.0, 3591992.0)	(50.0, 3278669.0)	(51.0, 2967764.5)	(52.0, 2648298.0)	(53.0, 2342252.5)	(54.0, 2060993.5)	(55.0, 1814944.5)	(56.0, 1599839.0)	(57.0, 1400118.5)	(58.0, 1233898.0)	(59.0, 1107081.0)	(60.0, 989923.5)	(61.0, 859941.5)	(62.0, 718324.0)	(63.0, 593126.0)	(64.0, 495137.0)	(65.0, 412394.5)	(66.0, 345625.5)	(67.0, 292640.0)	(68.0, 249370.0)	(69.0, 205558.0)	(70.0, 166030.0)	(71.0, 144566.5)	(72.0, 129970.0)	(73.0, 113237.5)	(74.0, 92852.0)	(75.0, 77983.0)	(76.0, 69071.5)	(77.0, 59863.0)	(78.0, 51560.5)	(79.0, 44598.0)	(80.0, 36490.0)	(81.0, 27796.0)	(82.0, 21903.5)	(83.0, 16306.5)	(84.0, 11485.5)	(85.0, 7332.5)	(86.0, 4003.5)	(87.0, 4426.0)	(88.0, 4597.5)	(89.0, 3217.0)	(90.0, 1565.0)	(91.0, 472.5)	(92.0, 150.0)	(93.0, 167.5)	(94.0, 174.0)	(95.0, 181.5)	(96.0, 204.5)	(97.0, 228.0)	(98.0, 246.0)	(99.0, 227.5)	(100.0, 156.5)
trimmed_fastp | fastqc_results | RNP_Cas1_S65_L002_R2_filtered	(0.0, 997.0)	(1.0, 1030.5)	(2.0, 1192.5)	(3.0, 1545.5)	(4.0, 2038.0)	(5.0, 2685.0)	(6.0, 3559.0)	(7.0, 4459.0)	(8.0, 5609.0)	(9.0, 7370.5)	(10.0, 9687.0)	(11.0, 13026.5)	(12.0, 18112.0)	(13.0, 25771.0)	(14.0, 37103.5)	(15.0, 53968.0)	(16.0, 80659.5)	(17.0, 122441.5)	(18.0, 185406.0)	(19.0, 277216.5)	(20.0, 406759.5)	(21.0, 585635.5)	(22.0, 823924.0)	(23.0, 1127468.0)	(24.0, 1497186.5)	(25.0, 1938151.0)	(26.0, 2424951.0)	(27.0, 2938371.5)	(28.0, 3478122.5)	(29.0, 4013482.5)	(30.0, 4519442.5)	(31.0, 4995260.0)	(32.0, 5444925.0)	(33.0, 5856076.0)	(34.0, 6206591.0)	(35.0, 6460861.0)	(36.0, 6588066.0)	(37.0, 6584595.5)	(38.0, 6487759.5)	(39.0, 6339896.0)	(40.0, 6165921.0)	(41.0, 5976475.5)	(42.0, 5751355.0)	(43.0, 5491482.0)	(44.0, 5206197.5)	(45.0, 4897992.5)	(46.0, 4579497.5)	(47.0, 4248632.0)	(48.0, 3913852.5)	(49.0, 3582548.0)	(50.0, 3268017.5)	(51.0, 2956574.5)	(52.0, 2637083.5)	(53.0, 2332405.0)	(54.0, 2049799.0)	(55.0, 1804045.0)	(56.0, 1591318.5)	(57.0, 1392563.5)	(58.0, 1225103.0)	(59.0, 1098003.0)	(60.0, 979844.5)	(61.0, 851979.5)	(62.0, 714784.5)	(63.0, 589181.0)	(64.0, 490740.0)	(65.0, 409122.5)	(66.0, 343185.0)	(67.0, 291327.5)	(68.0, 248153.0)	(69.0, 203565.5)	(70.0, 164462.5)	(71.0, 143586.0)	(72.0, 129428.0)	(73.0, 113073.0)	(74.0, 92490.5)	(75.0, 76993.5)	(76.0, 68159.0)	(77.0, 59337.5)	(78.0, 51048.5)	(79.0, 43790.5)	(80.0, 35803.0)	(81.0, 27685.5)	(82.0, 22249.0)	(83.0, 17243.0)	(84.0, 12681.0)	(85.0, 8721.0)	(86.0, 5508.0)	(87.0, 5858.0)	(88.0, 6021.5)	(89.0, 4958.5)	(90.0, 3914.5)	(91.0, 3353.5)	(92.0, 3170.0)	(93.0, 3249.5)	(94.0, 3479.5)	(95.0, 3685.5)	(96.0, 4050.5)	(97.0, 4832.5)	(98.0, 5703.0)	(99.0, 6695.0)	(100.0, 11841.0)
trimmed_fastp | fastqc_results | RNP_Cas2_S66_L002_R1_filtered	(0.0, 966.0)	(1.0, 1000.0)	(2.0, 1139.0)	(3.0, 1466.0)	(4.0, 1960.0)	(5.0, 2536.0)	(6.0, 3184.5)	(7.0, 4046.0)	(8.0, 5238.5)	(9.0, 6861.0)	(10.0, 8887.5)	(11.0, 12023.0)	(12.0, 17040.5)	(13.0, 24119.0)	(14.0, 34182.5)	(15.0, 49577.0)	(16.0, 73404.5)	(17.0, 111073.0)	(18.0, 168543.0)	(19.0, 251912.0)	(20.0, 369773.0)	(21.0, 531519.5)	(22.0, 747488.5)	(23.0, 1023594.5)	(24.0, 1360170.5)	(25.0, 1760997.0)	(26.0, 2202624.0)	(27.0, 2670397.5)	(28.0, 3162334.0)	(29.0, 3649083.0)	(30.0, 4111793.5)	(31.0, 4547805.0)	(32.0, 4966209.5)	(33.0, 5356980.5)	(34.0, 5694163.5)	(35.0, 5946906.0)	(36.0, 6074519.0)	(37.0, 6067907.5)	(38.0, 5964003.0)	(39.0, 5806977.0)	(40.0, 5639602.0)	(41.0, 5468000.5)	(42.0, 5264742.0)	(43.0, 5033247.5)	(44.0, 4780024.0)	(45.0, 4508624.5)	(46.0, 4228632.5)	(47.0, 3938887.5)	(48.0, 3641301.5)	(49.0, 3343440.5)	(50.0, 3055763.5)	(51.0, 2763136.0)	(52.0, 2465706.0)	(53.0, 2182090.5)	(54.0, 1917998.0)	(55.0, 1683439.0)	(56.0, 1477688.0)	(57.0, 1290231.5)	(58.0, 1132672.5)	(59.0, 1012164.5)	(60.0, 902352.0)	(61.0, 782978.0)	(62.0, 655690.5)	(63.0, 541358.5)	(64.0, 450191.0)	(65.0, 375039.5)	(66.0, 313718.5)	(67.0, 263790.5)	(68.0, 222682.5)	(69.0, 182423.5)	(70.0, 146410.0)	(71.0, 125547.0)	(72.0, 111486.0)	(73.0, 95634.5)	(74.0, 77489.0)	(75.0, 64879.0)	(76.0, 57181.5)	(77.0, 49439.5)	(78.0, 42386.0)	(79.0, 36428.5)	(80.0, 29722.5)	(81.0, 22644.5)	(82.0, 17729.5)	(83.0, 12991.5)	(84.0, 8972.5)	(85.0, 5780.5)	(86.0, 3214.0)	(87.0, 3490.5)	(88.0, 3601.0)	(89.0, 2591.5)	(90.0, 1318.0)	(91.0, 425.5)	(92.0, 136.0)	(93.0, 137.5)	(94.0, 167.5)	(95.0, 192.0)	(96.0, 204.0)	(97.0, 222.5)	(98.0, 249.5)	(99.0, 227.5)	(100.0, 140.0)
trimmed_fastp | fastqc_results | RNP_Cas2_S66_L002_R2_filtered	(0.0, 839.0)	(1.0, 880.0)	(2.0, 1044.0)	(3.0, 1359.5)	(4.0, 1787.0)	(5.0, 2330.5)	(6.0, 3115.5)	(7.0, 3984.0)	(8.0, 4939.5)	(9.0, 6460.0)	(10.0, 8536.5)	(11.0, 11643.5)	(12.0, 16505.0)	(13.0, 23386.0)	(14.0, 33387.0)	(15.0, 48941.0)	(16.0, 72914.0)	(17.0, 110531.5)	(18.0, 167836.5)	(19.0, 251395.5)	(20.0, 369553.5)	(21.0, 531714.0)	(22.0, 747179.5)	(23.0, 1023279.0)	(24.0, 1362489.0)	(25.0, 1766237.0)	(26.0, 2208769.5)	(27.0, 2677450.0)	(28.0, 3170622.0)	(29.0, 3659133.5)	(30.0, 4124717.5)	(31.0, 4562949.0)	(32.0, 4980415.5)	(33.0, 5372037.5)	(34.0, 5712269.0)	(35.0, 5964647.5)	(36.0, 6086690.0)	(37.0, 6075804.5)	(38.0, 5972783.5)	(39.0, 5816033.5)	(40.0, 5646791.5)	(41.0, 5468711.5)	(42.0, 5260169.0)	(43.0, 5025974.0)	(44.0, 4771979.0)	(45.0, 4503602.5)	(46.0, 4224278.0)	(47.0, 3928546.5)	(48.0, 3629127.0)	(49.0, 3330929.0)	(50.0, 3039236.5)	(51.0, 2749490.5)	(52.0, 2455631.0)	(53.0, 2171274.0)	(54.0, 1905832.0)	(55.0, 1672479.5)	(56.0, 1469473.0)	(57.0, 1281014.5)	(58.0, 1124044.5)	(59.0, 1005134.0)	(60.0, 893043.0)	(61.0, 772791.0)	(62.0, 647325.0)	(63.0, 535871.5)	(64.0, 446986.5)	(65.0, 372500.0)	(66.0, 311187.5)	(67.0, 261855.5)	(68.0, 220717.0)	(69.0, 180020.0)	(70.0, 144290.0)	(71.0, 124070.0)	(72.0, 110861.0)	(73.0, 95634.5)	(74.0, 77418.5)	(75.0, 64258.5)	(76.0, 56425.5)	(77.0, 48724.0)	(78.0, 41747.0)	(79.0, 35618.5)	(80.0, 28832.5)	(81.0, 22324.0)	(82.0, 18010.5)	(83.0, 13678.5)	(84.0, 9906.0)	(85.0, 6824.0)	(86.0, 4355.0)	(87.0, 4597.5)	(88.0, 4667.5)	(89.0, 3935.0)	(90.0, 3224.0)	(91.0, 2804.5)	(92.0, 2840.5)	(93.0, 3088.0)	(94.0, 3209.0)	(95.0, 3472.0)	(96.0, 3966.0)	(97.0, 4708.5)	(98.0, 5459.0)	(99.0, 6201.0)	(100.0, 10929.5)
trimmed_fastp | fastqc_results | RNP_Cas3_S67_L002_R1_filtered	(0.0, 1205.0)	(1.0, 1205.5)	(2.0, 1412.5)	(3.0, 1825.0)	(4.0, 2305.0)	(5.0, 2980.0)	(6.0, 3930.0)	(7.0, 5009.0)	(8.0, 6437.5)	(9.0, 8279.5)	(10.0, 10871.5)	(11.0, 14826.0)	(12.0, 20694.5)	(13.0, 29342.5)	(14.0, 41804.5)	(15.0, 60830.0)	(16.0, 90390.0)	(17.0, 136427.0)	(18.0, 206182.0)	(19.0, 308479.5)	(20.0, 453710.0)	(21.0, 652535.0)	(22.0, 916892.0)	(23.0, 1255417.0)	(24.0, 1671360.5)	(25.0, 2165439.5)	(26.0, 2709391.5)	(27.0, 3284301.5)	(28.0, 3887732.0)	(29.0, 4491326.0)	(30.0, 5068134.5)	(31.0, 5609119.0)	(32.0, 6125685.0)	(33.0, 6609277.0)	(34.0, 7024570.5)	(35.0, 7331953.5)	(36.0, 7489387.0)	(37.0, 7490010.0)	(38.0, 7371321.0)	(39.0, 7187201.5)	(40.0, 6988423.0)	(41.0, 6771075.0)	(42.0, 6517007.5)	(43.0, 6229787.5)	(44.0, 5914377.0)	(45.0, 5574603.0)	(46.0, 5220915.5)	(47.0, 4853395.5)	(48.0, 4477105.5)	(49.0, 4105127.5)	(50.0, 3749158.5)	(51.0, 3391396.5)	(52.0, 3024123.5)	(53.0, 2677163.0)	(54.0, 2357021.0)	(55.0, 2071852.0)	(56.0, 1820626.0)	(57.0, 1592170.0)	(58.0, 1397676.0)	(59.0, 1247336.5)	(60.0, 1113370.0)	(61.0, 965282.0)	(62.0, 805155.5)	(63.0, 663126.0)	(64.0, 552135.0)	(65.0, 459804.5)	(66.0, 383750.5)	(67.0, 322313.5)	(68.0, 270959.0)	(69.0, 221012.5)	(70.0, 177948.5)	(71.0, 152637.5)	(72.0, 134724.5)	(73.0, 115474.0)	(74.0, 93721.5)	(75.0, 78182.5)	(76.0, 67815.0)	(77.0, 57903.5)	(78.0, 49880.0)	(79.0, 42480.5)	(80.0, 34035.0)	(81.0, 25894.5)	(82.0, 20572.5)	(83.0, 15344.5)	(84.0, 10576.0)	(85.0, 6749.0)	(86.0, 3879.5)	(87.0, 4309.0)	(88.0, 4414.0)	(89.0, 3019.0)	(90.0, 1372.0)	(91.0, 418.5)	(92.0, 168.5)	(93.0, 163.5)	(94.0, 184.0)	(95.0, 208.5)	(96.0, 251.5)	(97.0, 271.0)	(98.0, 305.5)	(99.0, 316.5)	(100.0, 198.5)
trimmed_fastp | fastqc_results | RNP_Cas3_S67_L002_R2_filtered	(0.0, 1057.0)	(1.0, 1146.0)	(2.0, 1357.5)	(3.0, 1696.5)	(4.0, 2195.5)	(5.0, 2875.5)	(6.0, 3777.5)	(7.0, 4746.0)	(8.0, 6058.0)	(9.0, 7891.0)	(10.0, 10419.5)	(11.0, 14379.5)	(12.0, 20172.5)	(13.0, 28681.5)	(14.0, 40868.5)	(15.0, 59705.5)	(16.0, 89344.0)	(17.0, 135680.5)	(18.0, 205812.0)	(19.0, 308367.0)	(20.0, 453570.0)	(21.0, 652537.5)	(22.0, 918711.0)	(23.0, 1260120.5)	(24.0, 1676127.0)	(25.0, 2170806.5)	(26.0, 2717375.0)	(27.0, 3297159.5)	(28.0, 3903234.5)	(29.0, 4508265.5)	(30.0, 5086583.5)	(31.0, 5629110.0)	(32.0, 6145572.0)	(33.0, 6624245.5)	(34.0, 7041480.0)	(35.0, 7348293.5)	(36.0, 7501335.5)	(37.0, 7499198.5)	(38.0, 7379324.5)	(39.0, 7197799.0)	(40.0, 6996914.5)	(41.0, 6773846.5)	(42.0, 6514536.0)	(43.0, 6224783.0)	(44.0, 5906608.5)	(45.0, 5563669.0)	(46.0, 5209063.5)	(47.0, 4841086.5)	(48.0, 4463290.5)	(49.0, 4089577.0)	(50.0, 3731640.5)	(51.0, 3374413.5)	(52.0, 3011184.0)	(53.0, 2665053.0)	(54.0, 2342847.0)	(55.0, 2058604.0)	(56.0, 1809854.5)	(57.0, 1580148.0)	(58.0, 1386449.0)	(59.0, 1237665.0)	(60.0, 1100230.5)	(61.0, 953261.5)	(62.0, 799683.5)	(63.0, 659985.0)	(64.0, 548031.5)	(65.0, 455278.5)	(66.0, 380622.0)	(67.0, 319867.5)	(68.0, 268698.5)	(69.0, 219013.0)	(70.0, 175387.5)	(71.0, 150883.5)	(72.0, 133579.0)	(73.0, 114375.0)	(74.0, 92987.0)	(75.0, 77190.0)	(76.0, 67354.5)	(77.0, 57476.0)	(78.0, 49377.5)	(79.0, 42042.0)	(80.0, 33620.0)	(81.0, 25952.5)	(82.0, 20828.5)	(83.0, 15988.0)	(84.0, 11551.0)	(85.0, 8013.5)	(86.0, 5164.0)	(87.0, 5473.5)	(88.0, 5542.0)	(89.0, 4391.5)	(90.0, 3294.5)	(91.0, 2889.5)	(92.0, 2903.5)	(93.0, 2994.5)	(94.0, 3164.0)	(95.0, 3378.0)	(96.0, 3615.0)	(97.0, 4152.0)	(98.0, 4737.0)	(99.0, 5298.5)	(100.0, 9570.5)
trimmed_fastp | fastqc_results | RNP_Cas4_S68_L002_R1_filtered	(0.0, 1111.0)	(1.0, 1114.0)	(2.0, 1318.0)	(3.0, 1754.5)	(4.0, 2221.0)	(5.0, 2837.0)	(6.0, 3781.5)	(7.0, 4847.0)	(8.0, 6090.0)	(9.0, 7955.5)	(10.0, 10351.5)	(11.0, 13765.5)	(12.0, 19171.5)	(13.0, 27127.5)	(14.0, 38819.5)	(15.0, 56513.5)	(16.0, 83795.0)	(17.0, 127046.0)	(18.0, 192118.0)	(19.0, 286381.0)	(20.0, 419400.5)	(21.0, 602255.5)	(22.0, 848080.5)	(23.0, 1158846.0)	(24.0, 1537304.0)	(25.0, 1990133.0)	(26.0, 2490550.5)	(27.0, 3019537.0)	(28.0, 3574662.5)	(29.0, 4124663.5)	(30.0, 4646219.0)	(31.0, 5138464.5)	(32.0, 5607159.5)	(33.0, 6044297.5)	(34.0, 6421811.5)	(35.0, 6700658.0)	(36.0, 6842751.5)	(37.0, 6838038.5)	(38.0, 6724950.0)	(39.0, 6551650.0)	(40.0, 6362811.0)	(41.0, 6164834.0)	(42.0, 5935918.5)	(43.0, 5672486.5)	(44.0, 5379779.5)	(45.0, 5068307.0)	(46.0, 4744321.0)	(47.0, 4410909.5)	(48.0, 4073700.5)	(49.0, 3737875.0)	(50.0, 3414049.0)	(51.0, 3088056.5)	(52.0, 2756326.5)	(53.0, 2440283.0)	(54.0, 2148422.5)	(55.0, 1893871.5)	(56.0, 1670732.0)	(57.0, 1461081.0)	(58.0, 1282781.5)	(59.0, 1150205.5)	(60.0, 1033179.5)	(61.0, 901062.0)	(62.0, 751661.5)	(63.0, 617713.0)	(64.0, 514701.0)	(65.0, 430155.0)	(66.0, 361200.5)	(67.0, 305374.0)	(68.0, 260171.0)	(69.0, 214894.5)	(70.0, 174343.0)	(71.0, 151232.0)	(72.0, 135103.0)	(73.0, 116572.0)	(74.0, 94689.5)	(75.0, 79547.0)	(76.0, 70247.5)	(77.0, 61040.0)	(78.0, 52568.5)	(79.0, 44866.0)	(80.0, 36507.5)	(81.0, 28327.0)	(82.0, 22539.0)	(83.0, 16311.5)	(84.0, 11190.0)	(85.0, 7287.5)	(86.0, 4019.5)	(87.0, 4542.0)	(88.0, 4785.5)	(89.0, 3237.0)	(90.0, 1494.0)	(91.0, 497.5)	(92.0, 199.5)	(93.0, 205.0)	(94.0, 225.5)	(95.0, 262.0)	(96.0, 281.5)	(97.0, 321.5)	(98.0, 379.0)	(99.0, 317.5)	(100.0, 184.0)
trimmed_fastp | fastqc_results | RNP_Cas4_S68_L002_R2_filtered	(0.0, 992.0)	(1.0, 1028.5)	(2.0, 1220.5)	(3.0, 1598.5)	(4.0, 2047.0)	(5.0, 2692.5)	(6.0, 3571.0)	(7.0, 4538.5)	(8.0, 5823.5)	(9.0, 7597.5)	(10.0, 9928.0)	(11.0, 13436.0)	(12.0, 18757.0)	(13.0, 26572.5)	(14.0, 38041.5)	(15.0, 55965.0)	(16.0, 83384.5)	(17.0, 125854.0)	(18.0, 190923.0)	(19.0, 285866.0)	(20.0, 420362.0)	(21.0, 604204.0)	(22.0, 848806.0)	(23.0, 1161621.0)	(24.0, 1544453.5)	(25.0, 2000726.0)	(26.0, 2502234.5)	(27.0, 3032232.0)	(28.0, 3588294.5)	(29.0, 4139020.5)	(30.0, 4663872.0)	(31.0, 5157683.0)	(32.0, 5626803.5)	(33.0, 6067061.5)	(34.0, 6446170.5)	(35.0, 6718194.5)	(36.0, 6854488.0)	(37.0, 6845452.0)	(38.0, 6727272.5)	(39.0, 6558146.0)	(40.0, 6370359.0)	(41.0, 6166482.5)	(42.0, 5932112.0)	(43.0, 5667187.5)	(44.0, 5373986.0)	(45.0, 5058210.5)	(46.0, 4732248.0)	(47.0, 4399527.0)	(48.0, 4063615.0)	(49.0, 3725211.0)	(50.0, 3398565.5)	(51.0, 3073868.5)	(52.0, 2743106.5)	(53.0, 2427029.5)	(54.0, 2133587.0)	(55.0, 1878012.0)	(56.0, 1654546.0)	(57.0, 1446427.5)	(58.0, 1272483.5)	(59.0, 1140522.5)	(60.0, 1020084.5)	(61.0, 887126.0)	(62.0, 741546.5)	(63.0, 611199.0)	(64.0, 509438.0)	(65.0, 424649.5)	(66.0, 356279.5)	(67.0, 302116.0)	(68.0, 257417.5)	(69.0, 212163.0)	(70.0, 171553.5)	(71.0, 148991.0)	(72.0, 133497.0)	(73.0, 115210.5)	(74.0, 93374.5)	(75.0, 77925.5)	(76.0, 68863.5)	(77.0, 59422.5)	(78.0, 51210.0)	(79.0, 44166.0)	(80.0, 35852.0)	(81.0, 27669.5)	(82.0, 22285.0)	(83.0, 16837.0)	(84.0, 12051.0)	(85.0, 8300.5)	(86.0, 5338.5)	(87.0, 5713.0)	(88.0, 5847.5)	(89.0, 4808.5)	(90.0, 3675.0)	(91.0, 3159.5)	(92.0, 3257.0)	(93.0, 3532.5)	(94.0, 3794.0)	(95.0, 4062.5)	(96.0, 4501.5)	(97.0, 5389.0)	(98.0, 6302.0)	(99.0, 7242.0)	(100.0, 14070.5)
trimmed_trimmomatic | fastqc_results | Control_MNP_III_S56_L002_R1_paired	(0.0, 1065.0)	(1.0, 1049.5)	(2.0, 1147.0)	(3.0, 1451.5)	(4.0, 1945.0)	(5.0, 2582.0)	(6.0, 3335.0)	(7.0, 4200.5)	(8.0, 5304.5)	(9.0, 6783.5)	(10.0, 8784.0)	(11.0, 11862.0)	(12.0, 16438.0)	(13.0, 23121.5)	(14.0, 32670.0)	(15.0, 46726.5)	(16.0, 69144.5)	(17.0, 104550.0)	(18.0, 157312.0)	(19.0, 233849.0)	(20.0, 343086.5)	(21.0, 492491.5)	(22.0, 690005.5)	(23.0, 942208.5)	(24.0, 1251979.5)	(25.0, 1620552.0)	(26.0, 2027112.5)	(27.0, 2456879.5)	(28.0, 2908648.0)	(29.0, 3357981.0)	(30.0, 3783991.0)	(31.0, 4185493.5)	(32.0, 4564077.5)	(33.0, 4909721.0)	(34.0, 5204739.0)	(35.0, 5425644.0)	(36.0, 5543945.5)	(37.0, 5552201.0)	(38.0, 5477994.5)	(39.0, 5358254.0)	(40.0, 5221972.0)	(41.0, 5069374.5)	(42.0, 4885402.5)	(43.0, 4668694.0)	(44.0, 4432486.0)	(45.0, 4179087.0)	(46.0, 3911923.5)	(47.0, 3637411.5)	(48.0, 3356782.0)	(49.0, 3076963.0)	(50.0, 2811600.5)	(51.0, 2544812.0)	(52.0, 2272179.5)	(53.0, 2014393.5)	(54.0, 1773293.0)	(55.0, 1560717.0)	(56.0, 1374643.0)	(57.0, 1201835.0)	(58.0, 1053758.5)	(59.0, 940198.0)	(60.0, 840066.5)	(61.0, 730138.5)	(62.0, 610088.0)	(63.0, 504271.0)	(64.0, 420262.0)	(65.0, 350319.0)	(66.0, 294216.0)	(67.0, 248086.5)	(68.0, 210222.5)	(69.0, 172358.0)	(70.0, 139054.5)	(71.0, 119337.5)	(72.0, 105261.5)	(73.0, 90673.0)	(74.0, 73767.0)	(75.0, 61832.0)	(76.0, 54637.5)	(77.0, 47748.0)	(78.0, 40908.5)	(79.0, 34684.0)	(80.0, 28224.5)	(81.0, 21624.5)	(82.0, 17007.5)	(83.0, 12473.0)	(84.0, 8566.5)	(85.0, 5547.0)	(86.0, 3157.0)	(87.0, 3429.0)	(88.0, 3504.0)	(89.0, 2481.5)	(90.0, 1252.5)	(91.0, 440.0)	(92.0, 210.5)	(93.0, 238.0)	(94.0, 325.5)	(95.0, 562.0)	(96.0, 1618.0)	(97.0, 6721.5)	(98.0, 32172.0)	(99.0, 36976.0)	(100.0, 11838.0)
trimmed_trimmomatic | fastqc_results | Control_MNP_III_S56_L002_R1_unpaired	(0.0, 7.0)	(1.0, 8.5)	(2.0, 9.0)	(3.0, 11.5)	(4.0, 19.0)	(5.0, 24.5)	(6.0, 24.5)	(7.0, 31.5)	(8.0, 43.5)	(9.0, 63.0)	(10.0, 77.0)	(11.0, 75.0)	(12.0, 101.0)	(13.0, 160.5)	(14.0, 234.5)	(15.0, 317.5)	(16.0, 465.5)	(17.0, 716.0)	(18.0, 1046.5)	(19.0, 1552.0)	(20.0, 2315.0)	(21.0, 3314.5)	(22.0, 4539.5)	(23.0, 6269.5)	(24.0, 8472.5)	(25.0, 11166.5)	(26.0, 14125.0)	(27.0, 17193.0)	(28.0, 20686.5)	(29.0, 24356.0)	(30.0, 27872.0)	(31.0, 31539.5)	(32.0, 35240.0)	(33.0, 38509.0)	(34.0, 41684.0)	(35.0, 44315.5)	(36.0, 46341.0)	(37.0, 47671.0)	(38.0, 48393.5)	(39.0, 48782.0)	(40.0, 48663.0)	(41.0, 48663.0)	(42.0, 48355.5)	(43.0, 47747.5)	(44.0, 46592.0)	(45.0, 45022.0)	(46.0, 43563.5)	(47.0, 41603.5)	(48.0, 39573.5)	(49.0, 37693.5)	(50.0, 35677.5)	(51.0, 33366.0)	(52.0, 30929.5)	(53.0, 28343.0)	(54.0, 26012.0)	(55.0, 24118.0)	(56.0, 22111.5)	(57.0, 20027.0)	(58.0, 18150.5)	(59.0, 16573.5)	(60.0, 15209.5)	(61.0, 13662.0)	(62.0, 11834.0)	(63.0, 10281.5)	(64.0, 8980.0)	(65.0, 7783.0)	(66.0, 6779.5)	(67.0, 5928.5)	(68.0, 5119.0)	(69.0, 4310.5)	(70.0, 3708.5)	(71.0, 3294.0)	(72.0, 3009.5)	(73.0, 2715.0)	(74.0, 2313.5)	(75.0, 2029.0)	(76.0, 1855.5)	(77.0, 1656.0)	(78.0, 1399.0)	(79.0, 1183.0)	(80.0, 994.0)	(81.0, 766.0)	(82.0, 587.0)	(83.0, 418.5)	(84.0, 269.5)	(85.0, 187.0)	(86.0, 124.0)	(87.0, 110.5)	(88.0, 107.0)	(89.0, 95.0)	(90.0, 53.5)	(91.0, 19.0)	(92.0, 16.0)	(93.0, 21.0)	(94.0, 51.0)	(95.0, 146.0)	(96.0, 525.0)	(97.0, 2309.0)	(98.0, 12035.5)	(99.0, 13617.5)	(100.0, 3861.5)
trimmed_trimmomatic | fastqc_results | Control_MNP_III_S56_L002_R2_paired	(0.0, 892.0)	(1.0, 945.0)	(2.0, 1103.0)	(3.0, 1393.5)	(4.0, 1805.0)	(5.0, 2385.0)	(6.0, 3149.0)	(7.0, 3930.0)	(8.0, 4947.5)	(9.0, 6516.0)	(10.0, 8513.5)	(11.0, 11375.0)	(12.0, 15935.0)	(13.0, 22679.5)	(14.0, 32201.5)	(15.0, 46411.5)	(16.0, 69156.5)	(17.0, 104839.5)	(18.0, 157521.5)	(19.0, 233746.5)	(20.0, 343160.5)	(21.0, 493544.5)	(22.0, 693182.0)	(23.0, 947973.5)	(24.0, 1258518.5)	(25.0, 1627818.0)	(26.0, 2036144.0)	(27.0, 2466987.5)	(28.0, 2918202.0)	(29.0, 3369436.0)	(30.0, 3798296.0)	(31.0, 4196404.0)	(32.0, 4571930.5)	(33.0, 4920531.0)	(34.0, 5214813.5)	(35.0, 5431844.0)	(36.0, 5548247.5)	(37.0, 5554671.0)	(38.0, 5480169.0)	(39.0, 5361172.5)	(40.0, 5220432.5)	(41.0, 5062608.5)	(42.0, 4874858.0)	(43.0, 4659357.5)	(44.0, 4421194.5)	(45.0, 4161744.5)	(46.0, 3894504.0)	(47.0, 3619564.0)	(48.0, 3339041.0)	(49.0, 3061980.0)	(50.0, 2799167.5)	(51.0, 2533861.0)	(52.0, 2261929.5)	(53.0, 2002828.5)	(54.0, 1762142.0)	(55.0, 1550360.0)	(56.0, 1365368.5)	(57.0, 1192776.5)	(58.0, 1045266.5)	(59.0, 932918.5)	(60.0, 831367.5)	(61.0, 722227.0)	(62.0, 604929.0)	(63.0, 499682.0)	(64.0, 417081.5)	(65.0, 348100.0)	(66.0, 291338.0)	(67.0, 245444.0)	(68.0, 208204.5)	(69.0, 171301.0)	(70.0, 137995.5)	(71.0, 118658.0)	(72.0, 105554.5)	(73.0, 90566.5)	(74.0, 73511.0)	(75.0, 61573.5)	(76.0, 54210.5)	(77.0, 46879.0)	(78.0, 40159.0)	(79.0, 33987.0)	(80.0, 27474.5)	(81.0, 21200.0)	(82.0, 16865.0)	(83.0, 12663.5)	(84.0, 8935.5)	(85.0, 5932.0)	(86.0, 3411.0)	(87.0, 3530.0)	(88.0, 3508.0)	(89.0, 2636.5)	(90.0, 1860.5)	(91.0, 1492.5)	(92.0, 1551.5)	(93.0, 1925.5)	(94.0, 2543.0)	(95.0, 3579.5)	(96.0, 5348.5)	(97.0, 8708.5)	(98.0, 14287.5)	(99.0, 28185.5)	(100.0, 126549.0)
trimmed_trimmomatic | fastqc_results | Control_MNP_III_S56_L002_R2_unpaired	(0.0, 3.0)	(1.0, 2.5)	(2.0, 3.0)	(3.0, 5.0)	(4.0, 7.5)	(5.0, 11.5)	(6.0, 12.5)	(7.0, 11.0)	(8.0, 15.0)	(9.0, 21.5)	(10.0, 22.5)	(11.0, 27.0)	(12.0, 42.5)	(13.0, 61.0)	(14.0, 87.5)	(15.0, 114.5)	(16.0, 167.0)	(17.0, 231.0)	(18.0, 328.0)	(19.0, 501.5)	(20.0, 748.5)	(21.0, 1068.0)	(22.0, 1451.5)	(23.0, 1931.5)	(24.0, 2596.5)	(25.0, 3352.5)	(26.0, 4189.5)	(27.0, 5086.0)	(28.0, 6080.5)	(29.0, 7138.0)	(30.0, 8235.0)	(31.0, 9257.0)	(32.0, 10277.5)	(33.0, 11340.5)	(34.0, 12075.5)	(35.0, 12614.5)	(36.0, 13091.0)	(37.0, 13340.5)	(38.0, 13433.5)	(39.0, 13468.0)	(40.0, 13289.5)	(41.0, 13109.5)	(42.0, 12885.5)	(43.0, 12513.5)	(44.0, 12109.5)	(45.0, 11661.5)	(46.0, 11286.0)	(47.0, 10714.0)	(48.0, 10098.5)	(49.0, 9623.0)	(50.0, 9056.5)	(51.0, 8474.0)	(52.0, 7860.5)	(53.0, 7248.0)	(54.0, 6593.0)	(55.0, 6021.0)	(56.0, 5532.5)	(57.0, 5034.0)	(58.0, 4651.5)	(59.0, 4256.0)	(60.0, 3827.0)	(61.0, 3433.0)	(62.0, 3014.0)	(63.0, 2585.0)	(64.0, 2190.0)	(65.0, 1843.5)	(66.0, 1550.0)	(67.0, 1318.5)	(68.0, 1121.5)	(69.0, 964.5)	(70.0, 809.5)	(71.0, 670.5)	(72.0, 582.0)	(73.0, 491.5)	(74.0, 413.5)	(75.0, 361.5)	(76.0, 311.5)	(77.0, 250.5)	(78.0, 195.0)	(79.0, 168.0)	(80.0, 144.0)	(81.0, 103.5)	(82.0, 71.5)	(83.0, 52.0)	(84.0, 36.5)	(85.0, 21.5)	(86.0, 13.5)	(87.0, 17.5)	(88.0, 16.5)	(89.0, 13.0)	(90.0, 13.5)	(91.0, 15.0)	(92.0, 18.0)	(93.0, 24.0)	(94.0, 28.0)	(95.0, 37.5)	(96.0, 67.5)	(97.0, 126.5)	(98.0, 240.5)	(99.0, 806.5)	(100.0, 8047.0)
trimmed_trimmomatic | fastqc_results | Control_MNP_II_S55_L002_R1_paired	(0.0, 962.0)	(1.0, 1036.5)	(2.0, 1212.5)	(3.0, 1530.0)	(4.0, 1958.0)	(5.0, 2494.0)	(6.0, 3281.0)	(7.0, 4148.5)	(8.0, 5150.5)	(9.0, 6663.5)	(10.0, 8643.5)	(11.0, 11550.5)	(12.0, 16166.5)	(13.0, 22670.5)	(14.0, 31885.0)	(15.0, 46075.5)	(16.0, 68190.5)	(17.0, 102318.5)	(18.0, 153581.0)	(19.0, 228371.0)	(20.0, 333479.5)	(21.0, 476801.0)	(22.0, 668815.5)	(23.0, 915011.0)	(24.0, 1213062.5)	(25.0, 1569369.5)	(26.0, 1961303.0)	(27.0, 2374539.0)	(28.0, 2807946.5)	(29.0, 3238074.0)	(30.0, 3645131.0)	(31.0, 4024355.5)	(32.0, 4385318.5)	(33.0, 4719607.0)	(34.0, 5006627.5)	(35.0, 5217307.0)	(36.0, 5326987.0)	(37.0, 5331351.0)	(38.0, 5251523.5)	(39.0, 5125755.0)	(40.0, 4985931.0)	(41.0, 4832808.0)	(42.0, 4651112.0)	(43.0, 4443381.5)	(44.0, 4214433.0)	(45.0, 3967506.0)	(46.0, 3714600.0)	(47.0, 3453972.5)	(48.0, 3188100.5)	(49.0, 2921504.0)	(50.0, 2665869.5)	(51.0, 2412494.5)	(52.0, 2153638.0)	(53.0, 1906809.5)	(54.0, 1677956.5)	(55.0, 1476355.5)	(56.0, 1299633.0)	(57.0, 1135131.5)	(58.0, 995280.0)	(59.0, 889409.0)	(60.0, 794893.5)	(61.0, 691447.0)	(62.0, 578600.5)	(63.0, 477665.0)	(64.0, 398198.0)	(65.0, 331692.5)	(66.0, 277963.0)	(67.0, 234486.0)	(68.0, 198362.5)	(69.0, 163226.5)	(70.0, 132042.5)	(71.0, 113491.0)	(72.0, 100154.5)	(73.0, 85947.0)	(74.0, 69955.0)	(75.0, 58570.0)	(76.0, 51761.0)	(77.0, 45008.5)	(78.0, 38481.5)	(79.0, 32737.5)	(80.0, 26656.5)	(81.0, 20395.0)	(82.0, 16147.0)	(83.0, 11915.0)	(84.0, 8307.0)	(85.0, 5431.0)	(86.0, 3017.0)	(87.0, 3309.5)	(88.0, 3430.0)	(89.0, 2397.0)	(90.0, 1178.5)	(91.0, 436.0)	(92.0, 206.5)	(93.0, 203.0)	(94.0, 257.0)	(95.0, 412.5)	(96.0, 1136.0)	(97.0, 4314.0)	(98.0, 22112.5)	(99.0, 25913.0)	(100.0, 8235.0)
trimmed_trimmomatic | fastqc_results | Control_MNP_II_S55_L002_R1_unpaired	(0.0, 8.0)	(1.0, 13.0)	(2.0, 15.5)	(3.0, 13.0)	(4.0, 19.0)	(5.0, 25.0)	(6.0, 32.0)	(7.0, 44.5)	(8.0, 49.5)	(9.0, 57.5)	(10.0, 71.0)	(11.0, 93.5)	(12.0, 129.0)	(13.0, 177.0)	(14.0, 243.0)	(15.0, 344.0)	(16.0, 576.0)	(17.0, 896.5)	(18.0, 1245.0)	(19.0, 1785.0)	(20.0, 2606.0)	(21.0, 3743.5)	(22.0, 5278.0)	(23.0, 7310.0)	(24.0, 9817.0)	(25.0, 12786.0)	(26.0, 16046.5)	(27.0, 19669.0)	(28.0, 23490.5)	(29.0, 27454.0)	(30.0, 31263.0)	(31.0, 35028.0)	(32.0, 38882.0)	(33.0, 42539.5)	(34.0, 46005.5)	(35.0, 48790.5)	(36.0, 50801.5)	(37.0, 51943.5)	(38.0, 52560.0)	(39.0, 52670.0)	(40.0, 52425.5)	(41.0, 52020.5)	(42.0, 51272.5)	(43.0, 50186.0)	(44.0, 48810.0)	(45.0, 47131.0)	(46.0, 45288.5)	(47.0, 43179.0)	(48.0, 40978.5)	(49.0, 38867.5)	(50.0, 36538.0)	(51.0, 34092.5)	(52.0, 31534.0)	(53.0, 28929.5)	(54.0, 26618.5)	(55.0, 24313.5)	(56.0, 22105.0)	(57.0, 20217.5)	(58.0, 18451.0)	(59.0, 16999.0)	(60.0, 15475.0)	(61.0, 13623.5)	(62.0, 11789.5)	(63.0, 10231.0)	(64.0, 8904.5)	(65.0, 7635.0)	(66.0, 6538.0)	(67.0, 5774.0)	(68.0, 5107.0)	(69.0, 4332.0)	(70.0, 3651.0)	(71.0, 3209.5)	(72.0, 2928.0)	(73.0, 2667.5)	(74.0, 2289.5)	(75.0, 2009.5)	(76.0, 1844.5)	(77.0, 1619.5)	(78.0, 1395.0)	(79.0, 1168.5)	(80.0, 933.0)	(81.0, 719.0)	(82.0, 551.5)	(83.0, 406.0)	(84.0, 275.5)	(85.0, 184.0)	(86.0, 117.0)	(87.0, 125.0)	(88.0, 113.5)	(89.0, 76.0)	(90.0, 43.0)	(91.0, 18.0)	(92.0, 11.5)	(93.0, 14.0)	(94.0, 24.0)	(95.0, 65.5)	(96.0, 272.5)	(97.0, 1250.5)	(98.0, 7155.0)	(99.0, 8135.5)	(100.0, 2194.5)
trimmed_trimmomatic | fastqc_results | Control_MNP_II_S55_L002_R2_paired	(0.0, 899.0)	(1.0, 957.0)	(2.0, 1142.5)	(3.0, 1445.0)	(4.0, 1851.5)	(5.0, 2393.0)	(6.0, 3117.0)	(7.0, 3998.5)	(8.0, 5080.0)	(9.0, 6479.5)	(10.0, 8345.5)	(11.0, 11280.5)	(12.0, 15834.0)	(13.0, 22202.0)	(14.0, 31270.5)	(15.0, 45471.0)	(16.0, 67659.0)	(17.0, 101894.0)	(18.0, 153291.0)	(19.0, 227850.0)	(20.0, 333464.0)	(21.0, 478068.5)	(22.0, 670782.5)	(23.0, 916427.0)	(24.0, 1214612.5)	(25.0, 1570575.5)	(26.0, 1964311.0)	(27.0, 2379462.0)	(28.0, 2813569.0)	(29.0, 3243854.0)	(30.0, 3650762.5)	(31.0, 4032783.0)	(32.0, 4393992.0)	(33.0, 4724099.0)	(34.0, 5008290.0)	(35.0, 5220307.5)	(36.0, 5332125.5)	(37.0, 5334868.5)	(38.0, 5250906.0)	(39.0, 5123551.5)	(40.0, 4983853.0)	(41.0, 4827742.0)	(42.0, 4644594.0)	(43.0, 4436113.5)	(44.0, 4203931.5)	(45.0, 3956321.5)	(46.0, 3702013.0)	(47.0, 3439981.0)	(48.0, 3172579.0)	(49.0, 2906877.5)	(50.0, 2654782.0)	(51.0, 2402450.5)	(52.0, 2142980.5)	(53.0, 1896130.5)	(54.0, 1667032.5)	(55.0, 1466715.5)	(56.0, 1293044.0)	(57.0, 1130665.0)	(58.0, 993319.5)	(59.0, 886885.5)	(60.0, 788121.5)	(61.0, 684273.5)	(62.0, 574837.0)	(63.0, 475251.5)	(64.0, 396156.5)	(65.0, 329753.0)	(66.0, 276142.5)	(67.0, 233591.0)	(68.0, 197942.5)	(69.0, 162835.0)	(70.0, 131372.0)	(71.0, 112763.0)	(72.0, 99956.0)	(73.0, 85917.0)	(74.0, 69507.0)	(75.0, 57858.0)	(76.0, 51059.5)	(77.0, 44236.5)	(78.0, 37893.0)	(79.0, 32296.5)	(80.0, 25990.5)	(81.0, 19826.0)	(82.0, 15958.5)	(83.0, 11998.5)	(84.0, 8400.0)	(85.0, 5658.0)	(86.0, 3435.0)	(87.0, 3615.0)	(88.0, 3605.5)	(89.0, 2784.0)	(90.0, 2040.0)	(91.0, 1764.0)	(92.0, 1930.0)	(93.0, 2411.0)	(94.0, 3108.0)	(95.0, 4383.0)	(96.0, 6544.5)	(97.0, 10474.5)	(98.0, 17254.5)	(99.0, 33745.0)	(100.0, 129736.5)
trimmed_trimmomatic | fastqc_results | Control_MNP_II_S55_L002_R2_unpaired	(0.0, 3.0)	(1.0, 1.5)	(2.0, 1.0)	(3.0, 3.5)	(4.0, 5.5)	(5.0, 6.5)	(6.0, 8.0)	(7.0, 10.0)	(8.0, 13.0)	(9.0, 16.5)	(10.0, 26.0)	(11.0, 36.0)	(12.0, 38.5)	(13.0, 47.5)	(14.0, 65.0)	(15.0, 93.5)	(16.0, 142.5)	(17.0, 197.5)	(18.0, 283.0)	(19.0, 422.5)	(20.0, 609.0)	(21.0, 884.0)	(22.0, 1243.0)	(23.0, 1633.0)	(24.0, 2141.0)	(25.0, 2841.5)	(26.0, 3635.5)	(27.0, 4479.5)	(28.0, 5304.0)	(29.0, 6113.5)	(30.0, 6997.0)	(31.0, 7848.5)	(32.0, 8677.5)	(33.0, 9477.5)	(34.0, 10265.0)	(35.0, 10940.5)	(36.0, 11341.5)	(37.0, 11504.5)	(38.0, 11594.5)	(39.0, 11539.5)	(40.0, 11321.0)	(41.0, 11018.5)	(42.0, 10867.5)	(43.0, 10747.0)	(44.0, 10346.5)	(45.0, 9976.5)	(46.0, 9636.0)	(47.0, 9318.0)	(48.0, 8893.5)	(49.0, 8332.0)	(50.0, 7873.0)	(51.0, 7396.5)	(52.0, 6890.5)	(53.0, 6375.0)	(54.0, 5863.0)	(55.0, 5418.5)	(56.0, 5043.0)	(57.0, 4662.5)	(58.0, 4252.5)	(59.0, 3839.0)	(60.0, 3516.5)	(61.0, 3158.5)	(62.0, 2753.5)	(63.0, 2373.0)	(64.0, 1967.0)	(65.0, 1672.5)	(66.0, 1418.0)	(67.0, 1221.0)	(68.0, 1040.0)	(69.0, 864.5)	(70.0, 721.0)	(71.0, 596.5)	(72.0, 522.5)	(73.0, 459.0)	(74.0, 380.0)	(75.0, 336.5)	(76.0, 293.5)	(77.0, 232.5)	(78.0, 192.0)	(79.0, 162.0)	(80.0, 126.0)	(81.0, 89.0)	(82.0, 66.5)	(83.0, 52.5)	(84.0, 36.0)	(85.0, 21.5)	(86.0, 14.5)	(87.0, 12.5)	(88.0, 14.5)	(89.0, 13.5)	(90.0, 10.0)	(91.0, 9.0)	(92.0, 9.0)	(93.0, 9.0)	(94.0, 21.5)	(95.0, 39.5)	(96.0, 50.0)	(97.0, 72.0)	(98.0, 145.0)	(99.0, 558.5)	(100.0, 5115.5)
trimmed_trimmomatic | fastqc_results | Control_MNP_I_S54_L002_R1_paired	(0.0, 924.0)	(1.0, 976.5)	(2.0, 1154.5)	(3.0, 1455.0)	(4.0, 1857.0)	(5.0, 2452.0)	(6.0, 3187.5)	(7.0, 4002.0)	(8.0, 5173.0)	(9.0, 6573.5)	(10.0, 8477.5)	(11.0, 11421.0)	(12.0, 15564.5)	(13.0, 21880.5)	(14.0, 31208.5)	(15.0, 44914.0)	(16.0, 66449.5)	(17.0, 99969.0)	(18.0, 150053.0)	(19.0, 222910.0)	(20.0, 326456.0)	(21.0, 468520.5)	(22.0, 657114.0)	(23.0, 897310.0)	(24.0, 1190853.5)	(25.0, 1541827.0)	(26.0, 1926446.5)	(27.0, 2330824.5)	(28.0, 2756757.0)	(29.0, 3181066.0)	(30.0, 3583905.5)	(31.0, 3956668.5)	(32.0, 4306046.5)	(33.0, 4629274.0)	(34.0, 4901412.0)	(35.0, 5103146.0)	(36.0, 5213895.5)	(37.0, 5221889.0)	(38.0, 5154639.0)	(39.0, 5040109.5)	(40.0, 4906442.5)	(41.0, 4760079.0)	(42.0, 4585036.0)	(43.0, 4382591.0)	(44.0, 4153882.5)	(45.0, 3906366.5)	(46.0, 3652113.0)	(47.0, 3388757.5)	(48.0, 3125458.0)	(49.0, 2867359.0)	(50.0, 2618017.5)	(51.0, 2367137.5)	(52.0, 2111629.0)	(53.0, 1871164.0)	(54.0, 1647273.5)	(55.0, 1450575.5)	(56.0, 1277873.0)	(57.0, 1115292.0)	(58.0, 977456.0)	(59.0, 871361.5)	(60.0, 775418.5)	(61.0, 672884.5)	(62.0, 563473.5)	(63.0, 464658.0)	(64.0, 386609.0)	(65.0, 322657.0)	(66.0, 270473.5)	(67.0, 228597.0)	(68.0, 193610.5)	(69.0, 158424.5)	(70.0, 127626.0)	(71.0, 109868.0)	(72.0, 97539.5)	(73.0, 83961.0)	(74.0, 68129.5)	(75.0, 56762.0)	(76.0, 50133.5)	(77.0, 43560.0)	(78.0, 37060.0)	(79.0, 31539.0)	(80.0, 25815.5)	(81.0, 19997.0)	(82.0, 15854.5)	(83.0, 11587.5)	(84.0, 7957.0)	(85.0, 5194.5)	(86.0, 2922.5)	(87.0, 3167.5)	(88.0, 3373.5)	(89.0, 2380.5)	(90.0, 1140.5)	(91.0, 423.5)	(92.0, 203.5)	(93.0, 244.0)	(94.0, 326.0)	(95.0, 495.0)	(96.0, 1302.5)	(97.0, 5249.5)	(98.0, 24471.5)	(99.0, 27923.5)	(100.0, 8751.0)
trimmed_trimmomatic | fastqc_results | Control_MNP_I_S54_L002_R1_unpaired	(0.0, 7.0)	(1.0, 8.0)	(2.0, 8.5)	(3.0, 10.0)	(4.0, 15.5)	(5.0, 22.5)	(6.0, 35.5)	(7.0, 37.0)	(8.0, 35.5)	(9.0, 48.0)	(10.0, 60.5)	(11.0, 86.0)	(12.0, 131.0)	(13.0, 178.5)	(14.0, 242.0)	(15.0, 358.0)	(16.0, 503.0)	(17.0, 748.5)	(18.0, 1100.0)	(19.0, 1596.0)	(20.0, 2328.0)	(21.0, 3327.5)	(22.0, 4765.0)	(23.0, 6529.0)	(24.0, 8668.5)	(25.0, 11302.5)	(26.0, 14304.0)	(27.0, 17588.5)	(28.0, 21134.5)	(29.0, 24783.5)	(30.0, 28375.5)	(31.0, 31748.0)	(32.0, 35178.0)	(33.0, 38503.0)	(34.0, 41267.0)	(35.0, 43797.0)	(36.0, 45641.0)	(37.0, 46856.5)	(38.0, 47818.0)	(39.0, 48184.0)	(40.0, 47953.0)	(41.0, 47533.5)	(42.0, 47122.0)	(43.0, 45997.0)	(44.0, 44665.5)	(45.0, 43491.5)	(46.0, 41812.5)	(47.0, 39765.0)	(48.0, 37679.0)	(49.0, 35703.0)	(50.0, 33824.5)	(51.0, 31618.0)	(52.0, 28959.5)	(53.0, 26489.5)	(54.0, 24189.5)	(55.0, 22199.0)	(56.0, 20452.5)	(57.0, 18577.0)	(58.0, 16819.5)	(59.0, 15404.0)	(60.0, 14139.5)	(61.0, 12622.5)	(62.0, 11026.5)	(63.0, 9551.5)	(64.0, 8238.5)	(65.0, 7149.0)	(66.0, 6197.0)	(67.0, 5405.5)	(68.0, 4740.0)	(69.0, 3975.5)	(70.0, 3388.0)	(71.0, 3078.5)	(72.0, 2762.5)	(73.0, 2451.5)	(74.0, 2147.5)	(75.0, 1890.0)	(76.0, 1677.5)	(77.0, 1479.5)	(78.0, 1323.0)	(79.0, 1128.0)	(80.0, 884.0)	(81.0, 688.5)	(82.0, 532.0)	(83.0, 377.5)	(84.0, 253.0)	(85.0, 178.0)	(86.0, 114.5)	(87.0, 107.5)	(88.0, 100.5)	(89.0, 76.5)	(90.0, 44.0)	(91.0, 17.5)	(92.0, 12.0)	(93.0, 16.0)	(94.0, 37.0)	(95.0, 82.5)	(96.0, 284.0)	(97.0, 1251.0)	(98.0, 6576.5)	(99.0, 7422.0)	(100.0, 2051.5)
trimmed_trimmomatic | fastqc_results | Control_MNP_I_S54_L002_R2_paired	(0.0, 861.0)	(1.0, 907.5)	(2.0, 1062.5)	(3.0, 1348.0)	(4.0, 1781.0)	(5.0, 2347.5)	(6.0, 2998.5)	(7.0, 3839.0)	(8.0, 4877.5)	(9.0, 6151.0)	(10.0, 7984.5)	(11.0, 10952.5)	(12.0, 15229.0)	(13.0, 21559.0)	(14.0, 30810.5)	(15.0, 44485.5)	(16.0, 66105.5)	(17.0, 99648.5)	(18.0, 150139.0)	(19.0, 223553.5)	(20.0, 327227.0)	(21.0, 469865.0)	(22.0, 659628.0)	(23.0, 900643.0)	(24.0, 1194783.5)	(25.0, 1545514.0)	(26.0, 1931102.0)	(27.0, 2336739.0)	(28.0, 2765193.5)	(29.0, 3191837.0)	(30.0, 3593887.0)	(31.0, 3967128.0)	(32.0, 4315956.5)	(33.0, 4635471.5)	(34.0, 4908881.5)	(35.0, 5111561.0)	(36.0, 5216608.0)	(37.0, 5225145.0)	(38.0, 5157554.5)	(39.0, 5042850.5)	(40.0, 4908526.5)	(41.0, 4758583.5)	(42.0, 4580298.5)	(43.0, 4373416.0)	(44.0, 4141880.0)	(45.0, 3893662.0)	(46.0, 3640538.5)	(47.0, 3377955.5)	(48.0, 3112860.0)	(49.0, 2850226.0)	(50.0, 2601050.5)	(51.0, 2352910.0)	(52.0, 2097254.0)	(53.0, 1857977.5)	(54.0, 1637864.5)	(55.0, 1441277.0)	(56.0, 1267545.5)	(57.0, 1106496.5)	(58.0, 971027.0)	(59.0, 864366.5)	(60.0, 766501.0)	(61.0, 664560.0)	(62.0, 556981.5)	(63.0, 461044.0)	(64.0, 384369.0)	(65.0, 320038.5)	(66.0, 268785.5)	(67.0, 226798.5)	(68.0, 191669.0)	(69.0, 157066.0)	(70.0, 126495.5)	(71.0, 109355.5)	(72.0, 97039.0)	(73.0, 83360.5)	(74.0, 67417.5)	(75.0, 55837.0)	(76.0, 49231.0)	(77.0, 42400.0)	(78.0, 36169.0)	(79.0, 30914.5)	(80.0, 25149.5)	(81.0, 19370.5)	(82.0, 15302.0)	(83.0, 11424.5)	(84.0, 8061.0)	(85.0, 5322.5)	(86.0, 3136.5)	(87.0, 3325.0)	(88.0, 3334.0)	(89.0, 2514.5)	(90.0, 1807.5)	(91.0, 1536.0)	(92.0, 1677.0)	(93.0, 2095.5)	(94.0, 2738.5)	(95.0, 3902.5)	(96.0, 5807.5)	(97.0, 9433.5)	(98.0, 15880.0)	(99.0, 31074.0)	(100.0, 122508.0)
trimmed_trimmomatic | fastqc_results | Control_MNP_I_S54_L002_R2_unpaired	(0.0, 2.0)	(1.0, 2.0)	(2.0, 2.0)	(3.0, 4.5)	(4.0, 7.5)	(5.0, 10.5)	(6.0, 9.0)	(7.0, 6.5)	(8.0, 10.0)	(9.0, 15.0)	(10.0, 14.5)	(11.0, 19.0)	(12.0, 36.5)	(13.0, 50.5)	(14.0, 66.0)	(15.0, 96.0)	(16.0, 140.5)	(17.0, 225.5)	(18.0, 348.5)	(19.0, 466.5)	(20.0, 648.0)	(21.0, 955.5)	(22.0, 1288.0)	(23.0, 1692.5)	(24.0, 2274.5)	(25.0, 2946.5)	(26.0, 3727.0)	(27.0, 4624.0)	(28.0, 5611.5)	(29.0, 6517.0)	(30.0, 7298.5)	(31.0, 8199.5)	(32.0, 9094.5)	(33.0, 9934.5)	(34.0, 10573.5)	(35.0, 11080.0)	(36.0, 11686.5)	(37.0, 12011.5)	(38.0, 12051.0)	(39.0, 12121.0)	(40.0, 12050.0)	(41.0, 11772.0)	(42.0, 11553.5)	(43.0, 11207.5)	(44.0, 10733.0)	(45.0, 10334.0)	(46.0, 9970.0)	(47.0, 9576.5)	(48.0, 9089.0)	(49.0, 8527.5)	(50.0, 8013.5)	(51.0, 7599.5)	(52.0, 7058.0)	(53.0, 6448.0)	(54.0, 5973.0)	(55.0, 5507.5)	(56.0, 5089.0)	(57.0, 4740.0)	(58.0, 4273.5)	(59.0, 3870.0)	(60.0, 3571.5)	(61.0, 3177.0)	(62.0, 2738.5)	(63.0, 2326.5)	(64.0, 2014.0)	(65.0, 1703.5)	(66.0, 1420.0)	(67.0, 1219.0)	(68.0, 1017.0)	(69.0, 830.5)	(70.0, 673.5)	(71.0, 604.5)	(72.0, 553.5)	(73.0, 470.0)	(74.0, 381.0)	(75.0, 319.5)	(76.0, 277.0)	(77.0, 240.0)	(78.0, 212.0)	(79.0, 173.5)	(80.0, 133.0)	(81.0, 94.5)	(82.0, 68.0)	(83.0, 48.5)	(84.0, 29.0)	(85.0, 17.5)	(86.0, 10.5)	(87.0, 7.5)	(88.0, 8.0)	(89.0, 11.5)	(90.0, 8.0)	(91.0, 6.0)	(92.0, 7.5)	(93.0, 12.5)	(94.0, 27.5)	(95.0, 41.5)	(96.0, 53.0)	(97.0, 86.5)	(98.0, 198.5)	(99.0, 657.0)	(100.0, 6342.0)
trimmed_trimmomatic | fastqc_results | Only_MNP_C1_S57_L002_R1_paired	(0.0, 914.0)	(1.0, 938.5)	(2.0, 1060.5)	(3.0, 1322.5)	(4.0, 1746.5)	(5.0, 2255.0)	(6.0, 2922.5)	(7.0, 3717.0)	(8.0, 4691.0)	(9.0, 5865.0)	(10.0, 7525.0)	(11.0, 10220.5)	(12.0, 14235.5)	(13.0, 20007.5)	(14.0, 28283.0)	(15.0, 40739.5)	(16.0, 60136.5)	(17.0, 90567.0)	(18.0, 136439.0)	(19.0, 202892.0)	(20.0, 296264.5)	(21.0, 424647.5)	(22.0, 595088.0)	(23.0, 812500.5)	(24.0, 1078004.5)	(25.0, 1393928.5)	(26.0, 1742717.0)	(27.0, 2111784.0)	(28.0, 2496998.0)	(29.0, 2879316.0)	(30.0, 3245299.5)	(31.0, 3588976.0)	(32.0, 3914260.5)	(33.0, 4220934.0)	(34.0, 4488834.5)	(35.0, 4684847.0)	(36.0, 4784428.5)	(37.0, 4782131.5)	(38.0, 4701154.0)	(39.0, 4579910.5)	(40.0, 4452401.0)	(41.0, 4317889.5)	(42.0, 4157168.5)	(43.0, 3969779.5)	(44.0, 3766384.5)	(45.0, 3551740.5)	(46.0, 3326792.0)	(47.0, 3092262.0)	(48.0, 2855768.0)	(49.0, 2621404.5)	(50.0, 2398133.5)	(51.0, 2174646.0)	(52.0, 1941725.0)	(53.0, 1719534.0)	(54.0, 1512721.5)	(55.0, 1329882.5)	(56.0, 1171624.0)	(57.0, 1025159.5)	(58.0, 901164.0)	(59.0, 806122.0)	(60.0, 718776.5)	(61.0, 624176.5)	(62.0, 523844.0)	(63.0, 432704.0)	(64.0, 359343.0)	(65.0, 300031.5)	(66.0, 252306.0)	(67.0, 212472.5)	(68.0, 179718.5)	(69.0, 147601.5)	(70.0, 119423.0)	(71.0, 103751.0)	(72.0, 92641.0)	(73.0, 79882.0)	(74.0, 64796.5)	(75.0, 54154.0)	(76.0, 47902.0)	(77.0, 41663.0)	(78.0, 36055.0)	(79.0, 30967.0)	(80.0, 25346.5)	(81.0, 19511.5)	(82.0, 15309.0)	(83.0, 11307.5)	(84.0, 7889.5)	(85.0, 5161.0)	(86.0, 2844.0)	(87.0, 3124.5)	(88.0, 3244.5)	(89.0, 2239.5)	(90.0, 1079.0)	(91.0, 358.5)	(92.0, 153.0)	(93.0, 154.0)	(94.0, 207.0)	(95.0, 376.5)	(96.0, 1021.0)	(97.0, 3985.5)	(98.0, 19000.5)	(99.0, 21759.0)	(100.0, 6747.5)
trimmed_trimmomatic | fastqc_results | Only_MNP_C1_S57_L002_R1_unpaired	(0.0, 14.0)	(1.0, 12.0)	(2.0, 11.0)	(3.0, 13.0)	(4.0, 17.5)	(5.0, 17.5)	(6.0, 18.5)	(7.0, 28.0)	(8.0, 34.5)	(9.0, 37.0)	(10.0, 46.5)	(11.0, 69.5)	(12.0, 93.0)	(13.0, 120.0)	(14.0, 183.5)	(15.0, 275.0)	(16.0, 411.0)	(17.0, 617.5)	(18.0, 932.5)	(19.0, 1359.5)	(20.0, 1884.5)	(21.0, 2756.5)	(22.0, 4017.5)	(23.0, 5417.5)	(24.0, 7174.0)	(25.0, 9423.5)	(26.0, 11827.0)	(27.0, 14565.5)	(28.0, 17489.0)	(29.0, 20416.5)	(30.0, 23543.0)	(31.0, 26667.0)	(32.0, 29645.0)	(33.0, 32513.5)	(34.0, 34961.5)	(35.0, 37148.5)	(36.0, 39053.0)	(37.0, 39984.5)	(38.0, 40277.5)	(39.0, 40552.0)	(40.0, 40681.5)	(41.0, 40578.5)	(42.0, 40260.0)	(43.0, 39523.5)	(44.0, 38466.0)	(45.0, 37405.0)	(46.0, 36039.0)	(47.0, 34487.0)	(48.0, 32911.5)	(49.0, 31037.0)	(50.0, 29262.5)	(51.0, 27631.0)	(52.0, 25603.5)	(53.0, 23495.5)	(54.0, 21608.5)	(55.0, 19749.0)	(56.0, 18131.0)	(57.0, 16494.0)	(58.0, 14930.5)	(59.0, 13757.5)	(60.0, 12674.0)	(61.0, 11254.5)	(62.0, 9756.5)	(63.0, 8503.5)	(64.0, 7370.5)	(65.0, 6308.0)	(66.0, 5510.5)	(67.0, 4854.0)	(68.0, 4154.0)	(69.0, 3508.5)	(70.0, 3006.0)	(71.0, 2708.0)	(72.0, 2479.0)	(73.0, 2243.0)	(74.0, 1973.0)	(75.0, 1728.5)	(76.0, 1514.5)	(77.0, 1313.5)	(78.0, 1163.5)	(79.0, 1012.0)	(80.0, 852.0)	(81.0, 651.0)	(82.0, 475.0)	(83.0, 338.0)	(84.0, 210.5)	(85.0, 137.0)	(86.0, 101.0)	(87.0, 103.0)	(88.0, 94.0)	(89.0, 67.5)	(90.0, 38.0)	(91.0, 14.0)	(92.0, 12.0)	(93.0, 17.0)	(94.0, 22.5)	(95.0, 51.5)	(96.0, 214.0)	(97.0, 1067.5)	(98.0, 5788.5)	(99.0, 6583.5)	(100.0, 1854.0)
trimmed_trimmomatic | fastqc_results | Only_MNP_C1_S57_L002_R2_paired	(0.0, 732.0)	(1.0, 765.0)	(2.0, 928.5)	(3.0, 1238.0)	(4.0, 1646.0)	(5.0, 2096.0)	(6.0, 2658.0)	(7.0, 3386.0)	(8.0, 4349.5)	(9.0, 5636.0)	(10.0, 7422.5)	(11.0, 9992.0)	(12.0, 13739.0)	(13.0, 19424.0)	(14.0, 27830.0)	(15.0, 40509.0)	(16.0, 60163.0)	(17.0, 90717.0)	(18.0, 136310.5)	(19.0, 202543.0)	(20.0, 297235.0)	(21.0, 425731.5)	(22.0, 597023.5)	(23.0, 815892.5)	(24.0, 1081923.0)	(25.0, 1399920.0)	(26.0, 1749104.5)	(27.0, 2117373.0)	(28.0, 2503717.0)	(29.0, 2887684.5)	(30.0, 3251726.0)	(31.0, 3594464.5)	(32.0, 3920579.5)	(33.0, 4226534.5)	(34.0, 4495548.0)	(35.0, 4691186.0)	(36.0, 4788727.5)	(37.0, 4784276.5)	(38.0, 4702516.5)	(39.0, 4581807.5)	(40.0, 4450158.0)	(41.0, 4311031.5)	(42.0, 4148497.5)	(43.0, 3962306.0)	(44.0, 3759485.0)	(45.0, 3540641.5)	(46.0, 3314227.0)	(47.0, 3080826.5)	(48.0, 2844256.5)	(49.0, 2610509.0)	(50.0, 2386871.5)	(51.0, 2162973.5)	(52.0, 1931064.5)	(53.0, 1708346.5)	(54.0, 1501963.5)	(55.0, 1321213.0)	(56.0, 1163931.5)	(57.0, 1018319.0)	(58.0, 894859.5)	(59.0, 798894.0)	(60.0, 711133.5)	(61.0, 618029.5)	(62.0, 519466.5)	(63.0, 429528.5)	(64.0, 357276.5)	(65.0, 298054.0)	(66.0, 249936.0)	(67.0, 211489.0)	(68.0, 179644.5)	(69.0, 147539.5)	(70.0, 119022.0)	(71.0, 102702.5)	(72.0, 91796.5)	(73.0, 79639.5)	(74.0, 64812.5)	(75.0, 54016.0)	(76.0, 47739.5)	(77.0, 41171.5)	(78.0, 35250.0)	(79.0, 30073.5)	(80.0, 24392.5)	(81.0, 18998.5)	(82.0, 15053.0)	(83.0, 11063.0)	(84.0, 7790.5)	(85.0, 5264.5)	(86.0, 3044.0)	(87.0, 3156.0)	(88.0, 3208.5)	(89.0, 2422.0)	(90.0, 1712.5)	(91.0, 1387.0)	(92.0, 1435.0)	(93.0, 1761.5)	(94.0, 2320.5)	(95.0, 3314.0)	(96.0, 5046.0)	(97.0, 8224.5)	(98.0, 13596.5)	(99.0, 26726.5)	(100.0, 105807.0)
trimmed_trimmomatic | fastqc_results | Only_MNP_C1_S57_L002_R2_unpaired	(0.0, 3.0)	(1.0, 2.5)	(2.0, 2.0)	(3.0, 2.0)	(4.0, 2.0)	(5.0, 4.5)	(6.0, 10.0)	(7.0, 13.0)	(8.0, 13.0)	(9.0, 13.0)	(10.0, 21.5)	(11.0, 22.5)	(12.0, 27.5)	(13.0, 43.5)	(14.0, 67.0)	(15.0, 97.0)	(16.0, 127.0)	(17.0, 197.5)	(18.0, 278.5)	(19.0, 388.0)	(20.0, 548.5)	(21.0, 775.5)	(22.0, 1124.0)	(23.0, 1533.5)	(24.0, 2048.5)	(25.0, 2595.0)	(26.0, 3277.0)	(27.0, 4007.0)	(28.0, 4790.0)	(29.0, 5712.5)	(30.0, 6466.0)	(31.0, 7134.5)	(32.0, 7950.0)	(33.0, 8729.0)	(34.0, 9328.0)	(35.0, 9896.0)	(36.0, 10221.0)	(37.0, 10417.0)	(38.0, 10536.0)	(39.0, 10504.5)	(40.0, 10387.5)	(41.0, 10226.5)	(42.0, 10017.0)	(43.0, 9710.0)	(44.0, 9514.5)	(45.0, 9279.5)	(46.0, 8780.5)	(47.0, 8320.5)	(48.0, 7985.5)	(49.0, 7567.5)	(50.0, 7144.0)	(51.0, 6741.5)	(52.0, 6225.5)	(53.0, 5726.0)	(54.0, 5336.5)	(55.0, 4915.5)	(56.0, 4486.5)	(57.0, 4137.0)	(58.0, 3808.5)	(59.0, 3457.0)	(60.0, 3164.5)	(61.0, 2826.5)	(62.0, 2435.5)	(63.0, 2120.5)	(64.0, 1820.0)	(65.0, 1522.5)	(66.0, 1275.5)	(67.0, 1049.0)	(68.0, 864.5)	(69.0, 749.5)	(70.0, 661.5)	(71.0, 573.0)	(72.0, 487.5)	(73.0, 411.5)	(74.0, 341.0)	(75.0, 299.5)	(76.0, 265.5)	(77.0, 217.0)	(78.0, 174.5)	(79.0, 148.5)	(80.0, 128.0)	(81.0, 97.5)	(82.0, 67.0)	(83.0, 43.5)	(84.0, 36.5)	(85.0, 30.5)	(86.0, 17.0)	(87.0, 8.5)	(88.0, 8.0)	(89.0, 7.0)	(90.0, 5.0)	(91.0, 9.0)	(92.0, 13.5)	(93.0, 17.0)	(94.0, 20.5)	(95.0, 25.0)	(96.0, 38.0)	(97.0, 74.5)	(98.0, 153.5)	(99.0, 613.5)	(100.0, 5415.5)
trimmed_trimmomatic | fastqc_results | Only_MNP_C2_S58_L002_R1_paired	(0.0, 915.0)	(1.0, 940.0)	(2.0, 1118.0)	(3.0, 1412.0)	(4.0, 1787.5)	(5.0, 2347.0)	(6.0, 3036.5)	(7.0, 3853.5)	(8.0, 4841.5)	(9.0, 6233.0)	(10.0, 8113.0)	(11.0, 10956.0)	(12.0, 15152.5)	(13.0, 21066.5)	(14.0, 29828.5)	(15.0, 43144.5)	(16.0, 64112.0)	(17.0, 96112.5)	(18.0, 144472.5)	(19.0, 214486.0)	(20.0, 313585.0)	(21.0, 451102.5)	(22.0, 632509.0)	(23.0, 864355.5)	(24.0, 1146812.5)	(25.0, 1482313.0)	(26.0, 1855129.0)	(27.0, 2248967.0)	(28.0, 2660961.0)	(29.0, 3071511.0)	(30.0, 3461272.0)	(31.0, 3825669.5)	(32.0, 4170984.5)	(33.0, 4492446.0)	(34.0, 4773668.0)	(35.0, 4983263.5)	(36.0, 5090052.0)	(37.0, 5091619.5)	(38.0, 5014193.0)	(39.0, 4896471.0)	(40.0, 4765929.0)	(41.0, 4620135.5)	(42.0, 4449216.5)	(43.0, 4253838.5)	(44.0, 4037180.0)	(45.0, 3805121.0)	(46.0, 3566019.5)	(47.0, 3321417.5)	(48.0, 3070657.5)	(49.0, 2818367.5)	(50.0, 2576782.0)	(51.0, 2333611.0)	(52.0, 2082321.0)	(53.0, 1843032.5)	(54.0, 1623240.5)	(55.0, 1427410.0)	(56.0, 1253670.5)	(57.0, 1092468.0)	(58.0, 953864.5)	(59.0, 845445.0)	(60.0, 750620.5)	(61.0, 651847.0)	(62.0, 546466.0)	(63.0, 452063.5)	(64.0, 376965.0)	(65.0, 315800.5)	(66.0, 264835.0)	(67.0, 221850.0)	(68.0, 186326.0)	(69.0, 151823.0)	(70.0, 121691.0)	(71.0, 103836.0)	(72.0, 91177.5)	(73.0, 77490.5)	(74.0, 62982.0)	(75.0, 52830.5)	(76.0, 46084.0)	(77.0, 39789.5)	(78.0, 34334.0)	(79.0, 29084.0)	(80.0, 23287.0)	(81.0, 17880.5)	(82.0, 14153.0)	(83.0, 10407.0)	(84.0, 7126.0)	(85.0, 4593.0)	(86.0, 2582.5)	(87.0, 2798.0)	(88.0, 2890.0)	(89.0, 1969.5)	(90.0, 962.0)	(91.0, 340.5)	(92.0, 132.5)	(93.0, 138.0)	(94.0, 174.5)	(95.0, 285.0)	(96.0, 709.0)	(97.0, 2434.5)	(98.0, 11966.5)	(99.0, 13717.0)	(100.0, 4115.5)
trimmed_trimmomatic | fastqc_results | Only_MNP_C2_S58_L002_R1_unpaired	(0.0, 6.0)	(1.0, 7.0)	(2.0, 8.0)	(3.0, 9.5)	(4.0, 15.0)	(5.0, 19.0)	(6.0, 17.0)	(7.0, 19.0)	(8.0, 31.0)	(9.0, 39.0)	(10.0, 45.0)	(11.0, 65.0)	(12.0, 98.5)	(13.0, 132.5)	(14.0, 176.0)	(15.0, 244.0)	(16.0, 357.5)	(17.0, 552.5)	(18.0, 848.5)	(19.0, 1269.5)	(20.0, 1829.5)	(21.0, 2625.0)	(22.0, 3663.5)	(23.0, 5061.5)	(24.0, 6703.5)	(25.0, 8708.5)	(26.0, 11138.5)	(27.0, 13688.5)	(28.0, 16648.5)	(29.0, 19536.0)	(30.0, 22167.0)	(31.0, 25106.0)	(32.0, 28096.0)	(33.0, 30892.5)	(34.0, 33614.0)	(35.0, 35816.0)	(36.0, 37483.0)	(37.0, 38593.5)	(38.0, 39331.0)	(39.0, 39907.5)	(40.0, 39926.5)	(41.0, 39797.0)	(42.0, 39505.0)	(43.0, 38768.5)	(44.0, 37935.0)	(45.0, 36944.5)	(46.0, 35712.0)	(47.0, 34438.0)	(48.0, 33058.0)	(49.0, 31292.0)	(50.0, 29508.0)	(51.0, 27651.5)	(52.0, 25568.0)	(53.0, 23680.0)	(54.0, 21810.0)	(55.0, 19933.5)	(56.0, 18067.5)	(57.0, 16362.0)	(58.0, 14904.0)	(59.0, 13474.5)	(60.0, 12175.5)	(61.0, 10924.0)	(62.0, 9613.5)	(63.0, 8397.0)	(64.0, 7315.5)	(65.0, 6289.5)	(66.0, 5392.5)	(67.0, 4735.0)	(68.0, 4144.5)	(69.0, 3563.5)	(70.0, 3016.0)	(71.0, 2567.5)	(72.0, 2289.0)	(73.0, 2058.5)	(74.0, 1766.5)	(75.0, 1523.5)	(76.0, 1354.0)	(77.0, 1167.5)	(78.0, 978.5)	(79.0, 850.0)	(80.0, 727.0)	(81.0, 561.0)	(82.0, 412.0)	(83.0, 308.0)	(84.0, 212.5)	(85.0, 128.5)	(86.0, 80.0)	(87.0, 81.0)	(88.0, 79.5)	(89.0, 62.0)	(90.0, 32.5)	(91.0, 13.5)	(92.0, 9.5)	(93.0, 6.5)	(94.0, 13.5)	(95.0, 40.5)	(96.0, 139.5)	(97.0, 602.0)	(98.0, 3383.0)	(99.0, 3791.0)	(100.0, 989.5)
trimmed_trimmomatic | fastqc_results | Only_MNP_C2_S58_L002_R2_paired	(0.0, 770.0)	(1.0, 825.5)	(2.0, 995.5)	(3.0, 1289.5)	(4.0, 1688.5)	(5.0, 2200.5)	(6.0, 2904.0)	(7.0, 3599.5)	(8.0, 4520.0)	(9.0, 5927.5)	(10.0, 7815.0)	(11.0, 10565.0)	(12.0, 14633.5)	(13.0, 20641.5)	(14.0, 29301.5)	(15.0, 42713.5)	(16.0, 63273.5)	(17.0, 95722.5)	(18.0, 144587.0)	(19.0, 215211.5)	(20.0, 314872.5)	(21.0, 451729.0)	(22.0, 633521.0)	(23.0, 865825.5)	(24.0, 1149513.5)	(25.0, 1486854.5)	(26.0, 1860100.0)	(27.0, 2254474.0)	(28.0, 2667638.5)	(29.0, 3078603.0)	(30.0, 3469145.0)	(31.0, 3835555.5)	(32.0, 4182539.5)	(33.0, 4503689.0)	(34.0, 4779472.0)	(35.0, 4986328.0)	(36.0, 5097226.5)	(37.0, 5097767.5)	(38.0, 5018485.0)	(39.0, 4899830.5)	(40.0, 4763115.0)	(41.0, 4615557.5)	(42.0, 4445970.0)	(43.0, 4247755.0)	(44.0, 4027890.0)	(45.0, 3797722.0)	(46.0, 3558284.0)	(47.0, 3309752.5)	(48.0, 3057463.0)	(49.0, 2805714.5)	(50.0, 2564518.0)	(51.0, 2320322.5)	(52.0, 2070948.0)	(53.0, 1832786.5)	(54.0, 1612321.5)	(55.0, 1417178.5)	(56.0, 1244542.5)	(57.0, 1084788.5)	(58.0, 946436.5)	(59.0, 838661.0)	(60.0, 743418.5)	(61.0, 644876.5)	(62.0, 542942.5)	(63.0, 450453.0)	(64.0, 375245.0)	(65.0, 312970.0)	(66.0, 262059.5)	(67.0, 220338.5)	(68.0, 185771.0)	(69.0, 151346.0)	(70.0, 121295.0)	(71.0, 103754.0)	(72.0, 91035.5)	(73.0, 77719.0)	(74.0, 62811.5)	(75.0, 51719.5)	(76.0, 45259.5)	(77.0, 39206.0)	(78.0, 33603.5)	(79.0, 28432.5)	(80.0, 22900.0)	(81.0, 17582.0)	(82.0, 13890.5)	(83.0, 10283.0)	(84.0, 7230.0)	(85.0, 4788.0)	(86.0, 2811.5)	(87.0, 2933.0)	(88.0, 2892.0)	(89.0, 2144.5)	(90.0, 1507.5)	(91.0, 1224.0)	(92.0, 1292.0)	(93.0, 1601.0)	(94.0, 2070.5)	(95.0, 2968.5)	(96.0, 4466.0)	(97.0, 7211.0)	(98.0, 12019.5)	(99.0, 23292.0)	(100.0, 85788.5)
trimmed_trimmomatic | fastqc_results | Only_MNP_C2_S58_L002_R2_unpaired	(0.0, 5.0)	(1.0, 4.0)	(2.0, 1.5)	(3.0, 2.0)	(4.0, 4.0)	(5.0, 4.0)	(6.0, 5.5)	(7.0, 9.5)	(8.0, 11.0)	(9.0, 15.0)	(10.0, 20.5)	(11.0, 22.0)	(12.0, 34.5)	(13.0, 52.5)	(14.0, 72.5)	(15.0, 103.0)	(16.0, 138.5)	(17.0, 198.0)	(18.0, 305.0)	(19.0, 431.0)	(20.0, 591.0)	(21.0, 863.0)	(22.0, 1224.0)	(23.0, 1679.5)	(24.0, 2211.5)	(25.0, 2868.0)	(26.0, 3664.0)	(27.0, 4466.0)	(28.0, 5303.0)	(29.0, 6207.0)	(30.0, 7139.5)	(31.0, 8024.5)	(32.0, 8821.0)	(33.0, 9586.5)	(34.0, 10301.5)	(35.0, 11013.5)	(36.0, 11426.5)	(37.0, 11565.0)	(38.0, 11730.5)	(39.0, 11672.5)	(40.0, 11565.5)	(41.0, 11478.5)	(42.0, 11262.0)	(43.0, 10943.5)	(44.0, 10533.0)	(45.0, 10099.5)	(46.0, 9665.0)	(47.0, 9333.5)	(48.0, 8943.5)	(49.0, 8465.0)	(50.0, 8046.5)	(51.0, 7471.5)	(52.0, 6833.5)	(53.0, 6308.0)	(54.0, 5795.0)	(55.0, 5377.5)	(56.0, 4964.0)	(57.0, 4553.5)	(58.0, 4141.0)	(59.0, 3705.0)	(60.0, 3324.0)	(61.0, 2930.5)	(62.0, 2566.5)	(63.0, 2236.5)	(64.0, 1920.0)	(65.0, 1614.0)	(66.0, 1356.0)	(67.0, 1139.5)	(68.0, 950.0)	(69.0, 807.5)	(70.0, 684.5)	(71.0, 570.5)	(72.0, 482.5)	(73.0, 388.5)	(74.0, 312.5)	(75.0, 281.0)	(76.0, 248.5)	(77.0, 197.5)	(78.0, 160.0)	(79.0, 136.0)	(80.0, 102.5)	(81.0, 72.0)	(82.0, 50.5)	(83.0, 35.0)	(84.0, 31.0)	(85.0, 23.0)	(86.0, 14.5)	(87.0, 11.5)	(88.0, 9.5)	(89.0, 7.5)	(90.0, 6.0)	(91.0, 6.0)	(92.0, 9.5)	(93.0, 11.5)	(94.0, 12.5)	(95.0, 17.0)	(96.0, 29.5)	(97.0, 51.5)	(98.0, 126.0)	(99.0, 432.5)	(100.0, 3503.0)
trimmed_trimmomatic | fastqc_results | Only_MNP_C3_S59_L002_R1_paired	(0.0, 936.0)	(1.0, 999.5)	(2.0, 1164.0)	(3.0, 1390.5)	(4.0, 1815.5)	(5.0, 2466.5)	(6.0, 3221.5)	(7.0, 3920.0)	(8.0, 4829.5)	(9.0, 6349.0)	(10.0, 8386.0)	(11.0, 11198.0)	(12.0, 15414.5)	(13.0, 21448.5)	(14.0, 30348.5)	(15.0, 43918.5)	(16.0, 64971.5)	(17.0, 97804.5)	(18.0, 147083.5)	(19.0, 218269.5)	(20.0, 319170.5)	(21.0, 457231.5)	(22.0, 642682.5)	(23.0, 878449.0)	(24.0, 1164253.0)	(25.0, 1507178.0)	(26.0, 1885877.5)	(27.0, 2283883.0)	(28.0, 2703322.0)	(29.0, 3118938.5)	(30.0, 3511985.0)	(31.0, 3885685.5)	(32.0, 4240394.5)	(33.0, 4571794.0)	(34.0, 4863813.5)	(35.0, 5081191.0)	(36.0, 5189142.5)	(37.0, 5181905.5)	(38.0, 5090036.5)	(39.0, 4957210.5)	(40.0, 4817184.0)	(41.0, 4666991.0)	(42.0, 4493823.0)	(43.0, 4296293.0)	(44.0, 4077707.0)	(45.0, 3844775.0)	(46.0, 3602925.0)	(47.0, 3352350.0)	(48.0, 3095071.5)	(49.0, 2842317.0)	(50.0, 2602348.0)	(51.0, 2357803.0)	(52.0, 2104181.0)	(53.0, 1863127.5)	(54.0, 1640325.5)	(55.0, 1444062.5)	(56.0, 1272965.0)	(57.0, 1112409.0)	(58.0, 977530.5)	(59.0, 875015.0)	(60.0, 781902.0)	(61.0, 680161.0)	(62.0, 568031.5)	(63.0, 467649.5)	(64.0, 388952.5)	(65.0, 324508.5)	(66.0, 272655.0)	(67.0, 230615.0)	(68.0, 195142.0)	(69.0, 159943.5)	(70.0, 129184.0)	(71.0, 111462.0)	(72.0, 99662.0)	(73.0, 86224.0)	(74.0, 70372.5)	(75.0, 58726.0)	(76.0, 51439.0)	(77.0, 44593.0)	(78.0, 38337.0)	(79.0, 32905.5)	(80.0, 26833.5)	(81.0, 20712.5)	(82.0, 16338.0)	(83.0, 11956.0)	(84.0, 8295.0)	(85.0, 5382.0)	(86.0, 3084.0)	(87.0, 3338.5)	(88.0, 3422.5)	(89.0, 2418.0)	(90.0, 1201.5)	(91.0, 427.5)	(92.0, 180.5)	(93.0, 176.0)	(94.0, 202.0)	(95.0, 301.0)	(96.0, 782.5)	(97.0, 2966.0)	(98.0, 14573.5)	(99.0, 16888.0)	(100.0, 5303.5)
trimmed_trimmomatic | fastqc_results | Only_MNP_C3_S59_L002_R1_unpaired	(0.0, 12.0)	(1.0, 13.5)	(2.0, 11.0)	(3.0, 10.0)	(4.0, 15.5)	(5.0, 19.5)	(6.0, 24.5)	(7.0, 27.0)	(8.0, 30.5)	(9.0, 46.5)	(10.0, 62.5)	(11.0, 82.0)	(12.0, 110.0)	(13.0, 134.5)	(14.0, 191.5)	(15.0, 292.0)	(16.0, 430.0)	(17.0, 620.0)	(18.0, 886.5)	(19.0, 1294.0)	(20.0, 1910.5)	(21.0, 2761.5)	(22.0, 3924.5)	(23.0, 5441.0)	(24.0, 7235.0)	(25.0, 9404.5)	(26.0, 12004.5)	(27.0, 14934.5)	(28.0, 17894.0)	(29.0, 20864.0)	(30.0, 24123.5)	(31.0, 27246.0)	(32.0, 29946.0)	(33.0, 32740.0)	(34.0, 35626.0)	(35.0, 38174.0)	(36.0, 39962.5)	(37.0, 41088.0)	(38.0, 41778.5)	(39.0, 42200.5)	(40.0, 41993.0)	(41.0, 41617.0)	(42.0, 41472.0)	(43.0, 41044.5)	(44.0, 40047.0)	(45.0, 38556.5)	(46.0, 37269.0)	(47.0, 35842.5)	(48.0, 34292.0)	(49.0, 32572.5)	(50.0, 30768.0)	(51.0, 29128.0)	(52.0, 26943.0)	(53.0, 24467.5)	(54.0, 22550.0)	(55.0, 20813.0)	(56.0, 19063.0)	(57.0, 17345.0)	(58.0, 15771.0)	(59.0, 14462.0)	(60.0, 13110.0)	(61.0, 11658.5)	(62.0, 10098.5)	(63.0, 8782.0)	(64.0, 7664.0)	(65.0, 6591.5)	(66.0, 5750.0)	(67.0, 5006.5)	(68.0, 4301.0)	(69.0, 3664.5)	(70.0, 3123.5)	(71.0, 2816.0)	(72.0, 2542.5)	(73.0, 2202.5)	(74.0, 1929.5)	(75.0, 1725.0)	(76.0, 1575.0)	(77.0, 1399.5)	(78.0, 1193.0)	(79.0, 1009.0)	(80.0, 856.0)	(81.0, 674.5)	(82.0, 501.5)	(83.0, 353.5)	(84.0, 253.0)	(85.0, 169.0)	(86.0, 104.5)	(87.0, 99.0)	(88.0, 90.5)	(89.0, 63.0)	(90.0, 33.5)	(91.0, 17.5)	(92.0, 10.5)	(93.0, 9.0)	(94.0, 14.0)	(95.0, 41.5)	(96.0, 152.5)	(97.0, 734.0)	(98.0, 4083.5)	(99.0, 4627.0)	(100.0, 1254.0)
trimmed_trimmomatic | fastqc_results | Only_MNP_C3_S59_L002_R2_paired	(0.0, 834.0)	(1.0, 871.5)	(2.0, 1028.5)	(3.0, 1335.0)	(4.0, 1737.5)	(5.0, 2220.0)	(6.0, 2885.5)	(7.0, 3671.5)	(8.0, 4654.5)	(9.0, 6019.5)	(10.0, 7909.5)	(11.0, 10707.0)	(12.0, 14774.5)	(13.0, 20883.0)	(14.0, 29841.5)	(15.0, 43361.0)	(16.0, 64325.5)	(17.0, 97056.5)	(18.0, 146538.5)	(19.0, 217937.5)	(20.0, 319299.5)	(21.0, 458109.0)	(22.0, 643069.5)	(23.0, 879600.0)	(24.0, 1168216.0)	(25.0, 1510143.5)	(26.0, 1888308.5)	(27.0, 2288117.5)	(28.0, 2708154.0)	(29.0, 3126848.5)	(30.0, 3520183.0)	(31.0, 3889238.0)	(32.0, 4243404.5)	(33.0, 4578187.5)	(34.0, 4869833.5)	(35.0, 5085050.5)	(36.0, 5193624.5)	(37.0, 5184504.0)	(38.0, 5091865.5)	(39.0, 4960503.0)	(40.0, 4817353.0)	(41.0, 4668128.0)	(42.0, 4492630.0)	(43.0, 4289752.5)	(44.0, 4071152.5)	(45.0, 3836258.5)	(46.0, 3593564.5)	(47.0, 3341385.5)	(48.0, 3085060.0)	(49.0, 2831828.0)	(50.0, 2586825.5)	(51.0, 2344384.0)	(52.0, 2095842.5)	(53.0, 1855039.0)	(54.0, 1632526.5)	(55.0, 1436155.0)	(56.0, 1265025.0)	(57.0, 1106054.5)	(58.0, 970740.5)	(59.0, 868162.0)	(60.0, 774111.5)	(61.0, 673019.5)	(62.0, 563734.5)	(63.0, 465578.5)	(64.0, 388648.0)	(65.0, 323715.5)	(66.0, 270907.0)	(67.0, 228829.5)	(68.0, 193825.5)	(69.0, 159010.0)	(70.0, 128224.5)	(71.0, 111065.5)	(72.0, 99208.0)	(73.0, 85571.5)	(74.0, 69916.0)	(75.0, 58078.0)	(76.0, 50965.0)	(77.0, 44207.5)	(78.0, 37827.0)	(79.0, 32021.5)	(80.0, 25890.5)	(81.0, 19992.0)	(82.0, 15996.0)	(83.0, 12043.0)	(84.0, 8403.0)	(85.0, 5401.0)	(86.0, 3017.0)	(87.0, 3249.0)	(88.0, 3293.0)	(89.0, 2420.5)	(90.0, 1642.0)	(91.0, 1303.5)	(92.0, 1339.5)	(93.0, 1619.5)	(94.0, 2130.5)	(95.0, 3083.5)	(96.0, 4606.5)	(97.0, 7417.5)	(98.0, 12361.0)	(99.0, 25358.5)	(100.0, 101173.5)
trimmed_trimmomatic | fastqc_results | Only_MNP_C3_S59_L002_R2_unpaired	(0.0, 1.0)	(1.0, 0.5)	(2.0, 0.5)	(3.0, 4.0)	(4.0, 7.0)	(5.0, 4.5)	(6.0, 6.0)	(7.0, 10.0)	(8.0, 11.5)	(9.0, 13.5)	(10.0, 20.5)	(11.0, 28.0)	(12.0, 32.0)	(13.0, 44.0)	(14.0, 71.5)	(15.0, 96.0)	(16.0, 125.0)	(17.0, 174.5)	(18.0, 264.5)	(19.0, 408.0)	(20.0, 590.0)	(21.0, 859.0)	(22.0, 1207.0)	(23.0, 1609.5)	(24.0, 2151.0)	(25.0, 2782.5)	(26.0, 3480.5)	(27.0, 4264.0)	(28.0, 5177.0)	(29.0, 6084.0)	(30.0, 6950.5)	(31.0, 7831.0)	(32.0, 8666.5)	(33.0, 9448.0)	(34.0, 10140.0)	(35.0, 10715.0)	(36.0, 11097.0)	(37.0, 11351.0)	(38.0, 11390.5)	(39.0, 11337.0)	(40.0, 11236.5)	(41.0, 11048.0)	(42.0, 10840.0)	(43.0, 10574.0)	(44.0, 10363.0)	(45.0, 9989.5)	(46.0, 9553.5)	(47.0, 9187.5)	(48.0, 8712.5)	(49.0, 8261.5)	(50.0, 7796.0)	(51.0, 7391.0)	(52.0, 6933.0)	(53.0, 6298.5)	(54.0, 5751.0)	(55.0, 5339.0)	(56.0, 5010.5)	(57.0, 4643.5)	(58.0, 4247.0)	(59.0, 3830.0)	(60.0, 3394.0)	(61.0, 3049.0)	(62.0, 2731.0)	(63.0, 2357.5)	(64.0, 1993.5)	(65.0, 1700.5)	(66.0, 1443.5)	(67.0, 1199.5)	(68.0, 985.0)	(69.0, 824.0)	(70.0, 711.5)	(71.0, 630.0)	(72.0, 538.5)	(73.0, 455.0)	(74.0, 380.5)	(75.0, 303.0)	(76.0, 254.5)	(77.0, 226.0)	(78.0, 195.5)	(79.0, 150.0)	(80.0, 107.5)	(81.0, 85.5)	(82.0, 65.0)	(83.0, 47.5)	(84.0, 31.0)	(85.0, 20.5)	(86.0, 23.0)	(87.0, 21.0)	(88.0, 16.0)	(89.0, 12.5)	(90.0, 11.0)	(91.0, 9.5)	(92.0, 10.5)	(93.0, 11.5)	(94.0, 12.0)	(95.0, 18.5)	(96.0, 36.5)	(97.0, 76.5)	(98.0, 168.0)	(99.0, 560.0)	(100.0, 4525.5)
trimmed_trimmomatic | fastqc_results | Only_MNP_C4_S60_L002_R1_paired	(0.0, 963.0)	(1.0, 974.0)	(2.0, 1121.0)	(3.0, 1410.5)	(4.0, 1763.0)	(5.0, 2315.0)	(6.0, 3031.5)	(7.0, 3759.0)	(8.0, 4752.5)	(9.0, 6288.5)	(10.0, 8199.0)	(11.0, 10914.0)	(12.0, 14988.0)	(13.0, 21014.5)	(14.0, 29715.5)	(15.0, 43006.5)	(16.0, 63860.5)	(17.0, 95592.0)	(18.0, 144162.5)	(19.0, 214787.5)	(20.0, 313760.5)	(21.0, 450003.5)	(22.0, 631133.0)	(23.0, 861638.0)	(24.0, 1144481.0)	(25.0, 1481784.0)	(26.0, 1852030.5)	(27.0, 2243817.5)	(28.0, 2654797.5)	(29.0, 3061633.0)	(30.0, 3450646.0)	(31.0, 3816483.0)	(32.0, 4161271.0)	(33.0, 4480802.5)	(34.0, 4757617.0)	(35.0, 4963664.5)	(36.0, 5069350.0)	(37.0, 5072200.5)	(38.0, 4998617.0)	(39.0, 4881530.0)	(40.0, 4749014.0)	(41.0, 4606668.5)	(42.0, 4436495.5)	(43.0, 4240510.5)	(44.0, 4025724.5)	(45.0, 3793923.5)	(46.0, 3553191.5)	(47.0, 3303552.0)	(48.0, 3049412.0)	(49.0, 2794709.0)	(50.0, 2552508.5)	(51.0, 2312184.0)	(52.0, 2066779.5)	(53.0, 1830718.0)	(54.0, 1610851.0)	(55.0, 1417507.5)	(56.0, 1248503.0)	(57.0, 1092297.0)	(58.0, 959684.5)	(59.0, 859334.0)	(60.0, 769552.5)	(61.0, 670223.5)	(62.0, 559819.5)	(63.0, 461242.5)	(64.0, 384143.0)	(65.0, 320873.5)	(66.0, 269367.0)	(67.0, 228177.0)	(68.0, 194268.0)	(69.0, 159869.5)	(70.0, 129354.5)	(71.0, 111664.5)	(72.0, 100011.0)	(73.0, 86451.0)	(74.0, 70667.0)	(75.0, 59419.0)	(76.0, 52653.5)	(77.0, 45967.0)	(78.0, 39321.0)	(79.0, 33622.5)	(80.0, 27569.5)	(81.0, 21217.0)	(82.0, 16814.5)	(83.0, 12367.5)	(84.0, 8513.0)	(85.0, 5545.0)	(86.0, 3142.5)	(87.0, 3425.0)	(88.0, 3515.0)	(89.0, 2384.0)	(90.0, 1145.5)	(91.0, 400.0)	(92.0, 148.0)	(93.0, 160.5)	(94.0, 200.0)	(95.0, 350.5)	(96.0, 968.5)	(97.0, 3984.0)	(98.0, 20887.0)	(99.0, 24678.0)	(100.0, 7921.0)
trimmed_trimmomatic | fastqc_results | Only_MNP_C4_S60_L002_R1_unpaired	(0.0, 10.0)	(1.0, 7.0)	(2.0, 5.5)	(3.0, 13.0)	(4.0, 17.5)	(5.0, 18.5)	(6.0, 31.0)	(7.0, 36.5)	(8.0, 34.5)	(9.0, 44.5)	(10.0, 62.0)	(11.0, 81.5)	(12.0, 104.0)	(13.0, 139.0)	(14.0, 192.0)	(15.0, 284.0)	(16.0, 431.0)	(17.0, 651.0)	(18.0, 970.0)	(19.0, 1400.0)	(20.0, 2066.5)	(21.0, 3033.0)	(22.0, 4241.5)	(23.0, 5770.5)	(24.0, 7706.5)	(25.0, 10069.5)	(26.0, 12755.0)	(27.0, 15738.5)	(28.0, 18937.0)	(29.0, 22385.0)	(30.0, 25793.5)	(31.0, 28920.0)	(32.0, 32037.5)	(33.0, 35283.0)	(34.0, 38292.5)	(35.0, 40784.0)	(36.0, 42738.5)	(37.0, 44026.5)	(38.0, 44739.5)	(39.0, 44862.5)	(40.0, 44822.5)	(41.0, 44854.0)	(42.0, 44598.5)	(43.0, 43832.5)	(44.0, 42807.5)	(45.0, 41771.0)	(46.0, 40272.5)	(47.0, 38406.5)	(48.0, 36732.5)	(49.0, 34807.5)	(50.0, 32706.0)	(51.0, 30768.5)	(52.0, 28420.5)	(53.0, 26143.5)	(54.0, 24087.5)	(55.0, 22038.5)	(56.0, 20217.5)	(57.0, 18377.0)	(58.0, 16805.0)	(59.0, 15426.0)	(60.0, 13933.0)	(61.0, 12515.0)	(62.0, 11014.0)	(63.0, 9508.5)	(64.0, 8277.5)	(65.0, 7141.5)	(66.0, 6103.0)	(67.0, 5361.5)	(68.0, 4698.0)	(69.0, 4002.0)	(70.0, 3426.5)	(71.0, 3026.0)	(72.0, 2765.5)	(73.0, 2466.0)	(74.0, 2111.5)	(75.0, 1822.5)	(76.0, 1654.0)	(77.0, 1503.0)	(78.0, 1297.0)	(79.0, 1103.0)	(80.0, 911.0)	(81.0, 694.0)	(82.0, 527.0)	(83.0, 374.5)	(84.0, 256.0)	(85.0, 173.0)	(86.0, 115.0)	(87.0, 120.5)	(88.0, 103.5)	(89.0, 66.0)	(90.0, 35.0)	(91.0, 15.0)	(92.0, 10.5)	(93.0, 12.0)	(94.0, 28.5)	(95.0, 75.0)	(96.0, 273.5)	(97.0, 1378.0)	(98.0, 8110.5)	(99.0, 9379.5)	(100.0, 2669.0)
trimmed_trimmomatic | fastqc_results | Only_MNP_C4_S60_L002_R2_paired	(0.0, 754.0)	(1.0, 824.5)	(2.0, 1024.5)	(3.0, 1323.5)	(4.0, 1668.5)	(5.0, 2140.0)	(6.0, 2780.0)	(7.0, 3594.0)	(8.0, 4564.0)	(9.0, 5923.5)	(10.0, 7733.5)	(11.0, 10414.5)	(12.0, 14576.5)	(13.0, 20670.5)	(14.0, 29411.0)	(15.0, 42397.0)	(16.0, 63043.0)	(17.0, 95559.0)	(18.0, 144402.0)	(19.0, 214706.5)	(20.0, 314152.0)	(21.0, 450641.0)	(22.0, 633093.5)	(23.0, 865729.5)	(24.0, 1148719.0)	(25.0, 1485865.5)	(26.0, 1858466.5)	(27.0, 2251095.0)	(28.0, 2663284.0)	(29.0, 3073360.5)	(30.0, 3461760.5)	(31.0, 3827771.5)	(32.0, 4172046.5)	(33.0, 4490035.5)	(34.0, 4766087.5)	(35.0, 4968317.5)	(36.0, 5073375.0)	(37.0, 5075175.5)	(38.0, 4998900.0)	(39.0, 4880271.5)	(40.0, 4746818.5)	(41.0, 4599676.0)	(42.0, 4424784.0)	(43.0, 4228782.5)	(44.0, 4015743.5)	(45.0, 3784529.0)	(46.0, 3541860.5)	(47.0, 3290039.5)	(48.0, 3033545.5)	(49.0, 2781798.5)	(50.0, 2541354.0)	(51.0, 2301368.5)	(52.0, 2055447.0)	(53.0, 1819191.5)	(54.0, 1599436.0)	(55.0, 1407703.5)	(56.0, 1242058.5)	(57.0, 1085249.5)	(58.0, 952600.0)	(59.0, 851742.0)	(60.0, 760123.5)	(61.0, 662066.5)	(62.0, 554674.0)	(63.0, 458460.0)	(64.0, 383215.5)	(65.0, 319425.0)	(66.0, 267431.0)	(67.0, 226266.0)	(68.0, 192911.0)	(69.0, 159082.0)	(70.0, 128420.5)	(71.0, 111207.5)	(72.0, 99791.5)	(73.0, 86231.5)	(74.0, 70099.5)	(75.0, 58446.5)	(76.0, 51879.0)	(77.0, 45364.0)	(78.0, 38790.0)	(79.0, 33121.5)	(80.0, 26863.5)	(81.0, 20511.0)	(82.0, 16312.5)	(83.0, 12235.0)	(84.0, 8555.0)	(85.0, 5485.0)	(86.0, 3031.0)	(87.0, 3255.0)	(88.0, 3297.5)	(89.0, 2446.5)	(90.0, 1689.5)	(91.0, 1394.5)	(92.0, 1505.0)	(93.0, 1829.0)	(94.0, 2390.0)	(95.0, 3370.0)	(96.0, 4997.0)	(97.0, 8096.0)	(98.0, 13628.5)	(99.0, 27372.0)	(100.0, 107763.0)
trimmed_trimmomatic | fastqc_results | Only_MNP_C4_S60_L002_R2_unpaired	(0.0, 1.0)	(1.0, 2.0)	(2.0, 3.0)	(3.0, 4.0)	(4.0, 6.0)	(5.0, 8.0)	(6.0, 8.0)	(7.0, 9.0)	(8.0, 12.0)	(9.0, 18.5)	(10.0, 26.0)	(11.0, 30.5)	(12.0, 35.0)	(13.0, 47.0)	(14.0, 67.0)	(15.0, 94.0)	(16.0, 126.5)	(17.0, 191.5)	(18.0, 301.5)	(19.0, 446.0)	(20.0, 654.0)	(21.0, 945.5)	(22.0, 1284.0)	(23.0, 1699.0)	(24.0, 2280.0)	(25.0, 2975.5)	(26.0, 3759.5)	(27.0, 4568.5)	(28.0, 5409.0)	(29.0, 6394.0)	(30.0, 7369.5)	(31.0, 8224.5)	(32.0, 9085.5)	(33.0, 9889.5)	(34.0, 10695.5)	(35.0, 11451.5)	(36.0, 11818.0)	(37.0, 11927.5)	(38.0, 11937.5)	(39.0, 11838.5)	(40.0, 11849.0)	(41.0, 11694.5)	(42.0, 11364.0)	(43.0, 11090.0)	(44.0, 10845.0)	(45.0, 10530.0)	(46.0, 10019.5)	(47.0, 9481.5)	(48.0, 9009.5)	(49.0, 8577.5)	(50.0, 8054.0)	(51.0, 7483.0)	(52.0, 6892.0)	(53.0, 6273.5)	(54.0, 5761.5)	(55.0, 5312.0)	(56.0, 4891.5)	(57.0, 4565.5)	(58.0, 4202.5)	(59.0, 3820.0)	(60.0, 3485.5)	(61.0, 3114.0)	(62.0, 2712.5)	(63.0, 2302.5)	(64.0, 1909.0)	(65.0, 1593.0)	(66.0, 1355.5)	(67.0, 1182.5)	(68.0, 1031.5)	(69.0, 857.5)	(70.0, 713.0)	(71.0, 623.0)	(72.0, 549.5)	(73.0, 467.5)	(74.0, 396.5)	(75.0, 344.0)	(76.0, 282.5)	(77.0, 223.0)	(78.0, 175.0)	(79.0, 135.5)	(80.0, 103.0)	(81.0, 87.0)	(82.0, 79.0)	(83.0, 57.0)	(84.0, 32.5)	(85.0, 19.0)	(86.0, 10.0)	(87.0, 12.5)	(88.0, 15.5)	(89.0, 15.5)	(90.0, 18.0)	(91.0, 17.0)	(92.0, 13.5)	(93.0, 20.0)	(94.0, 31.5)	(95.0, 46.0)	(96.0, 62.5)	(97.0, 102.5)	(98.0, 215.0)	(99.0, 705.0)	(100.0, 5856.5)
trimmed_trimmomatic | fastqc_results | Plasmid_Ko_P1_S61_L002_R1_paired	(0.0, 937.0)	(1.0, 996.5)	(2.0, 1156.0)	(3.0, 1449.5)	(4.0, 1877.0)	(5.0, 2452.5)	(6.0, 3190.5)	(7.0, 3997.0)	(8.0, 5027.0)	(9.0, 6421.0)	(10.0, 8424.5)	(11.0, 11554.5)	(12.0, 16011.0)	(13.0, 22297.5)	(14.0, 31419.5)	(15.0, 44948.5)	(16.0, 66220.5)	(17.0, 99982.5)	(18.0, 150547.5)	(19.0, 223492.5)	(20.0, 326399.0)	(21.0, 467453.5)	(22.0, 655159.0)	(23.0, 894318.5)	(24.0, 1186301.0)	(25.0, 1534687.0)	(26.0, 1919220.5)	(27.0, 2324992.5)	(28.0, 2750309.5)	(29.0, 3171478.0)	(30.0, 3574471.0)	(31.0, 3949753.5)	(32.0, 4306173.0)	(33.0, 4641348.0)	(34.0, 4926885.5)	(35.0, 5139661.5)	(36.0, 5252029.0)	(37.0, 5255587.5)	(38.0, 5175452.0)	(39.0, 5051181.5)	(40.0, 4914890.0)	(41.0, 4764166.5)	(42.0, 4583416.5)	(43.0, 4379436.5)	(44.0, 4156625.0)	(45.0, 3915579.5)	(46.0, 3664636.5)	(47.0, 3403730.0)	(48.0, 3138503.5)	(49.0, 2876660.5)	(50.0, 2627848.0)	(51.0, 2379533.0)	(52.0, 2122952.5)	(53.0, 1880183.5)	(54.0, 1656911.0)	(55.0, 1459163.0)	(56.0, 1286252.0)	(57.0, 1124006.0)	(58.0, 985461.5)	(59.0, 881504.5)	(60.0, 787093.0)	(61.0, 681931.0)	(62.0, 569462.0)	(63.0, 470115.5)	(64.0, 391911.5)	(65.0, 326415.0)	(66.0, 273210.5)	(67.0, 230512.5)	(68.0, 195045.5)	(69.0, 159897.5)	(70.0, 128797.0)	(71.0, 110381.0)	(72.0, 97336.0)	(73.0, 83839.0)	(74.0, 68557.0)	(75.0, 57618.0)	(76.0, 50601.5)	(77.0, 43304.0)	(78.0, 37064.5)	(79.0, 31874.0)	(80.0, 25984.5)	(81.0, 19916.5)	(82.0, 15776.5)	(83.0, 11533.5)	(84.0, 7846.5)	(85.0, 5132.5)	(86.0, 2926.5)	(87.0, 3142.0)	(88.0, 3302.0)	(89.0, 2370.5)	(90.0, 1160.5)	(91.0, 415.0)	(92.0, 206.0)	(93.0, 210.0)	(94.0, 253.5)	(95.0, 488.5)	(96.0, 1394.0)	(97.0, 5228.5)	(98.0, 24212.0)	(99.0, 27452.0)	(100.0, 8349.0)
trimmed_trimmomatic | fastqc_results | Plasmid_Ko_P1_S61_L002_R1_unpaired	(0.0, 5.0)	(1.0, 7.5)	(2.0, 8.5)	(3.0, 11.0)	(4.0, 17.0)	(5.0, 19.5)	(6.0, 20.5)	(7.0, 33.0)	(8.0, 40.0)	(9.0, 46.5)	(10.0, 74.5)	(11.0, 90.0)	(12.0, 119.0)	(13.0, 178.0)	(14.0, 242.0)	(15.0, 328.5)	(16.0, 475.5)	(17.0, 715.5)	(18.0, 1090.0)	(19.0, 1617.5)	(20.0, 2310.5)	(21.0, 3284.5)	(22.0, 4602.5)	(23.0, 6375.5)	(24.0, 8554.0)	(25.0, 11140.5)	(26.0, 14110.5)	(27.0, 17140.5)	(28.0, 20542.0)	(29.0, 24290.5)	(30.0, 27688.5)	(31.0, 31039.5)	(32.0, 34656.0)	(33.0, 38130.0)	(34.0, 41071.5)	(35.0, 43533.0)	(36.0, 45667.0)	(37.0, 46854.5)	(38.0, 47590.0)	(39.0, 48137.0)	(40.0, 47814.5)	(41.0, 47760.0)	(42.0, 47374.0)	(43.0, 46311.5)	(44.0, 45058.5)	(45.0, 43732.5)	(46.0, 42437.0)	(47.0, 40638.0)	(48.0, 38611.5)	(49.0, 36349.0)	(50.0, 34220.5)	(51.0, 32071.0)	(52.0, 29629.0)	(53.0, 27260.0)	(54.0, 24994.5)	(55.0, 22827.5)	(56.0, 20923.0)	(57.0, 19148.5)	(58.0, 17387.0)	(59.0, 15859.5)	(60.0, 14480.0)	(61.0, 12948.0)	(62.0, 11248.0)	(63.0, 9634.5)	(64.0, 8419.0)	(65.0, 7358.5)	(66.0, 6346.0)	(67.0, 5487.0)	(68.0, 4786.5)	(69.0, 4073.5)	(70.0, 3455.0)	(71.0, 3056.0)	(72.0, 2733.5)	(73.0, 2502.0)	(74.0, 2169.5)	(75.0, 1851.5)	(76.0, 1624.0)	(77.0, 1437.5)	(78.0, 1244.5)	(79.0, 1056.5)	(80.0, 890.0)	(81.0, 665.0)	(82.0, 494.5)	(83.0, 365.0)	(84.0, 245.0)	(85.0, 170.5)	(86.0, 125.0)	(87.0, 118.5)	(88.0, 109.5)	(89.0, 78.5)	(90.0, 42.5)	(91.0, 18.0)	(92.0, 13.5)	(93.0, 19.5)	(94.0, 39.0)	(95.0, 99.5)	(96.0, 361.5)	(97.0, 1582.0)	(98.0, 8031.5)	(99.0, 8990.5)	(100.0, 2483.0)
trimmed_trimmomatic | fastqc_results | Plasmid_Ko_P1_S61_L002_R2_paired	(0.0, 800.0)	(1.0, 853.5)	(2.0, 1032.0)	(3.0, 1370.5)	(4.0, 1835.0)	(5.0, 2353.5)	(6.0, 2972.5)	(7.0, 3755.0)	(8.0, 4798.5)	(9.0, 6220.5)	(10.0, 8102.5)	(11.0, 11093.5)	(12.0, 15576.5)	(13.0, 21718.5)	(14.0, 30750.0)	(15.0, 44838.0)	(16.0, 66185.0)	(17.0, 99692.0)	(18.0, 150448.5)	(19.0, 223907.5)	(20.0, 327266.5)	(21.0, 467851.0)	(22.0, 655879.0)	(23.0, 896416.5)	(24.0, 1188892.5)	(25.0, 1536510.0)	(26.0, 1920958.0)	(27.0, 2327831.0)	(28.0, 2753156.5)	(29.0, 3178209.0)	(30.0, 3581789.5)	(31.0, 3956961.5)	(32.0, 4313282.0)	(33.0, 4647448.5)	(34.0, 4933411.5)	(35.0, 5145103.5)	(36.0, 5255787.5)	(37.0, 5258081.5)	(38.0, 5178796.0)	(39.0, 5048825.0)	(40.0, 4908469.0)	(41.0, 4759104.0)	(42.0, 4578766.0)	(43.0, 4373440.0)	(44.0, 4147316.0)	(45.0, 3905586.0)	(46.0, 3656306.0)	(47.0, 3396104.5)	(48.0, 3130441.5)	(49.0, 2867490.0)	(50.0, 2617424.0)	(51.0, 2368205.0)	(52.0, 2113998.5)	(53.0, 1872646.5)	(54.0, 1648540.0)	(55.0, 1451823.5)	(56.0, 1278861.0)	(57.0, 1116128.5)	(58.0, 979220.0)	(59.0, 875916.5)	(60.0, 779377.5)	(61.0, 674297.0)	(62.0, 565098.0)	(63.0, 467392.0)	(64.0, 389606.5)	(65.0, 324183.5)	(66.0, 271238.0)	(67.0, 229140.5)	(68.0, 193814.5)	(69.0, 158638.5)	(70.0, 127362.5)	(71.0, 109576.5)	(72.0, 97431.0)	(73.0, 83896.0)	(74.0, 68122.0)	(75.0, 56777.5)	(76.0, 50043.0)	(77.0, 42842.5)	(78.0, 36588.0)	(79.0, 31341.5)	(80.0, 25444.5)	(81.0, 19530.5)	(82.0, 15441.0)	(83.0, 11566.5)	(84.0, 8111.0)	(85.0, 5340.5)	(86.0, 3146.5)	(87.0, 3330.5)	(88.0, 3346.5)	(89.0, 2536.5)	(90.0, 1758.0)	(91.0, 1433.0)	(92.0, 1552.0)	(93.0, 1911.5)	(94.0, 2526.5)	(95.0, 3687.5)	(96.0, 5513.5)	(97.0, 8761.5)	(98.0, 14359.5)	(99.0, 28542.0)	(100.0, 115584.5)
trimmed_trimmomatic | fastqc_results | Plasmid_Ko_P1_S61_L002_R2_unpaired	(0.0, 1.0)	(1.0, 1.0)	(2.0, 1.5)	(3.0, 3.0)	(4.0, 6.0)	(5.0, 7.5)	(6.0, 8.0)	(7.0, 10.5)	(8.0, 12.0)	(9.0, 18.0)	(10.0, 19.5)	(11.0, 25.5)	(12.0, 43.0)	(13.0, 57.0)	(14.0, 80.5)	(15.0, 106.5)	(16.0, 141.0)	(17.0, 208.5)	(18.0, 285.5)	(19.0, 442.5)	(20.0, 653.5)	(21.0, 911.0)	(22.0, 1281.0)	(23.0, 1783.0)	(24.0, 2363.0)	(25.0, 2985.5)	(26.0, 3707.5)	(27.0, 4560.0)	(28.0, 5518.5)	(29.0, 6457.5)	(30.0, 7311.0)	(31.0, 8277.0)	(32.0, 9281.5)	(33.0, 10032.5)	(34.0, 10715.5)	(35.0, 11363.5)	(36.0, 11845.0)	(37.0, 12098.0)	(38.0, 12151.5)	(39.0, 12063.0)	(40.0, 11942.0)	(41.0, 11792.0)	(42.0, 11659.0)	(43.0, 11392.5)	(44.0, 11002.5)	(45.0, 10627.5)	(46.0, 10111.5)	(47.0, 9685.0)	(48.0, 9229.5)	(49.0, 8655.0)	(50.0, 8219.5)	(51.0, 7745.0)	(52.0, 7128.0)	(53.0, 6580.5)	(54.0, 6133.5)	(55.0, 5659.0)	(56.0, 5132.5)	(57.0, 4730.0)	(58.0, 4415.5)	(59.0, 4045.0)	(60.0, 3650.5)	(61.0, 3178.5)	(62.0, 2725.5)	(63.0, 2354.0)	(64.0, 1967.0)	(65.0, 1658.0)	(66.0, 1412.0)	(67.0, 1173.0)	(68.0, 1006.0)	(69.0, 873.5)	(70.0, 737.5)	(71.0, 617.5)	(72.0, 534.5)	(73.0, 460.5)	(74.0, 384.5)	(75.0, 317.0)	(76.0, 253.5)	(77.0, 217.5)	(78.0, 178.0)	(79.0, 140.0)	(80.0, 120.0)	(81.0, 91.5)	(82.0, 66.0)	(83.0, 54.0)	(84.0, 34.5)	(85.0, 21.0)	(86.0, 23.5)	(87.0, 18.0)	(88.0, 10.0)	(89.0, 11.0)	(90.0, 12.0)	(91.0, 11.5)	(92.0, 10.5)	(93.0, 15.5)	(94.0, 18.0)	(95.0, 27.5)	(96.0, 46.5)	(97.0, 77.0)	(98.0, 168.5)	(99.0, 611.0)	(100.0, 5984.0)
trimmed_trimmomatic | fastqc_results | Plasmid_Ko_P2_S62_L002_R1_paired	(0.0, 920.0)	(1.0, 960.0)	(2.0, 1107.5)	(3.0, 1436.0)	(4.0, 1862.0)	(5.0, 2383.5)	(6.0, 3043.0)	(7.0, 3829.5)	(8.0, 4939.0)	(9.0, 6322.0)	(10.0, 8132.5)	(11.0, 11002.0)	(12.0, 15272.0)	(13.0, 21426.0)	(14.0, 30338.5)	(15.0, 44112.0)	(16.0, 65545.5)	(17.0, 98097.5)	(18.0, 147414.0)	(19.0, 219334.5)	(20.0, 320836.5)	(21.0, 459594.0)	(22.0, 643115.5)	(23.0, 879283.5)	(24.0, 1168779.5)	(25.0, 1512176.0)	(26.0, 1888893.0)	(27.0, 2287300.0)	(28.0, 2707596.5)	(29.0, 3121821.0)	(30.0, 3514314.5)	(31.0, 3886844.5)	(32.0, 4237341.5)	(33.0, 4565101.0)	(34.0, 4850116.5)	(35.0, 5053680.5)	(36.0, 5159474.0)	(37.0, 5166279.0)	(38.0, 5090028.5)	(39.0, 4967198.5)	(40.0, 4829045.5)	(41.0, 4682682.0)	(42.0, 4512740.5)	(43.0, 4313122.0)	(44.0, 4094629.5)	(45.0, 3860647.0)	(46.0, 3619533.0)	(47.0, 3371515.0)	(48.0, 3115368.5)	(49.0, 2859251.5)	(50.0, 2616065.0)	(51.0, 2370331.0)	(52.0, 2116576.5)	(53.0, 1875021.0)	(54.0, 1648787.0)	(55.0, 1450275.0)	(56.0, 1277025.5)	(57.0, 1116204.5)	(58.0, 980546.5)	(59.0, 878459.5)	(60.0, 786248.5)	(61.0, 684251.0)	(62.0, 572537.5)	(63.0, 471041.0)	(64.0, 392171.0)	(65.0, 326958.0)	(66.0, 273763.0)	(67.0, 231429.0)	(68.0, 196131.5)	(69.0, 161068.0)	(70.0, 130246.5)	(71.0, 111855.0)	(72.0, 99726.0)	(73.0, 86814.0)	(74.0, 70884.5)	(75.0, 59272.5)	(76.0, 52138.0)	(77.0, 45392.0)	(78.0, 39194.5)	(79.0, 33541.5)	(80.0, 27263.0)	(81.0, 20956.0)	(82.0, 16727.0)	(83.0, 12269.5)	(84.0, 8356.5)	(85.0, 5493.0)	(86.0, 3209.5)	(87.0, 3414.0)	(88.0, 3385.0)	(89.0, 2232.0)	(90.0, 1058.5)	(91.0, 362.5)	(92.0, 146.5)	(93.0, 156.5)	(94.0, 177.0)	(95.0, 268.5)	(96.0, 694.5)	(97.0, 2642.0)	(98.0, 12948.0)	(99.0, 15034.5)	(100.0, 4791.5)
trimmed_trimmomatic | fastqc_results | Plasmid_Ko_P2_S62_L002_R1_unpaired	(0.0, 8.0)	(1.0, 10.0)	(2.0, 12.0)	(3.0, 14.5)	(4.0, 15.5)	(5.0, 17.5)	(6.0, 20.0)	(7.0, 23.0)	(8.0, 34.0)	(9.0, 52.0)	(10.0, 65.5)	(11.0, 74.5)	(12.0, 105.0)	(13.0, 150.0)	(14.0, 214.0)	(15.0, 310.5)	(16.0, 447.5)	(17.0, 674.0)	(18.0, 998.5)	(19.0, 1456.0)	(20.0, 2152.5)	(21.0, 3150.5)	(22.0, 4456.5)	(23.0, 6120.0)	(24.0, 8219.5)	(25.0, 10798.5)	(26.0, 13825.5)	(27.0, 16917.0)	(28.0, 20079.0)	(29.0, 23650.0)	(30.0, 27282.5)	(31.0, 30831.5)	(32.0, 34258.5)	(33.0, 37613.0)	(34.0, 40779.5)	(35.0, 43384.0)	(36.0, 45379.5)	(37.0, 46774.5)	(38.0, 47590.0)	(39.0, 47760.5)	(40.0, 47770.0)	(41.0, 47679.5)	(42.0, 47334.0)	(43.0, 46712.5)	(44.0, 45440.0)	(45.0, 43998.5)	(46.0, 42608.5)	(47.0, 40655.0)	(48.0, 38529.0)	(49.0, 36638.5)	(50.0, 34734.0)	(51.0, 32426.5)	(52.0, 29876.5)	(53.0, 27555.0)	(54.0, 25244.0)	(55.0, 22970.5)	(56.0, 20949.0)	(57.0, 19088.0)	(58.0, 17495.0)	(59.0, 16097.0)	(60.0, 14667.0)	(61.0, 13143.0)	(62.0, 11425.0)	(63.0, 9864.0)	(64.0, 8593.5)	(65.0, 7440.5)	(66.0, 6402.0)	(67.0, 5518.0)	(68.0, 4808.0)	(69.0, 4059.0)	(70.0, 3426.0)	(71.0, 3063.0)	(72.0, 2776.0)	(73.0, 2498.5)	(74.0, 2227.5)	(75.0, 1962.5)	(76.0, 1714.0)	(77.0, 1539.5)	(78.0, 1314.5)	(79.0, 1105.0)	(80.0, 924.5)	(81.0, 712.5)	(82.0, 566.5)	(83.0, 423.0)	(84.0, 286.0)	(85.0, 183.0)	(86.0, 124.0)	(87.0, 132.5)	(88.0, 119.5)	(89.0, 76.0)	(90.0, 40.0)	(91.0, 14.0)	(92.0, 8.5)	(93.0, 10.5)	(94.0, 15.5)	(95.0, 34.5)	(96.0, 124.5)	(97.0, 643.0)	(98.0, 3620.5)	(99.0, 4115.5)	(100.0, 1136.5)
trimmed_trimmomatic | fastqc_results | Plasmid_Ko_P2_S62_L002_R2_paired	(0.0, 799.0)	(1.0, 847.5)	(2.0, 1028.5)	(3.0, 1343.5)	(4.0, 1751.5)	(5.0, 2245.5)	(6.0, 2906.0)	(7.0, 3682.0)	(8.0, 4595.5)	(9.0, 5952.5)	(10.0, 7889.5)	(11.0, 10707.0)	(12.0, 14954.0)	(13.0, 21314.5)	(14.0, 30197.5)	(15.0, 43828.0)	(16.0, 65331.5)	(17.0, 98386.5)	(18.0, 147518.0)	(19.0, 219836.5)	(20.0, 323423.0)	(21.0, 463624.0)	(22.0, 648964.5)	(23.0, 887558.0)	(24.0, 1176938.5)	(25.0, 1520553.0)	(26.0, 1901003.0)	(27.0, 2301550.5)	(28.0, 2723424.5)	(29.0, 3141702.0)	(30.0, 3535014.0)	(31.0, 3904757.5)	(32.0, 4256782.5)	(33.0, 4585265.5)	(34.0, 4863831.5)	(35.0, 5066494.0)	(36.0, 5172146.0)	(37.0, 5171151.5)	(38.0, 5091040.5)	(39.0, 4966917.5)	(40.0, 4827960.5)	(41.0, 4677992.5)	(42.0, 4501460.5)	(43.0, 4300990.5)	(44.0, 4079774.5)	(45.0, 3843649.0)	(46.0, 3601492.5)	(47.0, 3350474.0)	(48.0, 3097045.5)	(49.0, 2841985.0)	(50.0, 2595770.5)	(51.0, 2351594.5)	(52.0, 2100076.5)	(53.0, 1857164.0)	(54.0, 1630593.5)	(55.0, 1434796.0)	(56.0, 1263953.0)	(57.0, 1104439.5)	(58.0, 970689.0)	(59.0, 867883.5)	(60.0, 774832.0)	(61.0, 674361.0)	(62.0, 564993.5)	(63.0, 465723.0)	(64.0, 387040.0)	(65.0, 321966.0)	(66.0, 269793.5)	(67.0, 227708.0)	(68.0, 193255.5)	(69.0, 158754.0)	(70.0, 127407.5)	(71.0, 109827.5)	(72.0, 98571.0)	(73.0, 85481.5)	(74.0, 69441.5)	(75.0, 57836.5)	(76.0, 51126.5)	(77.0, 44481.5)	(78.0, 37923.0)	(79.0, 32307.5)	(80.0, 26222.5)	(81.0, 19960.5)	(82.0, 16041.5)	(83.0, 12127.0)	(84.0, 8526.5)	(85.0, 5693.0)	(86.0, 3345.5)	(87.0, 3445.0)	(88.0, 3409.5)	(89.0, 2544.5)	(90.0, 1757.5)	(91.0, 1422.5)	(92.0, 1501.5)	(93.0, 1867.5)	(94.0, 2401.5)	(95.0, 3288.0)	(96.0, 4879.0)	(97.0, 7900.5)	(98.0, 13207.0)	(99.0, 27966.5)	(100.0, 103854.0)
trimmed_trimmomatic | fastqc_results | Plasmid_Ko_P2_S62_L002_R2_unpaired	(0.0, 0.0)	(1.0, 0.0)	(2.0, 2.5)	(3.0, 5.5)	(4.0, 5.5)	(5.0, 4.0)	(6.0, 6.5)	(7.0, 10.5)	(8.0, 12.0)	(9.0, 17.5)	(10.0, 22.5)	(11.0, 26.5)	(12.0, 33.0)	(13.0, 47.0)	(14.0, 71.0)	(15.0, 97.0)	(16.0, 132.0)	(17.0, 217.5)	(18.0, 328.5)	(19.0, 448.5)	(20.0, 624.0)	(21.0, 891.5)	(22.0, 1245.0)	(23.0, 1660.0)	(24.0, 2194.0)	(25.0, 2863.5)	(26.0, 3660.5)	(27.0, 4558.5)	(28.0, 5369.0)	(29.0, 6191.0)	(30.0, 7065.5)	(31.0, 7956.0)	(32.0, 8873.5)	(33.0, 9668.5)	(34.0, 10332.5)	(35.0, 10904.5)	(36.0, 11288.0)	(37.0, 11519.0)	(38.0, 11512.0)	(39.0, 11427.0)	(40.0, 11304.5)	(41.0, 11185.5)	(42.0, 11100.0)	(43.0, 10723.0)	(44.0, 10383.0)	(45.0, 9938.0)	(46.0, 9519.5)	(47.0, 9235.0)	(48.0, 8786.5)	(49.0, 8163.5)	(50.0, 7664.0)	(51.0, 7306.5)	(52.0, 6799.5)	(53.0, 6249.5)	(54.0, 5679.0)	(55.0, 5155.0)	(56.0, 4770.5)	(57.0, 4406.5)	(58.0, 3995.0)	(59.0, 3749.0)	(60.0, 3448.5)	(61.0, 3000.0)	(62.0, 2548.5)	(63.0, 2142.0)	(64.0, 1853.0)	(65.0, 1581.0)	(66.0, 1314.0)	(67.0, 1108.5)	(68.0, 950.0)	(69.0, 800.5)	(70.0, 681.5)	(71.0, 615.5)	(72.0, 516.5)	(73.0, 410.0)	(74.0, 359.5)	(75.0, 303.0)	(76.0, 252.0)	(77.0, 210.0)	(78.0, 169.0)	(79.0, 144.5)	(80.0, 121.5)	(81.0, 88.5)	(82.0, 63.0)	(83.0, 46.0)	(84.0, 35.0)	(85.0, 24.0)	(86.0, 11.5)	(87.0, 8.5)	(88.0, 11.5)	(89.0, 11.0)	(90.0, 10.0)	(91.0, 10.0)	(92.0, 8.5)	(93.0, 10.0)	(94.0, 13.5)	(95.0, 20.5)	(96.0, 40.0)	(97.0, 79.5)	(98.0, 156.5)	(99.0, 534.5)	(100.0, 4263.5)
trimmed_trimmomatic | fastqc_results | Plasmid_Ko_P3_S63_L002_R1_paired	(0.0, 857.0)	(1.0, 902.5)	(2.0, 1078.5)	(3.0, 1371.0)	(4.0, 1744.5)	(5.0, 2206.5)	(6.0, 2901.0)	(7.0, 3656.0)	(8.0, 4547.0)	(9.0, 5844.5)	(10.0, 7572.5)	(11.0, 10202.0)	(12.0, 14192.5)	(13.0, 19836.0)	(14.0, 27937.5)	(15.0, 40410.5)	(16.0, 59376.5)	(17.0, 88771.5)	(18.0, 133752.0)	(19.0, 198424.0)	(20.0, 289779.5)	(21.0, 415245.0)	(22.0, 582098.5)	(23.0, 794237.5)	(24.0, 1051956.5)	(25.0, 1360047.5)	(26.0, 1699458.0)	(27.0, 2056525.5)	(28.0, 2431858.5)	(29.0, 2805450.5)	(30.0, 3161102.5)	(31.0, 3492919.5)	(32.0, 3808474.5)	(33.0, 4102696.0)	(34.0, 4356595.5)	(35.0, 4547002.5)	(36.0, 4645545.0)	(37.0, 4643728.5)	(38.0, 4567201.0)	(39.0, 4452075.5)	(40.0, 4324845.5)	(41.0, 4190540.0)	(42.0, 4036072.5)	(43.0, 3859015.0)	(44.0, 3662922.0)	(45.0, 3456300.0)	(46.0, 3243139.5)	(47.0, 3018517.0)	(48.0, 2788384.5)	(49.0, 2558295.5)	(50.0, 2337445.5)	(51.0, 2116830.5)	(52.0, 1890540.0)	(53.0, 1673453.0)	(54.0, 1471409.0)	(55.0, 1293655.0)	(56.0, 1138562.0)	(57.0, 994199.0)	(58.0, 872085.5)	(59.0, 779307.5)	(60.0, 695009.0)	(61.0, 603578.0)	(62.0, 504807.5)	(63.0, 416744.5)	(64.0, 347363.0)	(65.0, 289413.5)	(66.0, 242314.0)	(67.0, 204345.0)	(68.0, 173375.5)	(69.0, 142600.0)	(70.0, 115314.5)	(71.0, 99746.5)	(72.0, 88980.5)	(73.0, 76668.5)	(74.0, 62424.0)	(75.0, 52400.5)	(76.0, 46210.0)	(77.0, 39906.5)	(78.0, 34287.5)	(79.0, 29347.0)	(80.0, 23546.5)	(81.0, 17959.0)	(82.0, 14399.5)	(83.0, 10605.0)	(84.0, 7293.5)	(85.0, 4781.0)	(86.0, 2764.0)	(87.0, 3020.5)	(88.0, 3080.0)	(89.0, 2171.5)	(90.0, 1054.5)	(91.0, 355.5)	(92.0, 173.0)	(93.0, 196.0)	(94.0, 230.5)	(95.0, 330.0)	(96.0, 691.5)	(97.0, 2254.0)	(98.0, 9956.0)	(99.0, 10994.0)	(100.0, 3162.5)
trimmed_trimmomatic | fastqc_results | Plasmid_Ko_P3_S63_L002_R1_unpaired	(0.0, 5.0)	(1.0, 9.5)	(2.0, 15.0)	(3.0, 13.0)	(4.0, 14.5)	(5.0, 19.5)	(6.0, 23.0)	(7.0, 32.0)	(8.0, 43.0)	(9.0, 55.0)	(10.0, 65.5)	(11.0, 77.5)	(12.0, 108.5)	(13.0, 162.5)	(14.0, 225.5)	(15.0, 308.5)	(16.0, 431.0)	(17.0, 617.0)	(18.0, 950.0)	(19.0, 1425.5)	(20.0, 2051.0)	(21.0, 2905.5)	(22.0, 4047.0)	(23.0, 5496.0)	(24.0, 7376.0)	(25.0, 9727.5)	(26.0, 12410.0)	(27.0, 15243.0)	(28.0, 18194.0)	(29.0, 21456.5)	(30.0, 24625.0)	(31.0, 27818.5)	(32.0, 30873.5)	(33.0, 33687.5)	(34.0, 36430.5)	(35.0, 38661.5)	(36.0, 40435.0)	(37.0, 41440.0)	(38.0, 41875.5)	(39.0, 42131.0)	(40.0, 42129.0)	(41.0, 41950.5)	(42.0, 41484.0)	(43.0, 40490.0)	(44.0, 39606.5)	(45.0, 38628.0)	(46.0, 37086.5)	(47.0, 35690.5)	(48.0, 34257.5)	(49.0, 32248.5)	(50.0, 30376.0)	(51.0, 28524.0)	(52.0, 26355.5)	(53.0, 24388.5)	(54.0, 22432.0)	(55.0, 20491.0)	(56.0, 18743.5)	(57.0, 17124.5)	(58.0, 15528.5)	(59.0, 14102.0)	(60.0, 12878.0)	(61.0, 11636.0)	(62.0, 10208.0)	(63.0, 8688.5)	(64.0, 7492.5)	(65.0, 6553.0)	(66.0, 5650.0)	(67.0, 4948.0)	(68.0, 4311.5)	(69.0, 3660.0)	(70.0, 3213.5)	(71.0, 2859.5)	(72.0, 2583.0)	(73.0, 2352.0)	(74.0, 2034.0)	(75.0, 1767.0)	(76.0, 1534.5)	(77.0, 1339.5)	(78.0, 1165.5)	(79.0, 988.5)	(80.0, 832.0)	(81.0, 651.5)	(82.0, 473.5)	(83.0, 337.0)	(84.0, 239.5)	(85.0, 169.5)	(86.0, 113.5)	(87.0, 111.5)	(88.0, 103.5)	(89.0, 66.0)	(90.0, 34.0)	(91.0, 15.5)	(92.0, 10.5)	(93.0, 9.5)	(94.0, 18.0)	(95.0, 36.5)	(96.0, 127.0)	(97.0, 532.0)	(98.0, 2634.0)	(99.0, 2877.0)	(100.0, 723.5)
trimmed_trimmomatic | fastqc_results | Plasmid_Ko_P3_S63_L002_R2_paired	(0.0, 748.0)	(1.0, 781.5)	(2.0, 925.0)	(3.0, 1199.5)	(4.0, 1552.5)	(5.0, 2013.0)	(6.0, 2682.0)	(7.0, 3428.5)	(8.0, 4193.5)	(9.0, 5364.5)	(10.0, 7034.0)	(11.0, 9635.0)	(12.0, 13581.0)	(13.0, 19140.0)	(14.0, 27503.0)	(15.0, 39543.0)	(16.0, 57965.0)	(17.0, 87691.0)	(18.0, 132706.0)	(19.0, 197568.0)	(20.0, 289268.0)	(21.0, 414726.5)	(22.0, 580829.5)	(23.0, 792036.0)	(24.0, 1050788.0)	(25.0, 1359634.5)	(26.0, 1698435.5)	(27.0, 2056501.0)	(28.0, 2433670.5)	(29.0, 2807017.0)	(30.0, 3160942.5)	(31.0, 3492529.0)	(32.0, 3808009.5)	(33.0, 4104240.5)	(34.0, 4360833.5)	(35.0, 4549348.0)	(36.0, 4646300.0)	(37.0, 4646205.5)	(38.0, 4572859.5)	(39.0, 4456663.0)	(40.0, 4328073.5)	(41.0, 4194529.5)	(42.0, 4036097.5)	(43.0, 3854818.0)	(44.0, 3658429.5)	(45.0, 3451833.0)	(46.0, 3237368.5)	(47.0, 3011100.5)	(48.0, 2780973.0)	(49.0, 2552489.5)	(50.0, 2331000.0)	(51.0, 2109716.5)	(52.0, 1884138.5)	(53.0, 1667057.0)	(54.0, 1465113.5)	(55.0, 1287255.5)	(56.0, 1132309.0)	(57.0, 987250.5)	(58.0, 865069.0)	(59.0, 773247.0)	(60.0, 688678.5)	(61.0, 597254.5)	(62.0, 500460.5)	(63.0, 414909.5)	(64.0, 346034.5)	(65.0, 288009.0)	(66.0, 240755.5)	(67.0, 202940.5)	(68.0, 172046.0)	(69.0, 141100.5)	(70.0, 114044.0)	(71.0, 98897.5)	(72.0, 88462.0)	(73.0, 76306.5)	(74.0, 61831.0)	(75.0, 51653.0)	(76.0, 45645.5)	(77.0, 39162.5)	(78.0, 33341.0)	(79.0, 28372.0)	(80.0, 22887.0)	(81.0, 17495.5)	(82.0, 13963.5)	(83.0, 10529.5)	(84.0, 7332.0)	(85.0, 4775.0)	(86.0, 2778.5)	(87.0, 2966.5)	(88.0, 2979.0)	(89.0, 2266.5)	(90.0, 1622.5)	(91.0, 1317.0)	(92.0, 1404.5)	(93.0, 1753.0)	(94.0, 2272.5)	(95.0, 3191.0)	(96.0, 4748.5)	(97.0, 7737.0)	(98.0, 12860.0)	(99.0, 25106.5)	(100.0, 91828.0)
trimmed_trimmomatic | fastqc_results | Plasmid_Ko_P3_S63_L002_R2_unpaired	(0.0, 1.0)	(1.0, 1.5)	(2.0, 2.0)	(3.0, 3.5)	(4.0, 6.0)	(5.0, 8.0)	(6.0, 6.5)	(7.0, 6.0)	(8.0, 9.5)	(9.0, 14.0)	(10.0, 19.5)	(11.0, 28.5)	(12.0, 36.0)	(13.0, 52.5)	(14.0, 76.5)	(15.0, 98.5)	(16.0, 144.5)	(17.0, 192.0)	(18.0, 259.0)	(19.0, 397.0)	(20.0, 583.0)	(21.0, 881.0)	(22.0, 1227.0)	(23.0, 1631.5)	(24.0, 2189.0)	(25.0, 2839.5)	(26.0, 3557.0)	(27.0, 4313.0)	(28.0, 5163.0)	(29.0, 6021.5)	(30.0, 6749.5)	(31.0, 7606.0)	(32.0, 8545.5)	(33.0, 9317.0)	(34.0, 10005.5)	(35.0, 10571.0)	(36.0, 10978.0)	(37.0, 11155.5)	(38.0, 11208.5)	(39.0, 11205.0)	(40.0, 11035.0)	(41.0, 10910.5)	(42.0, 10654.0)	(43.0, 10369.5)	(44.0, 10152.5)	(45.0, 9788.0)	(46.0, 9388.5)	(47.0, 9063.0)	(48.0, 8760.5)	(49.0, 8264.0)	(50.0, 7806.5)	(51.0, 7375.5)	(52.0, 6848.5)	(53.0, 6375.0)	(54.0, 5830.5)	(55.0, 5300.0)	(56.0, 4910.5)	(57.0, 4519.5)	(58.0, 4099.0)	(59.0, 3652.0)	(60.0, 3263.5)	(61.0, 2884.0)	(62.0, 2538.0)	(63.0, 2241.0)	(64.0, 1903.5)	(65.0, 1604.0)	(66.0, 1331.0)	(67.0, 1142.5)	(68.0, 981.5)	(69.0, 813.5)	(70.0, 687.5)	(71.0, 580.0)	(72.0, 501.5)	(73.0, 430.0)	(74.0, 370.0)	(75.0, 326.0)	(76.0, 282.5)	(77.0, 235.0)	(78.0, 190.0)	(79.0, 146.0)	(80.0, 107.5)	(81.0, 88.0)	(82.0, 70.5)	(83.0, 44.5)	(84.0, 31.0)	(85.0, 23.0)	(86.0, 15.0)	(87.0, 16.0)	(88.0, 11.5)	(89.0, 6.5)	(90.0, 5.5)	(91.0, 6.0)	(92.0, 6.0)	(93.0, 5.0)	(94.0, 12.5)	(95.0, 21.5)	(96.0, 27.5)	(97.0, 49.5)	(98.0, 117.0)	(99.0, 435.0)	(100.0, 3457.5)
trimmed_trimmomatic | fastqc_results | Plasmid_Ko_P4_S64_L002_R1_paired	(0.0, 905.0)	(1.0, 974.5)	(2.0, 1162.5)	(3.0, 1443.0)	(4.0, 1842.0)	(5.0, 2390.0)	(6.0, 3066.0)	(7.0, 3803.5)	(8.0, 4815.5)	(9.0, 6259.0)	(10.0, 8125.0)	(11.0, 11104.5)	(12.0, 15388.0)	(13.0, 21326.0)	(14.0, 30157.0)	(15.0, 43628.0)	(16.0, 64399.5)	(17.0, 96890.5)	(18.0, 145949.0)	(19.0, 216930.5)	(20.0, 316661.0)	(21.0, 452919.0)	(22.0, 635427.5)	(23.0, 867825.0)	(24.0, 1151571.5)	(25.0, 1488495.5)	(26.0, 1860024.5)	(27.0, 2251708.5)	(28.0, 2661462.0)	(29.0, 3069739.0)	(30.0, 3455887.0)	(31.0, 3818039.5)	(32.0, 4162151.0)	(33.0, 4481839.5)	(34.0, 4758395.5)	(35.0, 4964136.5)	(36.0, 5068017.0)	(37.0, 5067359.0)	(38.0, 4986114.5)	(39.0, 4859661.0)	(40.0, 4721510.0)	(41.0, 4570889.0)	(42.0, 4396023.0)	(43.0, 4200960.0)	(44.0, 3985303.5)	(45.0, 3750292.5)	(46.0, 3507577.0)	(47.0, 3258184.0)	(48.0, 3006576.5)	(49.0, 2756289.0)	(50.0, 2519231.0)	(51.0, 2279777.5)	(52.0, 2032037.0)	(53.0, 1800708.5)	(54.0, 1584079.5)	(55.0, 1391857.5)	(56.0, 1224930.5)	(57.0, 1070324.0)	(58.0, 939768.0)	(59.0, 840583.5)	(60.0, 752295.5)	(61.0, 653843.5)	(62.0, 545381.0)	(63.0, 448422.5)	(64.0, 372407.0)	(65.0, 310666.0)	(66.0, 261131.5)	(67.0, 220491.5)	(68.0, 186923.5)	(69.0, 153818.0)	(70.0, 124187.0)	(71.0, 107201.0)	(72.0, 95218.5)	(73.0, 81605.0)	(74.0, 66179.0)	(75.0, 55599.5)	(76.0, 49067.0)	(77.0, 42711.5)	(78.0, 36783.0)	(79.0, 31144.5)	(80.0, 25373.5)	(81.0, 19656.0)	(82.0, 15605.5)	(83.0, 11467.5)	(84.0, 7913.5)	(85.0, 5151.0)	(86.0, 2969.0)	(87.0, 3280.0)	(88.0, 3360.0)	(89.0, 2322.5)	(90.0, 1144.5)	(91.0, 408.5)	(92.0, 153.5)	(93.0, 148.0)	(94.0, 174.0)	(95.0, 247.0)	(96.0, 594.5)	(97.0, 2337.0)	(98.0, 11771.0)	(99.0, 13436.0)	(100.0, 4003.0)
trimmed_trimmomatic | fastqc_results | Plasmid_Ko_P4_S64_L002_R1_unpaired	(0.0, 8.0)	(1.0, 7.5)	(2.0, 8.0)	(3.0, 9.5)	(4.0, 16.0)	(5.0, 18.5)	(6.0, 22.0)	(7.0, 29.5)	(8.0, 34.0)	(9.0, 43.5)	(10.0, 68.0)	(11.0, 95.0)	(12.0, 115.0)	(13.0, 144.5)	(14.0, 211.0)	(15.0, 321.0)	(16.0, 480.0)	(17.0, 677.5)	(18.0, 953.5)	(19.0, 1429.5)	(20.0, 2116.0)	(21.0, 3060.0)	(22.0, 4291.5)	(23.0, 5913.0)	(24.0, 7919.5)	(25.0, 10259.0)	(26.0, 13026.5)	(27.0, 15979.5)	(28.0, 19130.5)	(29.0, 22454.5)	(30.0, 25839.5)	(31.0, 29300.0)	(32.0, 32321.5)	(33.0, 35426.5)	(34.0, 38522.0)	(35.0, 40807.5)	(36.0, 42540.0)	(37.0, 43837.5)	(38.0, 44659.0)	(39.0, 44862.0)	(40.0, 44834.5)	(41.0, 44680.0)	(42.0, 44290.0)	(43.0, 43606.0)	(44.0, 42369.0)	(45.0, 40971.5)	(46.0, 39480.0)	(47.0, 37767.5)	(48.0, 35803.5)	(49.0, 33916.5)	(50.0, 31910.5)	(51.0, 29631.0)	(52.0, 27653.5)	(53.0, 25533.0)	(54.0, 23464.0)	(55.0, 21589.0)	(56.0, 19485.5)	(57.0, 17664.5)	(58.0, 16277.5)	(59.0, 15059.0)	(60.0, 13611.0)	(61.0, 12075.0)	(62.0, 10566.5)	(63.0, 9054.5)	(64.0, 7824.0)	(65.0, 6754.5)	(66.0, 5861.5)	(67.0, 5105.5)	(68.0, 4436.5)	(69.0, 3735.0)	(70.0, 3199.0)	(71.0, 2891.5)	(72.0, 2649.0)	(73.0, 2441.0)	(74.0, 2144.0)	(75.0, 1887.0)	(76.0, 1692.5)	(77.0, 1483.0)	(78.0, 1284.5)	(79.0, 1097.0)	(80.0, 902.5)	(81.0, 700.0)	(82.0, 533.0)	(83.0, 376.0)	(84.0, 264.0)	(85.0, 180.0)	(86.0, 123.0)	(87.0, 131.0)	(88.0, 121.5)	(89.0, 83.5)	(90.0, 42.0)	(91.0, 16.5)	(92.0, 9.5)	(93.0, 9.5)	(94.0, 8.0)	(95.0, 31.0)	(96.0, 106.0)	(97.0, 504.0)	(98.0, 2934.0)	(99.0, 3292.0)	(100.0, 837.5)
trimmed_trimmomatic | fastqc_results | Plasmid_Ko_P4_S64_L002_R2_paired	(0.0, 717.0)	(1.0, 791.0)	(2.0, 984.5)	(3.0, 1295.5)	(4.0, 1740.5)	(5.0, 2238.5)	(6.0, 2924.5)	(7.0, 3738.0)	(8.0, 4701.0)	(9.0, 6045.0)	(10.0, 7907.0)	(11.0, 10664.0)	(12.0, 14700.5)	(13.0, 20781.5)	(14.0, 29710.5)	(15.0, 43086.5)	(16.0, 63725.5)	(17.0, 96346.5)	(18.0, 145253.0)	(19.0, 216469.5)	(20.0, 317055.0)	(21.0, 453427.5)	(22.0, 635749.5)	(23.0, 870312.0)	(24.0, 1155066.5)	(25.0, 1491170.0)	(26.0, 1864108.5)	(27.0, 2259319.0)	(28.0, 2672471.5)	(29.0, 3080242.0)	(30.0, 3464559.5)	(31.0, 3828547.5)	(32.0, 4174532.5)	(33.0, 4495152.5)	(34.0, 4772324.5)	(35.0, 4973833.5)	(36.0, 5075006.0)	(37.0, 5070665.0)	(38.0, 4985920.0)	(39.0, 4860018.0)	(40.0, 4719524.5)	(41.0, 4569141.0)	(42.0, 4393755.5)	(43.0, 4192739.5)	(44.0, 3974089.5)	(45.0, 3738626.0)	(46.0, 3495833.0)	(47.0, 3247458.0)	(48.0, 2994200.0)	(49.0, 2744405.5)	(50.0, 2506435.0)	(51.0, 2267152.5)	(52.0, 2020825.0)	(53.0, 1786329.0)	(54.0, 1569574.0)	(55.0, 1380145.5)	(56.0, 1215425.0)	(57.0, 1061436.0)	(58.0, 931970.5)	(59.0, 833185.0)	(60.0, 744227.5)	(61.0, 646795.0)	(62.0, 540771.5)	(63.0, 445723.0)	(64.0, 370455.5)	(65.0, 308419.5)	(66.0, 258263.0)	(67.0, 217636.0)	(68.0, 184737.5)	(69.0, 151884.0)	(70.0, 122028.0)	(71.0, 105264.0)	(72.0, 94120.0)	(73.0, 81357.0)	(74.0, 65968.0)	(75.0, 55009.0)	(76.0, 48643.0)	(77.0, 42159.0)	(78.0, 36232.0)	(79.0, 30899.5)	(80.0, 25084.5)	(81.0, 19243.0)	(82.0, 15202.5)	(83.0, 11280.5)	(84.0, 7847.0)	(85.0, 5116.5)	(86.0, 2877.0)	(87.0, 2993.5)	(88.0, 3025.0)	(89.0, 2232.5)	(90.0, 1453.0)	(91.0, 1101.5)	(92.0, 1147.0)	(93.0, 1412.5)	(94.0, 1792.5)	(95.0, 2589.0)	(96.0, 3989.0)	(97.0, 6694.5)	(98.0, 11636.5)	(99.0, 26251.5)	(100.0, 97010.5)
trimmed_trimmomatic | fastqc_results | Plasmid_Ko_P4_S64_L002_R2_unpaired	(0.0, 3.0)	(1.0, 2.0)	(2.0, 4.0)	(3.0, 6.5)	(4.0, 5.0)	(5.0, 8.0)	(6.0, 10.5)	(7.0, 10.5)	(8.0, 12.0)	(9.0, 15.5)	(10.0, 21.0)	(11.0, 23.5)	(12.0, 31.0)	(13.0, 50.0)	(14.0, 71.0)	(15.0, 95.5)	(16.0, 144.5)	(17.0, 210.5)	(18.0, 296.0)	(19.0, 434.0)	(20.0, 635.5)	(21.0, 862.5)	(22.0, 1225.5)	(23.0, 1707.5)	(24.0, 2295.0)	(25.0, 2978.5)	(26.0, 3742.5)	(27.0, 4657.0)	(28.0, 5547.5)	(29.0, 6447.0)	(30.0, 7366.0)	(31.0, 8186.5)	(32.0, 9065.0)	(33.0, 10010.5)	(34.0, 10769.0)	(35.0, 11320.0)	(36.0, 11831.0)	(37.0, 12141.5)	(38.0, 12211.5)	(39.0, 12107.5)	(40.0, 11978.0)	(41.0, 11806.5)	(42.0, 11476.5)	(43.0, 11239.5)	(44.0, 10962.0)	(45.0, 10464.5)	(46.0, 9952.5)	(47.0, 9537.5)	(48.0, 9132.5)	(49.0, 8661.0)	(50.0, 8177.0)	(51.0, 7667.0)	(52.0, 7019.5)	(53.0, 6445.0)	(54.0, 6057.5)	(55.0, 5488.0)	(56.0, 4960.5)	(57.0, 4599.5)	(58.0, 4273.0)	(59.0, 3995.5)	(60.0, 3542.5)	(61.0, 3046.5)	(62.0, 2666.0)	(63.0, 2344.5)	(64.0, 1983.0)	(65.0, 1653.0)	(66.0, 1376.5)	(67.0, 1184.5)	(68.0, 1000.0)	(69.0, 801.5)	(70.0, 689.0)	(71.0, 590.0)	(72.0, 511.0)	(73.0, 435.0)	(74.0, 346.0)	(75.0, 296.0)	(76.0, 260.0)	(77.0, 214.0)	(78.0, 167.0)	(79.0, 132.5)	(80.0, 105.5)	(81.0, 82.0)	(82.0, 66.0)	(83.0, 48.5)	(84.0, 32.0)	(85.0, 21.5)	(86.0, 15.5)	(87.0, 16.0)	(88.0, 14.5)	(89.0, 8.0)	(90.0, 6.0)	(91.0, 6.5)	(92.0, 8.0)	(93.0, 10.0)	(94.0, 16.5)	(95.0, 23.0)	(96.0, 34.0)	(97.0, 84.5)	(98.0, 198.0)	(99.0, 733.5)	(100.0, 4948.0)
trimmed_trimmomatic | fastqc_results | RNP_Cas1_S65_L002_R1_paired	(0.0, 1241.0)	(1.0, 1261.0)	(2.0, 1438.0)	(3.0, 1831.0)	(4.0, 2394.5)	(5.0, 3160.0)	(6.0, 4053.0)	(7.0, 5051.0)	(8.0, 6408.5)	(9.0, 8250.0)	(10.0, 10876.5)	(11.0, 14660.0)	(12.0, 20215.0)	(13.0, 28216.5)	(14.0, 39727.5)	(15.0, 57139.5)	(16.0, 83781.5)	(17.0, 126460.5)	(18.0, 190444.0)	(19.0, 282536.0)	(20.0, 412692.5)	(21.0, 591381.5)	(22.0, 829856.5)	(23.0, 1133477.5)	(24.0, 1502487.5)	(25.0, 1942088.0)	(26.0, 2426662.0)	(27.0, 2939684.5)	(28.0, 3476752.5)	(29.0, 4009586.5)	(30.0, 4514404.0)	(31.0, 4986511.5)	(32.0, 5431419.0)	(33.0, 5842756.0)	(34.0, 6195955.5)	(35.0, 6452116.5)	(36.0, 6584387.5)	(37.0, 6585859.0)	(38.0, 6489052.5)	(39.0, 6336764.5)	(40.0, 6164691.5)	(41.0, 5977141.5)	(42.0, 5752959.0)	(43.0, 5494980.0)	(44.0, 5210347.0)	(45.0, 4904670.0)	(46.0, 4589093.0)	(47.0, 4260500.0)	(48.0, 3924739.5)	(49.0, 3595596.5)	(50.0, 3283434.0)	(51.0, 2973503.5)	(52.0, 2655135.5)	(53.0, 2349709.0)	(54.0, 2068381.5)	(55.0, 1821954.0)	(56.0, 1606690.0)	(57.0, 1407036.0)	(58.0, 1240118.5)	(59.0, 1111670.0)	(60.0, 993240.0)	(61.0, 862976.0)	(62.0, 721571.0)	(63.0, 596524.5)	(64.0, 498284.5)	(65.0, 415019.0)	(66.0, 347734.5)	(67.0, 294311.0)	(68.0, 250882.5)	(69.0, 206901.5)	(70.0, 166947.5)	(71.0, 145213.0)	(72.0, 130703.0)	(73.0, 114034.5)	(74.0, 93506.0)	(75.0, 78558.5)	(76.0, 69537.0)	(77.0, 60369.5)	(78.0, 52061.0)	(79.0, 44992.0)	(80.0, 36801.5)	(81.0, 28024.0)	(82.0, 22135.5)	(83.0, 16540.0)	(84.0, 11679.0)	(85.0, 7453.5)	(86.0, 4108.0)	(87.0, 4546.5)	(88.0, 4697.0)	(89.0, 3314.5)	(90.0, 1674.0)	(91.0, 561.5)	(92.0, 221.0)	(93.0, 252.0)	(94.0, 336.5)	(95.0, 573.5)	(96.0, 1525.0)	(97.0, 5773.0)	(98.0, 28905.5)	(99.0, 33397.0)	(100.0, 10351.5)
trimmed_trimmomatic | fastqc_results | RNP_Cas1_S65_L002_R1_unpaired	(0.0, 8.0)	(1.0, 10.0)	(2.0, 13.0)	(3.0, 17.0)	(4.0, 21.0)	(5.0, 24.5)	(6.0, 32.5)	(7.0, 42.0)	(8.0, 44.0)	(9.0, 56.5)	(10.0, 90.5)	(11.0, 121.5)	(12.0, 143.5)	(13.0, 197.0)	(14.0, 298.0)	(15.0, 435.5)	(16.0, 630.0)	(17.0, 909.0)	(18.0, 1357.5)	(19.0, 2058.0)	(20.0, 3023.0)	(21.0, 4223.0)	(22.0, 5962.5)	(23.0, 8271.5)	(24.0, 10940.5)	(25.0, 14285.5)	(26.0, 18063.0)	(27.0, 21966.5)	(28.0, 26407.0)	(29.0, 31140.5)	(30.0, 35725.0)	(31.0, 40118.5)	(32.0, 44187.0)	(33.0, 48393.0)	(34.0, 52020.0)	(35.0, 54624.5)	(36.0, 57171.0)	(37.0, 58856.5)	(38.0, 59481.5)	(39.0, 59413.0)	(40.0, 59244.0)	(41.0, 59090.5)	(42.0, 58407.0)	(43.0, 57440.5)	(44.0, 55791.0)	(45.0, 53857.0)	(46.0, 51960.5)	(47.0, 49728.0)	(48.0, 47104.0)	(49.0, 44319.0)	(50.0, 41918.5)	(51.0, 39410.5)	(52.0, 36353.5)	(53.0, 33335.0)	(54.0, 30604.5)	(55.0, 28039.5)	(56.0, 25714.5)	(57.0, 23648.5)	(58.0, 21806.5)	(59.0, 20047.5)	(60.0, 18267.0)	(61.0, 16317.5)	(62.0, 14265.0)	(63.0, 12439.5)	(64.0, 10774.0)	(65.0, 9239.5)	(66.0, 7977.0)	(67.0, 7012.5)	(68.0, 6107.5)	(69.0, 5193.0)	(70.0, 4491.5)	(71.0, 4068.5)	(72.0, 3751.0)	(73.0, 3427.5)	(74.0, 3031.0)	(75.0, 2595.5)	(76.0, 2309.5)	(77.0, 2057.5)	(78.0, 1758.0)	(79.0, 1500.0)	(80.0, 1248.5)	(81.0, 994.0)	(82.0, 758.0)	(83.0, 548.0)	(84.0, 366.0)	(85.0, 228.5)	(86.0, 146.0)	(87.0, 152.5)	(88.0, 144.5)	(89.0, 91.5)	(90.0, 43.5)	(91.0, 19.0)	(92.0, 12.5)	(93.0, 18.0)	(94.0, 31.5)	(95.0, 100.5)	(96.0, 357.0)	(97.0, 1702.0)	(98.0, 9565.5)	(99.0, 10912.5)	(100.0, 3060.5)
trimmed_trimmomatic | fastqc_results | RNP_Cas1_S65_L002_R2_paired	(0.0, 1074.0)	(1.0, 1140.5)	(2.0, 1338.5)	(3.0, 1710.5)	(4.0, 2233.0)	(5.0, 2911.0)	(6.0, 3835.0)	(7.0, 4813.5)	(8.0, 6053.5)	(9.0, 7929.5)	(10.0, 10445.5)	(11.0, 14023.0)	(12.0, 19334.5)	(13.0, 27373.0)	(14.0, 39173.0)	(15.0, 56562.5)	(16.0, 83982.0)	(17.0, 126569.5)	(18.0, 190507.5)	(19.0, 283547.0)	(20.0, 414239.0)	(21.0, 593880.5)	(22.0, 832928.0)	(23.0, 1137012.0)	(24.0, 1506983.0)	(25.0, 1948182.0)	(26.0, 2434799.0)	(27.0, 2947206.5)	(28.0, 3485434.0)	(29.0, 4018543.5)	(30.0, 4521312.0)	(31.0, 4993500.5)	(32.0, 5439355.5)	(33.0, 5849029.0)	(34.0, 6200209.5)	(35.0, 6456580.0)	(36.0, 6585860.5)	(37.0, 6582284.5)	(38.0, 6484157.5)	(39.0, 6334685.0)	(40.0, 6159424.0)	(41.0, 5969237.0)	(42.0, 5743928.5)	(43.0, 5484095.0)	(44.0, 5198262.0)	(45.0, 4889704.5)	(46.0, 4572352.5)	(47.0, 4243597.0)	(48.0, 3911317.5)	(49.0, 3582545.5)	(50.0, 3270732.0)	(51.0, 2961376.5)	(52.0, 2643120.5)	(53.0, 2339082.5)	(54.0, 2056795.5)	(55.0, 1810915.5)	(56.0, 1598088.5)	(57.0, 1399173.0)	(58.0, 1230129.0)	(59.0, 1100661.0)	(60.0, 981156.5)	(61.0, 853979.0)	(62.0, 717783.5)	(63.0, 592418.5)	(64.0, 493824.5)	(65.0, 411734.5)	(66.0, 345228.0)	(67.0, 293014.5)	(68.0, 249719.0)	(69.0, 204966.5)	(70.0, 165635.0)	(71.0, 144603.0)	(72.0, 130307.5)	(73.0, 113802.5)	(74.0, 93221.0)	(75.0, 77701.5)	(76.0, 68635.5)	(77.0, 59565.5)	(78.0, 51107.5)	(79.0, 43766.5)	(80.0, 35685.5)	(81.0, 27404.0)	(82.0, 21752.5)	(83.0, 16515.0)	(84.0, 11782.0)	(85.0, 7727.5)	(86.0, 4437.5)	(87.0, 4695.0)	(88.0, 4742.0)	(89.0, 3674.5)	(90.0, 2660.0)	(91.0, 2181.0)	(92.0, 2351.5)	(93.0, 2893.5)	(94.0, 3847.0)	(95.0, 5596.5)	(96.0, 8457.0)	(97.0, 13597.0)	(98.0, 22349.0)	(99.0, 42477.5)	(100.0, 157474.0)
trimmed_trimmomatic | fastqc_results | RNP_Cas1_S65_L002_R2_unpaired	(0.0, 2.0)	(1.0, 1.5)	(2.0, 3.0)	(3.0, 8.5)	(4.0, 8.5)	(5.0, 8.5)	(6.0, 11.0)	(7.0, 18.0)	(8.0, 24.0)	(9.0, 24.0)	(10.0, 28.0)	(11.0, 37.0)	(12.0, 57.5)	(13.0, 84.5)	(14.0, 99.0)	(15.0, 128.0)	(16.0, 188.5)	(17.0, 274.0)	(18.0, 390.5)	(19.0, 582.5)	(20.0, 869.0)	(21.0, 1209.0)	(22.0, 1625.5)	(23.0, 2156.5)	(24.0, 2882.0)	(25.0, 3735.0)	(26.0, 4700.5)	(27.0, 5803.5)	(28.0, 6937.0)	(29.0, 8093.5)	(30.0, 9280.5)	(31.0, 10491.5)	(32.0, 11572.0)	(33.0, 12495.5)	(34.0, 13354.5)	(35.0, 14281.5)	(36.0, 14884.0)	(37.0, 15041.5)	(38.0, 15088.0)	(39.0, 15045.0)	(40.0, 14919.0)	(41.0, 14552.5)	(42.0, 14146.5)	(43.0, 13910.0)	(44.0, 13433.5)	(45.0, 12772.0)	(46.0, 12229.0)	(47.0, 11737.5)	(48.0, 11251.5)	(49.0, 10560.5)	(50.0, 9863.0)	(51.0, 9273.0)	(52.0, 8534.0)	(53.0, 7828.0)	(54.0, 7298.5)	(55.0, 6697.0)	(56.0, 6142.0)	(57.0, 5798.5)	(58.0, 5335.0)	(59.0, 4806.0)	(60.0, 4353.0)	(61.0, 3901.0)	(62.0, 3444.0)	(63.0, 2941.0)	(64.0, 2495.0)	(65.0, 2106.5)	(66.0, 1775.0)	(67.0, 1506.0)	(68.0, 1274.5)	(69.0, 1075.0)	(70.0, 906.5)	(71.0, 785.5)	(72.0, 682.5)	(73.0, 600.0)	(74.0, 522.5)	(75.0, 417.0)	(76.0, 335.5)	(77.0, 289.0)	(78.0, 236.5)	(79.0, 179.5)	(80.0, 130.0)	(81.0, 106.0)	(82.0, 88.5)	(83.0, 67.5)	(84.0, 46.5)	(85.0, 28.0)	(86.0, 20.0)	(87.0, 19.0)	(88.0, 17.0)	(89.0, 14.0)	(90.0, 16.0)	(91.0, 21.0)	(92.0, 21.0)	(93.0, 22.5)	(94.0, 30.0)	(95.0, 42.0)	(96.0, 63.0)	(97.0, 116.0)	(98.0, 228.0)	(99.0, 779.5)	(100.0, 7784.0)
trimmed_trimmomatic | fastqc_results | RNP_Cas2_S66_L002_R1_paired	(0.0, 1081.0)	(1.0, 1136.0)	(2.0, 1304.5)	(3.0, 1659.0)	(4.0, 2187.0)	(5.0, 2800.5)	(6.0, 3521.0)	(7.0, 4466.5)	(8.0, 5741.0)	(9.0, 7481.5)	(10.0, 9636.0)	(11.0, 12896.5)	(12.0, 18122.0)	(13.0, 25446.0)	(14.0, 35816.0)	(15.0, 51623.0)	(16.0, 75913.5)	(17.0, 114199.0)	(18.0, 172450.0)	(19.0, 256688.5)	(20.0, 375449.5)	(21.0, 538108.5)	(22.0, 754788.0)	(23.0, 1031495.5)	(24.0, 1368685.5)	(25.0, 1769927.0)	(26.0, 2211707.0)	(27.0, 2679057.5)	(28.0, 3169985.0)	(29.0, 3655235.5)	(30.0, 4115776.0)	(31.0, 4549090.0)	(32.0, 4964623.0)	(33.0, 5354429.5)	(34.0, 5693309.5)	(35.0, 5948845.0)	(36.0, 6079224.5)	(37.0, 6073039.5)	(38.0, 5967324.5)	(39.0, 5808177.5)	(40.0, 5638756.0)	(41.0, 5466174.0)	(42.0, 5262626.5)	(43.0, 5030454.5)	(44.0, 4777127.5)	(45.0, 4506270.5)	(46.0, 4227026.5)	(47.0, 3938918.5)	(48.0, 3643410.0)	(49.0, 3347255.5)	(50.0, 3061208.5)	(51.0, 2770061.5)	(52.0, 2473098.5)	(53.0, 2189504.0)	(54.0, 1925302.5)	(55.0, 1689915.5)	(56.0, 1483012.5)	(57.0, 1294526.5)	(58.0, 1136064.5)	(59.0, 1014247.5)	(60.0, 903243.5)	(61.0, 784038.5)	(62.0, 657420.0)	(63.0, 543275.0)	(64.0, 451953.0)	(65.0, 376525.5)	(66.0, 315159.0)	(67.0, 265136.5)	(68.0, 223804.0)	(69.0, 183407.0)	(70.0, 147325.0)	(71.0, 126306.5)	(72.0, 112101.5)	(73.0, 96190.5)	(74.0, 78067.0)	(75.0, 65459.5)	(76.0, 57655.0)	(77.0, 49864.5)	(78.0, 42800.0)	(79.0, 36775.0)	(80.0, 30018.0)	(81.0, 22896.5)	(82.0, 17928.0)	(83.0, 13163.5)	(84.0, 9102.5)	(85.0, 5904.5)	(86.0, 3341.5)	(87.0, 3593.5)	(88.0, 3681.5)	(89.0, 2678.5)	(90.0, 1400.0)	(91.0, 502.5)	(92.0, 216.0)	(93.0, 227.0)	(94.0, 294.5)	(95.0, 497.5)	(96.0, 1274.5)	(97.0, 4349.0)	(98.0, 18501.5)	(99.0, 20533.5)	(100.0, 6126.0)
trimmed_trimmomatic | fastqc_results | RNP_Cas2_S66_L002_R1_unpaired	(0.0, 9.0)	(1.0, 9.0)	(2.0, 12.0)	(3.0, 17.5)	(4.0, 15.5)	(5.0, 15.0)	(6.0, 23.5)	(7.0, 31.0)	(8.0, 41.0)	(9.0, 56.0)	(10.0, 67.0)	(11.0, 92.0)	(12.0, 134.5)	(13.0, 179.0)	(14.0, 238.0)	(15.0, 346.0)	(16.0, 521.0)	(17.0, 791.5)	(18.0, 1169.0)	(19.0, 1707.5)	(20.0, 2557.0)	(21.0, 3699.0)	(22.0, 5159.0)	(23.0, 6947.5)	(24.0, 9217.5)	(25.0, 12197.0)	(26.0, 15498.5)	(27.0, 18988.0)	(28.0, 22766.5)	(29.0, 26830.5)	(30.0, 30808.0)	(31.0, 34610.0)	(32.0, 38586.5)	(33.0, 42378.0)	(34.0, 45504.0)	(35.0, 48608.5)	(36.0, 50974.5)	(37.0, 52194.5)	(38.0, 52939.5)	(39.0, 53220.0)	(40.0, 53595.0)	(41.0, 53220.5)	(42.0, 52291.0)	(43.0, 51573.5)	(44.0, 50508.5)	(45.0, 48953.5)	(46.0, 47115.5)	(47.0, 45089.0)	(48.0, 43121.5)	(49.0, 41043.0)	(50.0, 38635.0)	(51.0, 36177.0)	(52.0, 33630.5)	(53.0, 30869.0)	(54.0, 28040.5)	(55.0, 25498.5)	(56.0, 23332.5)	(57.0, 21233.5)	(58.0, 19308.5)	(59.0, 17657.0)	(60.0, 15990.5)	(61.0, 14189.0)	(62.0, 12479.5)	(63.0, 10907.5)	(64.0, 9320.5)	(65.0, 7932.5)	(66.0, 6818.0)	(67.0, 5977.0)	(68.0, 5260.5)	(69.0, 4469.0)	(70.0, 3730.0)	(71.0, 3238.5)	(72.0, 2939.5)	(73.0, 2654.5)	(74.0, 2280.0)	(75.0, 1959.5)	(76.0, 1771.0)	(77.0, 1600.5)	(78.0, 1373.5)	(79.0, 1117.0)	(80.0, 905.5)	(81.0, 724.0)	(82.0, 558.0)	(83.0, 372.5)	(84.0, 235.0)	(85.0, 160.5)	(86.0, 114.0)	(87.0, 110.0)	(88.0, 99.5)	(89.0, 78.5)	(90.0, 46.0)	(91.0, 20.0)	(92.0, 12.5)	(93.0, 19.0)	(94.0, 29.0)	(95.0, 57.0)	(96.0, 230.0)	(97.0, 1062.0)	(98.0, 5073.0)	(99.0, 5538.0)	(100.0, 1462.0)
trimmed_trimmomatic | fastqc_results | RNP_Cas2_S66_L002_R2_paired	(0.0, 918.0)	(1.0, 976.5)	(2.0, 1169.5)	(3.0, 1519.5)	(4.0, 1979.5)	(5.0, 2563.5)	(6.0, 3392.5)	(7.0, 4336.0)	(8.0, 5391.5)	(9.0, 7023.0)	(10.0, 9248.0)	(11.0, 12554.5)	(12.0, 17663.0)	(13.0, 24893.0)	(14.0, 35313.5)	(15.0, 51319.5)	(16.0, 75882.0)	(17.0, 114206.0)	(18.0, 172375.5)	(19.0, 256949.5)	(20.0, 376123.0)	(21.0, 539270.5)	(22.0, 755244.0)	(23.0, 1031710.5)	(24.0, 1371206.0)	(25.0, 1774759.0)	(26.0, 2216661.5)	(27.0, 2684064.0)	(28.0, 3175954.0)	(29.0, 3662400.0)	(30.0, 4124684.5)	(31.0, 4559017.0)	(32.0, 4972430.0)	(33.0, 5362535.0)	(34.0, 5703436.0)	(35.0, 5957773.5)	(36.0, 6082084.0)	(37.0, 6071547.0)	(38.0, 5967568.0)	(39.0, 5808792.0)	(40.0, 5638102.5)	(41.0, 5459615.0)	(42.0, 5250461.5)	(43.0, 5016010.0)	(44.0, 4761965.0)	(45.0, 4492920.5)	(46.0, 4214170.5)	(47.0, 3920610.0)	(48.0, 3623934.5)	(49.0, 3329772.0)	(50.0, 3041855.0)	(51.0, 2754194.0)	(52.0, 2461075.5)	(53.0, 2177235.0)	(54.0, 1912262.0)	(55.0, 1678733.0)	(56.0, 1475466.5)	(57.0, 1286727.0)	(58.0, 1128473.0)	(59.0, 1007673.0)	(60.0, 894592.5)	(61.0, 774614.5)	(62.0, 649880.0)	(63.0, 538731.5)	(64.0, 449802.5)	(65.0, 374949.0)	(66.0, 313113.5)	(67.0, 263651.5)	(68.0, 222484.0)	(69.0, 181501.5)	(70.0, 145466.0)	(71.0, 125060.0)	(72.0, 111814.5)	(73.0, 96476.5)	(74.0, 78045.5)	(75.0, 64878.0)	(76.0, 56959.5)	(77.0, 49102.0)	(78.0, 42034.5)	(79.0, 35762.0)	(80.0, 28881.5)	(81.0, 22227.0)	(82.0, 17725.5)	(83.0, 13272.5)	(84.0, 9392.0)	(85.0, 6181.5)	(86.0, 3571.0)	(87.0, 3752.5)	(88.0, 3753.0)	(89.0, 2947.0)	(90.0, 2255.5)	(91.0, 1968.5)	(92.0, 2136.0)	(93.0, 2645.5)	(94.0, 3480.0)	(95.0, 4957.0)	(96.0, 7311.0)	(97.0, 11701.5)	(98.0, 19333.0)	(99.0, 38215.5)	(100.0, 144053.5)
trimmed_trimmomatic | fastqc_results | RNP_Cas2_S66_L002_R2_unpaired	(0.0, 7.0)	(1.0, 6.5)	(2.0, 5.0)	(3.0, 4.0)	(4.0, 3.0)	(5.0, 6.0)	(6.0, 12.0)	(7.0, 13.5)	(8.0, 16.0)	(9.0, 21.5)	(10.0, 25.5)	(11.0, 36.0)	(12.0, 48.5)	(13.0, 53.5)	(14.0, 78.0)	(15.0, 125.0)	(16.0, 183.5)	(17.0, 238.0)	(18.0, 344.0)	(19.0, 515.5)	(20.0, 746.0)	(21.0, 1053.0)	(22.0, 1461.5)	(23.0, 1990.5)	(24.0, 2629.5)	(25.0, 3423.0)	(26.0, 4268.0)	(27.0, 5130.0)	(28.0, 6171.0)	(29.0, 7300.0)	(30.0, 8362.5)	(31.0, 9389.0)	(32.0, 10346.0)	(33.0, 11271.5)	(34.0, 12329.5)	(35.0, 13126.5)	(36.0, 13536.5)	(37.0, 13801.0)	(38.0, 13764.5)	(39.0, 13674.5)	(40.0, 13467.5)	(41.0, 13264.5)	(42.0, 13183.0)	(43.0, 12846.0)	(44.0, 12301.0)	(45.0, 11945.0)	(46.0, 11520.0)	(47.0, 10941.5)	(48.0, 10528.5)	(49.0, 10069.0)	(50.0, 9453.5)	(51.0, 8741.0)	(52.0, 8057.5)	(53.0, 7401.5)	(54.0, 6854.5)	(55.0, 6297.5)	(56.0, 5693.0)	(57.0, 5158.5)	(58.0, 4787.5)	(59.0, 4466.5)	(60.0, 4041.5)	(61.0, 3575.5)	(62.0, 3101.5)	(63.0, 2669.5)	(64.0, 2283.5)	(65.0, 1970.0)	(66.0, 1604.0)	(67.0, 1293.0)	(68.0, 1151.5)	(69.0, 997.5)	(70.0, 844.5)	(71.0, 732.0)	(72.0, 619.5)	(73.0, 510.5)	(74.0, 435.0)	(75.0, 367.5)	(76.0, 306.0)	(77.0, 261.0)	(78.0, 220.5)	(79.0, 177.0)	(80.0, 134.0)	(81.0, 94.5)	(82.0, 72.5)	(83.0, 60.5)	(84.0, 40.0)	(85.0, 21.0)	(86.0, 12.5)	(87.0, 17.5)	(88.0, 17.0)	(89.0, 12.0)	(90.0, 9.5)	(91.0, 8.0)	(92.0, 12.5)	(93.0, 17.0)	(94.0, 19.5)	(95.0, 37.0)	(96.0, 56.5)	(97.0, 89.0)	(98.0, 192.0)	(99.0, 621.0)	(100.0, 5695.5)
trimmed_trimmomatic | fastqc_results | RNP_Cas3_S67_L002_R1_paired	(0.0, 1324.0)	(1.0, 1356.5)	(2.0, 1600.0)	(3.0, 2063.5)	(4.0, 2616.0)	(5.0, 3358.0)	(6.0, 4360.5)	(7.0, 5505.5)	(8.0, 7019.0)	(9.0, 8973.0)	(10.0, 11736.0)	(11.0, 15863.0)	(12.0, 21960.0)	(13.0, 30937.5)	(14.0, 43827.5)	(15.0, 63289.0)	(16.0, 93364.0)	(17.0, 140154.5)	(18.0, 210864.0)	(19.0, 314235.0)	(20.0, 460517.5)	(21.0, 660425.0)	(22.0, 925715.0)	(23.0, 1264960.5)	(24.0, 1681519.5)	(25.0, 2175659.0)	(26.0, 2719455.0)	(27.0, 3294015.5)	(28.0, 3896240.0)	(29.0, 4498135.5)	(30.0, 5072484.5)	(31.0, 5609606.0)	(32.0, 6121868.5)	(33.0, 6604120.0)	(34.0, 7020909.0)	(35.0, 7331580.5)	(36.0, 7492302.0)	(37.0, 7493408.0)	(38.0, 7372949.0)	(39.0, 7186474.0)	(40.0, 6986031.5)	(41.0, 6767591.5)	(42.0, 6512787.5)	(43.0, 6225032.0)	(44.0, 5909662.0)	(45.0, 5570260.0)	(46.0, 5217156.5)	(47.0, 4851219.0)	(48.0, 4477306.5)	(49.0, 4107826.5)	(50.0, 3754295.5)	(51.0, 3398294.5)	(52.0, 3031760.0)	(53.0, 2684905.5)	(54.0, 2364727.0)	(55.0, 2079513.0)	(56.0, 1828208.0)	(57.0, 1598734.0)	(58.0, 1402246.0)	(59.0, 1249772.5)	(60.0, 1114389.5)	(61.0, 966674.0)	(62.0, 807428.0)	(63.0, 665759.0)	(64.0, 554738.0)	(65.0, 462115.5)	(66.0, 385675.0)	(67.0, 323779.0)	(68.0, 272218.0)	(69.0, 222110.5)	(70.0, 178991.0)	(71.0, 153532.0)	(72.0, 135324.5)	(73.0, 116036.0)	(74.0, 94451.0)	(75.0, 78929.0)	(76.0, 68391.5)	(77.0, 58375.5)	(78.0, 50313.5)	(79.0, 42833.5)	(80.0, 34342.0)	(81.0, 26204.0)	(82.0, 20844.0)	(83.0, 15579.5)	(84.0, 10771.0)	(85.0, 6895.5)	(86.0, 3993.0)	(87.0, 4395.5)	(88.0, 4488.5)	(89.0, 3103.0)	(90.0, 1472.0)	(91.0, 521.5)	(92.0, 256.5)	(93.0, 263.0)	(94.0, 309.0)	(95.0, 492.0)	(96.0, 1254.0)	(97.0, 4739.0)	(98.0, 22652.5)	(99.0, 26117.0)	(100.0, 8272.0)
trimmed_trimmomatic | fastqc_results | RNP_Cas3_S67_L002_R1_unpaired	(0.0, 10.0)	(1.0, 8.5)	(2.0, 8.5)	(3.0, 11.5)	(4.0, 14.5)	(5.0, 21.0)	(6.0, 36.0)	(7.0, 43.5)	(8.0, 45.0)	(9.0, 59.0)	(10.0, 76.5)	(11.0, 104.5)	(12.0, 136.0)	(13.0, 193.5)	(14.0, 282.0)	(15.0, 400.5)	(16.0, 599.0)	(17.0, 876.0)	(18.0, 1292.5)	(19.0, 1891.0)	(20.0, 2759.5)	(21.0, 4050.5)	(22.0, 5666.5)	(23.0, 7650.5)	(24.0, 10293.5)	(25.0, 13597.5)	(26.0, 17180.0)	(27.0, 20994.0)	(28.0, 25259.5)	(29.0, 29593.5)	(30.0, 33900.5)	(31.0, 38366.0)	(32.0, 42839.5)	(33.0, 47019.0)	(34.0, 50700.5)	(35.0, 53938.0)	(36.0, 56678.5)	(37.0, 58638.5)	(38.0, 59607.0)	(39.0, 59998.0)	(40.0, 60155.5)	(41.0, 60019.5)	(42.0, 59401.0)	(43.0, 58507.5)	(44.0, 57324.0)	(45.0, 55668.0)	(46.0, 53776.0)	(47.0, 51647.5)	(48.0, 49166.5)	(49.0, 46534.0)	(50.0, 43964.0)	(51.0, 41412.5)	(52.0, 38528.0)	(53.0, 35428.0)	(54.0, 32594.5)	(55.0, 29755.0)	(56.0, 27027.5)	(57.0, 24738.5)	(58.0, 22632.5)	(59.0, 20683.0)	(60.0, 18796.0)	(61.0, 16711.0)	(62.0, 14635.0)	(63.0, 12762.0)	(64.0, 11040.5)	(65.0, 9439.5)	(66.0, 8104.0)	(67.0, 7027.0)	(68.0, 6097.5)	(69.0, 5094.0)	(70.0, 4251.0)	(71.0, 3800.5)	(72.0, 3428.5)	(73.0, 3069.5)	(74.0, 2706.5)	(75.0, 2342.5)	(76.0, 1993.5)	(77.0, 1716.5)	(78.0, 1498.0)	(79.0, 1262.0)	(80.0, 1021.5)	(81.0, 787.5)	(82.0, 620.0)	(83.0, 459.5)	(84.0, 315.0)	(85.0, 215.5)	(86.0, 139.5)	(87.0, 132.5)	(88.0, 126.0)	(89.0, 86.5)	(90.0, 43.0)	(91.0, 18.5)	(92.0, 16.0)	(93.0, 22.5)	(94.0, 29.5)	(95.0, 77.5)	(96.0, 306.0)	(97.0, 1431.0)	(98.0, 7815.0)	(99.0, 8838.5)	(100.0, 2455.5)
trimmed_trimmomatic | fastqc_results | RNP_Cas3_S67_L002_R2_paired	(0.0, 1150.0)	(1.0, 1258.5)	(2.0, 1497.5)	(3.0, 1862.5)	(4.0, 2387.5)	(5.0, 3104.0)	(6.0, 4081.0)	(7.0, 5152.0)	(8.0, 6571.5)	(9.0, 8526.0)	(10.0, 11268.5)	(11.0, 15477.5)	(12.0, 21501.5)	(13.0, 30401.0)	(14.0, 43105.0)	(15.0, 62635.0)	(16.0, 93036.5)	(17.0, 140121.5)	(18.0, 211319.0)	(19.0, 315178.5)	(20.0, 461627.5)	(21.0, 661469.0)	(22.0, 928446.5)	(23.0, 1270724.5)	(24.0, 1686963.5)	(25.0, 2181386.0)	(26.0, 2727163.5)	(27.0, 3305357.0)	(28.0, 3910012.0)	(29.0, 4512525.0)	(30.0, 5086708.0)	(31.0, 5624732.5)	(32.0, 6135997.5)	(33.0, 6612148.5)	(34.0, 7030323.0)	(35.0, 7339729.5)	(36.0, 7495266.0)	(37.0, 7493954.0)	(38.0, 7374203.0)	(39.0, 7191197.0)	(40.0, 6988164.5)	(41.0, 6764019.0)	(42.0, 6504097.5)	(43.0, 6213994.0)	(44.0, 5895648.5)	(45.0, 5552905.5)	(46.0, 5199302.5)	(47.0, 4833216.0)	(48.0, 4458727.5)	(49.0, 4089062.0)	(50.0, 3734643.5)	(51.0, 3379815.0)	(52.0, 3017939.0)	(53.0, 2672525.0)	(54.0, 2350738.0)	(55.0, 2066643.5)	(56.0, 1817804.0)	(57.0, 1587385.5)	(58.0, 1391938.5)	(59.0, 1240886.0)	(60.0, 1102182.0)	(61.0, 955703.0)	(62.0, 803038.5)	(63.0, 663923.0)	(64.0, 551804.5)	(65.0, 458372.0)	(66.0, 383112.0)	(67.0, 321805.0)	(68.0, 270376.0)	(69.0, 220683.0)	(70.0, 176894.0)	(71.0, 152158.0)	(72.0, 134820.0)	(73.0, 115522.5)	(74.0, 93950.0)	(75.0, 78031.0)	(76.0, 68075.0)	(77.0, 58014.0)	(78.0, 49678.5)	(79.0, 42163.0)	(80.0, 33643.0)	(81.0, 25873.0)	(82.0, 20585.5)	(83.0, 15559.0)	(84.0, 10960.0)	(85.0, 7213.5)	(86.0, 4238.0)	(87.0, 4469.0)	(88.0, 4463.0)	(89.0, 3303.5)	(90.0, 2194.5)	(91.0, 1740.0)	(92.0, 1859.0)	(93.0, 2325.5)	(94.0, 3030.5)	(95.0, 4224.0)	(96.0, 6381.0)	(97.0, 10386.5)	(98.0, 16936.0)	(99.0, 33835.5)	(100.0, 135640.5)
trimmed_trimmomatic | fastqc_results | RNP_Cas3_S67_L002_R2_unpaired	(0.0, 5.0)	(1.0, 3.0)	(2.0, 3.5)	(3.0, 6.0)	(4.0, 8.5)	(5.0, 12.0)	(6.0, 11.5)	(7.0, 13.5)	(8.0, 20.0)	(9.0, 27.5)	(10.0, 35.0)	(11.0, 47.5)	(12.0, 58.0)	(13.0, 78.0)	(14.0, 108.0)	(15.0, 153.5)	(16.0, 226.0)	(17.0, 321.0)	(18.0, 472.5)	(19.0, 692.5)	(20.0, 1001.5)	(21.0, 1431.5)	(22.0, 1952.0)	(23.0, 2607.0)	(24.0, 3440.5)	(25.0, 4511.5)	(26.0, 5722.5)	(27.0, 6999.0)	(28.0, 8340.0)	(29.0, 9782.5)	(30.0, 11290.0)	(31.0, 12705.0)	(32.0, 14106.5)	(33.0, 15353.5)	(34.0, 16339.5)	(35.0, 17222.5)	(36.0, 18120.5)	(37.0, 18599.5)	(38.0, 18443.0)	(39.0, 18240.5)	(40.0, 18073.0)	(41.0, 17862.0)	(42.0, 17486.0)	(43.0, 16847.5)	(44.0, 16331.0)	(45.0, 15897.5)	(46.0, 15344.0)	(47.0, 14761.5)	(48.0, 14072.0)	(49.0, 13192.5)	(50.0, 12375.5)	(51.0, 11682.0)	(52.0, 10859.5)	(53.0, 9922.0)	(54.0, 9121.0)	(55.0, 8418.0)	(56.0, 7700.5)	(57.0, 7046.5)	(58.0, 6500.5)	(59.0, 5948.5)	(60.0, 5348.0)	(61.0, 4795.5)	(62.0, 4278.0)	(63.0, 3651.0)	(64.0, 3007.5)	(65.0, 2564.0)	(66.0, 2204.5)	(67.0, 1821.5)	(68.0, 1491.0)	(69.0, 1260.0)	(70.0, 1077.0)	(71.0, 902.5)	(72.0, 772.0)	(73.0, 669.5)	(74.0, 561.5)	(75.0, 466.0)	(76.0, 397.5)	(77.0, 346.5)	(78.0, 277.5)	(79.0, 221.5)	(80.0, 178.0)	(81.0, 131.0)	(82.0, 98.5)	(83.0, 67.0)	(84.0, 49.5)	(85.0, 35.5)	(86.0, 21.5)	(87.0, 18.0)	(88.0, 14.0)	(89.0, 13.0)	(90.0, 14.0)	(91.0, 15.0)	(92.0, 15.0)	(93.0, 18.0)	(94.0, 25.0)	(95.0, 36.0)	(96.0, 59.0)	(97.0, 105.0)	(98.0, 191.5)	(99.0, 698.0)	(100.0, 6021.5)
trimmed_trimmomatic | fastqc_results | RNP_Cas4_S68_L002_R1_paired	(0.0, 1233.0)	(1.0, 1263.5)	(2.0, 1505.0)	(3.0, 1986.5)	(4.0, 2523.5)	(5.0, 3199.5)	(6.0, 4198.5)	(7.0, 5326.5)	(8.0, 6659.5)	(9.0, 8643.5)	(10.0, 11145.0)	(11.0, 14702.0)	(12.0, 20354.5)	(13.0, 28657.5)	(14.0, 40675.0)	(15.0, 58715.0)	(16.0, 86590.5)	(17.0, 130626.5)	(18.0, 196531.5)	(19.0, 291741.0)	(20.0, 425589.5)	(21.0, 609293.5)	(22.0, 855908.5)	(23.0, 1167333.0)	(24.0, 1546180.5)	(25.0, 1998972.5)	(26.0, 2499031.0)	(27.0, 3027026.0)	(28.0, 3581200.0)	(29.0, 4129652.5)	(30.0, 4648468.5)	(31.0, 5137503.5)	(32.0, 5602806.0)	(33.0, 6038738.0)	(34.0, 6417798.0)	(35.0, 6699442.5)	(36.0, 6843778.0)	(37.0, 6839064.5)	(38.0, 6724374.5)	(39.0, 6548949.5)	(40.0, 6358611.5)	(41.0, 6159703.5)	(42.0, 5930192.0)	(43.0, 5666370.0)	(44.0, 5373197.0)	(45.0, 5062123.0)	(46.0, 4739244.5)	(47.0, 4407433.0)	(48.0, 4072412.0)	(49.0, 3738685.5)	(50.0, 3416838.0)	(51.0, 3092899.0)	(52.0, 2762162.5)	(53.0, 2446329.0)	(54.0, 2154776.5)	(55.0, 1900060.0)	(56.0, 1676323.5)	(57.0, 1465652.0)	(58.0, 1285940.5)	(59.0, 1151929.0)	(60.0, 1033684.5)	(61.0, 901588.5)	(62.0, 753250.5)	(63.0, 619860.5)	(64.0, 516829.5)	(65.0, 431895.5)	(66.0, 362503.0)	(67.0, 306562.0)	(68.0, 261120.0)	(69.0, 215624.5)	(70.0, 175060.0)	(71.0, 151777.5)	(72.0, 135617.5)	(73.0, 117064.0)	(74.0, 95092.5)	(75.0, 79974.0)	(76.0, 70716.0)	(77.0, 61505.5)	(78.0, 52967.5)	(79.0, 45206.0)	(80.0, 36808.5)	(81.0, 28567.5)	(82.0, 22783.5)	(83.0, 16544.5)	(84.0, 11372.0)	(85.0, 7413.0)	(86.0, 4108.0)	(87.0, 4624.5)	(88.0, 4868.5)	(89.0, 3324.5)	(90.0, 1581.0)	(91.0, 573.5)	(92.0, 261.0)	(93.0, 282.0)	(94.0, 357.5)	(95.0, 507.0)	(96.0, 1134.5)	(97.0, 3975.0)	(98.0, 17484.5)	(99.0, 19999.5)	(100.0, 6471.5)
trimmed_trimmomatic | fastqc_results | RNP_Cas4_S68_L002_R1_unpaired	(0.0, 13.0)	(1.0, 13.5)	(2.0, 19.0)	(3.0, 20.0)	(4.0, 16.5)	(5.0, 27.0)	(6.0, 43.0)	(7.0, 48.0)	(8.0, 52.0)	(9.0, 67.0)	(10.0, 93.0)	(11.0, 129.0)	(12.0, 174.0)	(13.0, 228.5)	(14.0, 321.5)	(15.0, 487.0)	(16.0, 707.0)	(17.0, 1052.0)	(18.0, 1626.5)	(19.0, 2354.5)	(20.0, 3422.5)	(21.0, 5017.5)	(22.0, 6944.0)	(23.0, 9464.0)	(24.0, 12604.5)	(25.0, 16354.0)	(26.0, 20894.0)	(27.0, 25922.5)	(28.0, 31229.5)	(29.0, 36582.0)	(30.0, 41753.0)	(31.0, 47066.0)	(32.0, 52337.0)	(33.0, 57282.5)	(34.0, 61734.0)	(35.0, 65767.5)	(36.0, 68521.5)	(37.0, 69997.0)	(38.0, 71268.5)	(39.0, 71732.5)	(40.0, 71504.0)	(41.0, 71023.5)	(42.0, 70072.5)	(43.0, 68883.5)	(44.0, 67116.0)	(45.0, 64910.0)	(46.0, 62667.0)	(47.0, 59883.5)	(48.0, 57085.0)	(49.0, 54018.5)	(50.0, 50834.0)	(51.0, 47584.5)	(52.0, 44035.0)	(53.0, 40406.5)	(54.0, 36691.5)	(55.0, 33801.5)	(56.0, 31261.5)	(57.0, 28455.0)	(58.0, 25941.0)	(59.0, 23703.0)	(60.0, 21503.5)	(61.0, 19182.5)	(62.0, 16673.5)	(63.0, 14480.0)	(64.0, 12580.5)	(65.0, 10708.0)	(66.0, 9256.5)	(67.0, 8136.0)	(68.0, 7106.0)	(69.0, 6001.5)	(70.0, 5069.0)	(71.0, 4585.0)	(72.0, 4223.0)	(73.0, 3720.5)	(74.0, 3155.0)	(75.0, 2737.0)	(76.0, 2487.0)	(77.0, 2176.0)	(78.0, 1841.0)	(79.0, 1592.0)	(80.0, 1282.5)	(81.0, 974.0)	(82.0, 781.5)	(83.0, 582.0)	(84.0, 386.5)	(85.0, 265.5)	(86.0, 176.5)	(87.0, 151.0)	(88.0, 154.0)	(89.0, 112.5)	(90.0, 48.5)	(91.0, 20.5)	(92.0, 14.0)	(93.0, 16.5)	(94.0, 26.0)	(95.0, 61.0)	(96.0, 251.0)	(97.0, 1123.5)	(98.0, 5550.5)	(99.0, 6264.0)	(100.0, 1792.5)
trimmed_trimmomatic | fastqc_results | RNP_Cas4_S68_L002_R2_paired	(0.0, 1081.0)	(1.0, 1141.5)	(2.0, 1356.0)	(3.0, 1752.0)	(4.0, 2238.5)	(5.0, 2937.0)	(6.0, 3890.5)	(7.0, 4933.5)	(8.0, 6314.5)	(9.0, 8229.5)	(10.0, 10739.0)	(11.0, 14445.0)	(12.0, 20027.0)	(13.0, 28239.5)	(14.0, 40217.5)	(15.0, 58764.0)	(16.0, 86881.0)	(17.0, 130211.0)	(18.0, 196303.0)	(19.0, 292222.5)	(20.0, 427714.0)	(21.0, 612425.5)	(22.0, 857679.5)	(23.0, 1170992.0)	(24.0, 1553712.5)	(25.0, 2009408.5)	(26.0, 2510050.0)	(27.0, 3038496.0)	(28.0, 3592132.5)	(29.0, 4139926.0)	(30.0, 4661120.0)	(31.0, 5150175.5)	(32.0, 5614068.5)	(33.0, 6052489.5)	(34.0, 6433073.0)	(35.0, 6707426.5)	(36.0, 6845547.5)	(37.0, 6836008.5)	(38.0, 6716433.5)	(39.0, 6545676.0)	(40.0, 6356092.5)	(41.0, 6151719.0)	(42.0, 5917601.0)	(43.0, 5652481.0)	(44.0, 5359355.5)	(45.0, 5043536.0)	(46.0, 4718498.5)	(47.0, 4388217.0)	(48.0, 4055181.0)	(49.0, 3720805.0)	(50.0, 3397791.0)	(51.0, 3075067.5)	(52.0, 2746086.0)	(53.0, 2431262.0)	(54.0, 2138559.0)	(55.0, 1883385.0)	(56.0, 1660112.0)	(57.0, 1451984.0)	(58.0, 1276899.0)	(59.0, 1142599.0)	(60.0, 1020657.0)	(61.0, 888308.5)	(62.0, 743831.5)	(63.0, 614096.5)	(64.0, 512399.5)	(65.0, 427142.5)	(66.0, 358362.0)	(67.0, 303959.0)	(68.0, 258843.5)	(69.0, 213259.5)	(70.0, 172473.0)	(71.0, 149809.5)	(72.0, 134291.5)	(73.0, 115923.5)	(74.0, 94029.5)	(75.0, 78464.5)	(76.0, 69314.0)	(77.0, 59826.5)	(78.0, 51509.5)	(79.0, 44305.0)	(80.0, 35929.0)	(81.0, 27625.5)	(82.0, 22008.0)	(83.0, 16429.5)	(84.0, 11490.0)	(85.0, 7616.5)	(86.0, 4450.0)	(87.0, 4695.5)	(88.0, 4765.0)	(89.0, 3677.5)	(90.0, 2617.0)	(91.0, 2129.0)	(92.0, 2310.0)	(93.0, 2879.5)	(94.0, 3725.0)	(95.0, 5223.5)	(96.0, 7842.0)	(97.0, 12690.5)	(98.0, 21480.5)	(99.0, 45335.5)	(100.0, 165539.0)
trimmed_trimmomatic | fastqc_results | RNP_Cas4_S68_L002_R2_unpaired	(0.0, 4.0)	(1.0, 2.5)	(2.0, 2.0)	(3.0, 4.0)	(4.0, 5.0)	(5.0, 9.5)	(6.0, 13.0)	(7.0, 19.5)	(8.0, 23.5)	(9.0, 26.5)	(10.0, 35.0)	(11.0, 39.5)	(12.0, 47.5)	(13.0, 67.5)	(14.0, 98.0)	(15.0, 142.5)	(16.0, 198.0)	(17.0, 280.0)	(18.0, 424.5)	(19.0, 642.0)	(20.0, 924.5)	(21.0, 1280.5)	(22.0, 1779.5)	(23.0, 2430.5)	(24.0, 3169.0)	(25.0, 4080.0)	(26.0, 5168.0)	(27.0, 6373.5)	(28.0, 7649.5)	(29.0, 8940.0)	(30.0, 10237.0)	(31.0, 11466.0)	(32.0, 12716.5)	(33.0, 13885.5)	(34.0, 14954.0)	(35.0, 15732.0)	(36.0, 16140.0)	(37.0, 16523.0)	(38.0, 16716.5)	(39.0, 16750.0)	(40.0, 16489.5)	(41.0, 15978.0)	(42.0, 15762.5)	(43.0, 15476.5)	(44.0, 14860.0)	(45.0, 14341.5)	(46.0, 13910.5)	(47.0, 13373.5)	(48.0, 12699.0)	(49.0, 12014.5)	(50.0, 11316.0)	(51.0, 10574.0)	(52.0, 9773.0)	(53.0, 8960.0)	(54.0, 8294.5)	(55.0, 7679.0)	(56.0, 7053.5)	(57.0, 6410.0)	(58.0, 5937.5)	(59.0, 5514.0)	(60.0, 4964.0)	(61.0, 4428.0)	(62.0, 3903.5)	(63.0, 3314.5)	(64.0, 2786.5)	(65.0, 2335.5)	(66.0, 1938.0)	(67.0, 1668.0)	(68.0, 1405.0)	(69.0, 1178.5)	(70.0, 967.0)	(71.0, 818.0)	(72.0, 743.5)	(73.0, 646.5)	(74.0, 545.5)	(75.0, 441.5)	(76.0, 366.5)	(77.0, 316.0)	(78.0, 259.5)	(79.0, 202.5)	(80.0, 160.0)	(81.0, 134.0)	(82.0, 96.0)	(83.0, 65.5)	(84.0, 48.0)	(85.0, 34.0)	(86.0, 28.0)	(87.0, 23.0)	(88.0, 20.0)	(89.0, 14.0)	(90.0, 10.0)	(91.0, 10.5)	(92.0, 17.0)	(93.0, 22.0)	(94.0, 27.0)	(95.0, 42.5)	(96.0, 64.5)	(97.0, 99.5)	(98.0, 212.5)	(99.0, 848.5)	(100.0, 6091.5)
