Sample	0	1	2	3	4	5	6	7	8	9	10	11	12	13	14	15	16	17	18	19	20	21	22	23	24	25	26	27	28	29	30	31	32	33	34	35	36	37
raw_fastq | fastqc_results | Control_MNP_III_S56_L002_R1_001	(1, 0.002196250200503206)	(2, 0.008425940823728922)	(3, 0.020884574028558926)	(4, 0.04461170621853208)	(5, 0.0)	(6, 0.0004937074701403664)	(7, 0.1950092144140948)	(8, 0.0)	(9, 0.1623123151416169)	(10, 0.08978863268621275)	(15, 0.12035600707081855)	(20, 0.050214687571328104)	(25, 0.14754746961793422)	(30, 0.12852551922672303)	(35, 0.1350292923000388)	(40, 0.045963118211798125)	(45, 0.18771057231385305)	(50, 0.014864335059332155)	(55, 0.05344308560107325)	(60, 0.16591757654023584)	(65, 0.06332007756204198)	(70, 0.11151026528914602)	(75, 0.004471044771256016)	(80, 0.02766616976007186)	(85, 0.03929851618987604)	(90, 0.002703123203180649)	(95, 0.030979694926335146)	(100, 0.01096614056176325)	(105, 0.055048532528975146)	(110, 0.021070986000617988)	(115, 0.12807848955375958)	(120, 0.180436465978794)	(125, 0.07506223650187133)	(130, 0.012258606875261015)	(135, 0.0694224515013012)	(140, 0.13774423456083795)	(145, 0.028623363818847027)	(150, 0.08826143091191188)
raw_fastq | fastqc_results | Control_MNP_III_S56_L002_R2_001	(1, 0.06943471938389258)	(2, 0.0317192088732757)	(3, 0.002417670520444946)	(4, 0.0014728939525854266)	(5, 0.1733960478462681)	(6, 0.005027587737596066)	(7, 6.73237459282318e-05)	(8, 0.0035240240785322217)	(9, 0.006667294971759222)	(10, 0.0015707377966677901)	(15, 0.006118232421633421)	(20, 0.0361227802902792)	(25, 0.01981517372657004)	(30, 0.09678566440469602)	(35, 0.002855125260654168)	(40, 0.01852809331274653)	(45, 0.04400998153825798)	(50, 0.003708640750699862)	(55, 0.032143198864299276)	(60, 0.0026164999834196573)	(65, 0.028587457821018642)	(70, 0.10209735835010922)	(75, 0.11351726095942877)	(80, 0.05395369881185781)	(85, 0.03172728772278709)	(90, 0.07066165725135352)	(95, 0.003943825036475819)	(100, 0.004508895677300111)	(105, 0.014856256209820767)	(110, 0.0546143691719002)	(115, 0.02731055077324651)	(120, 0.027242179769048285)	(125, 0.01105066926498425)	(130, 0.053399100753733476)	(135, 0.019663022060772233)	(140, 0.05283103794642348)	(145, 0.02825143752467462)	(150, 0.0014762601398818384)
raw_fastq | fastqc_results | Control_MNP_II_S55_L002_R1_001	(1, 0.002088812621464532)	(2, 0.008266098618075667)	(3, 0.01963843599783502)	(4, 0.04377825928475646)	(5, 0.0)	(6, 0.0004793867978127137)	(7, 0.1944214548192802)	(8, 0.0)	(9, 0.16330667092927292)	(10, 0.08945467131935145)	(15, 0.11966573680225857)	(20, 0.049865924193228384)	(25, 0.14506588596741)	(30, 0.12612486782649077)	(35, 0.1336600775355358)	(40, 0.0455043645704534)	(45, 0.18605306616343303)	(50, 0.014687379200196696)	(55, 0.052969191225985986)	(60, 0.16529835493689027)	(65, 0.06330376958340037)	(70, 0.11112858522476711)	(75, 0.004478708305176854)	(80, 0.02732973967889218)	(85, 0.0391285983629371)	(90, 0.002638113252432966)	(95, 0.03080243953919746)	(100, 0.010858697495903902)	(105, 0.054840754822275364)	(110, 0.020923630554972726)	(115, 0.12778105927903197)	(120, 0.17881158839771338)	(125, 0.07462402350356048)	(130, 0.012067565541676973)	(135, 0.06914227848243815)	(140, 0.1376021541593765)	(145, 0.028408790092631135)	(150, 0.08853093284369667)
raw_fastq | fastqc_results | Control_MNP_II_S55_L002_R2_001	(1, 0.0682809463142311)	(2, 0.03071516455284199)	(3, 0.0025259695871697636)	(4, 0.001533568532643934)	(5, 0.17309304350321794)	(6, 0.004847828319153364)	(7, 6.960101958455385e-05)	(8, 0.0033877709757335656)	(9, 0.006752862967557558)	(10, 0.0015460810754905955)	(15, 0.006085788027044923)	(20, 0.03648579290693663)	(25, 0.019757930782020632)	(30, 0.0965104942305838)	(35, 0.0028150093269276415)	(40, 0.01772073239979858)	(45, 0.04397282932602205)	(50, 0.0036847874615561892)	(55, 0.032029294365312606)	(60, 0.002615277861737809)	(65, 0.02824237327277054)	(70, 0.10212940800266267)	(75, 0.11260006026353449)	(80, 0.05325557205038895)	(85, 0.03138380356121046)	(90, 0.07025417432114958)	(95, 0.003914705436363592)	(100, 0.0044918464751658475)	(105, 0.014911979344294269)	(110, 0.054715160173452)	(115, 0.027130946654415847)	(120, 0.027600636231522396)	(125, 0.010906401565506797)	(130, 0.053531786433729)	(135, 0.01985975159943534)	(140, 0.05248386097032111)	(145, 0.02853579240252475)	(150, 0.001461621411275631)
raw_fastq | fastqc_results | Control_MNP_I_S54_L002_R1_001	(1, 0.0022269829850768467)	(2, 0.008361946491210165)	(3, 0.020560138188996872)	(4, 0.0444647361508579)	(5, 0.0)	(6, 0.0004128765877844691)	(7, 0.19424249337159716)	(8, 0.0)	(9, 0.16212499896083427)	(10, 0.08953141129610737)	(15, 0.12102719964804425)	(20, 0.0500583371503827)	(25, 0.14581462021343822)	(30, 0.1276008644551748)	(35, 0.13393142625212337)	(40, 0.045586517057514)	(45, 0.1862221663891214)	(50, 0.014885715401824687)	(55, 0.053127492727453894)	(60, 0.16474604794012085)	(65, 0.06348463743206575)	(70, 0.11112852330886407)	(75, 0.004506890691058884)	(80, 0.027195814190200084)	(85, 0.039073428738166494)	(90, 0.002725463714807362)	(95, 0.03094470172492107)	(100, 0.011014559008867912)	(105, 0.055113763879498096)	(110, 0.021020041260718183)	(115, 0.12768630918531088)	(120, 0.18001753992203756)	(125, 0.0747174312087626)	(130, 0.01218225051679117)	(135, 0.06922824494475859)	(140, 0.13761112906132372)	(145, 0.028472702787942786)	(150, 0.08814317354911082)
raw_fastq | fastqc_results | Control_MNP_I_S54_L002_R2_001	(1, 0.07000489928286126)	(2, 0.031679111933385566)	(3, 0.0024724771724081527)	(4, 0.0015423092613184317)	(5, 0.1726023401701525)	(6, 0.004909883746626119)	(7, 8.687943642568944e-05)	(8, 0.003454453921733376)	(9, 0.006704860726723849)	(10, 0.0015737133878796444)	(15, 0.006162860572875512)	(20, 0.0365689097919573)	(25, 0.019748572664513964)	(30, 0.09623244613939229)	(35, 0.002849326691142703)	(40, 0.018849171232745633)	(45, 0.04411514605162572)	(50, 0.003756220477978936)	(55, 0.03215049265542367)	(60, 0.002650540164128327)	(65, 0.028205209770837632)	(70, 0.10210501780633903)	(75, 0.11254123076868876)	(80, 0.053580381679537166)	(85, 0.031472195404063465)	(90, 0.07016925285892528)	(95, 0.003971585833228673)	(100, 0.0045400483475296054)	(105, 0.01486483245472053)	(110, 0.05494207736017613)	(115, 0.027366703650472265)	(120, 0.027648543730473395)	(125, 0.010845263666695283)	(130, 0.053588192858224984)	(135, 0.019724979716640566)	(140, 0.052533683735370054)	(145, 0.02832747862907342)	(150, 0.0014574224725171848)
raw_fastq | fastqc_results | Only_MNP_C1_S57_L002_R1_001	(1, 0.0022398567135410693)	(2, 0.008173159308098903)	(3, 0.02052254501493213)	(4, 0.04426450141703516)	(5, 0.0)	(6, 0.0004486710246179494)	(7, 0.1930903420273446)	(8, 0.0)	(9, 0.16136239122799695)	(10, 0.08771527277304783)	(15, 0.11994174693308209)	(20, 0.04901236793602347)	(25, 0.14410228803768443)	(30, 0.12585878192323857)	(35, 0.13218897908109392)	(40, 0.04518440820786004)	(45, 0.1839909787912332)	(50, 0.014547786267222461)	(55, 0.05248086608306023)	(60, 0.16382999440315696)	(65, 0.06318232597198871)	(70, 0.11058577535657517)	(75, 0.0043849065283129655)	(80, 0.027171272362194607)	(85, 0.03892417924097824)	(90, 0.0026407744478195642)	(95, 0.03042444340151025)	(100, 0.011017891032606392)	(105, 0.05465862602711227)	(110, 0.02068487121799079)	(115, 0.12679565600037454)	(120, 0.17886370975669078)	(125, 0.07419444462883978)	(130, 0.011795762395754939)	(135, 0.06904496069366324)	(140, 0.13753122538240262)	(145, 0.02767959126961752)	(150, 0.08840961960822169)
raw_fastq | fastqc_results | Only_MNP_C1_S57_L002_R2_001	(1, 0.06991658943271636)	(2, 0.031553904924300935)	(3, 0.0023824169026496964)	(4, 0.0015279303703851026)	(5, 0.17203866256817493)	(6, 0.0049353812707974435)	(7, 8.920944349128819e-05)	(8, 0.0034100747075738493)	(9, 0.006641730528165122)	(10, 0.001551194793883811)	(15, 0.006042627892954021)	(20, 0.036651612398157035)	(25, 0.019883210669911233)	(30, 0.09579117629569348)	(35, 0.002764967986797632)	(40, 0.018194178539809508)	(45, 0.04403413114825472)	(50, 0.0036867989028742765)	(55, 0.03218571768879217)	(60, 0.002562235153451744)	(65, 0.027542803456264205)	(70, 0.10189800000386576)	(75, 0.11064507339842526)	(80, 0.05214431908447741)	(85, 0.031062378382711676)	(90, 0.06977175527740109)	(95, 0.003911571716376836)	(100, 0.004374586220144365)	(105, 0.014536591356666692)	(110, 0.0546773425181977)	(115, 0.02731540683560014)	(120, 0.02828901421299722)	(125, 0.010593184113396888)	(130, 0.05363184282457529)	(135, 0.01991189762821039)	(140, 0.0524708956158465)	(145, 0.02868713321963677)	(150, 0.0014776407331228566)
raw_fastq | fastqc_results | Only_MNP_C2_S58_L002_R1_001	(1, 0.0022988335565880163)	(2, 0.008159587011638006)	(3, 0.020924227606287565)	(4, 0.04448706638159708)	(5, 0.0)	(6, 0.00042349093723649284)	(7, 0.19573898848467408)	(8, 0.0)	(9, 0.16404528785819802)	(10, 0.09026955542857029)	(15, 0.12064157038581058)	(20, 0.050353072437418996)	(25, 0.1482631922638514)	(30, 0.12931312182893723)	(35, 0.13571226686310958)	(40, 0.04625489482889825)	(45, 0.18811910620235142)	(50, 0.014914595748108312)	(55, 0.05380091241286571)	(60, 0.16708096281682272)	(65, 0.06368614292185537)	(70, 0.11130113306313408)	(75, 0.004426629300540209)	(80, 0.027771649287588938)	(85, 0.03956176829527219)	(90, 0.0026781698185855103)	(95, 0.031113288241178285)	(100, 0.011002064748120311)	(105, 0.05551999015925245)	(110, 0.021066047827129557)	(115, 0.12920938296369167)	(120, 0.18112608899340324)	(125, 0.07528864559571641)	(130, 0.012244140686906569)	(135, 0.0694088514628682)	(140, 0.13825419734917324)	(145, 0.028650146766693474)	(150, 0.08925194610089678)
raw_fastq | fastqc_results | Only_MNP_C2_S58_L002_R2_001	(1, 0.06986533529870334)	(2, 0.03137444098580746)	(3, 0.0023595667530134047)	(4, 0.0015823459825425547)	(5, 0.17582588652698217)	(6, 0.004803667549699985)	(7, 9.438267012053619e-05)	(8, 0.003392851811115623)	(9, 0.006487782672198596)	(10, 0.0015856288580250082)	(15, 0.006060680571931405)	(20, 0.03611639047643732)	(25, 0.020123698419891298)	(30, 0.09725026185445926)	(35, 0.002813752576010837)	(40, 0.018399532216506753)	(45, 0.04379060434799458)	(50, 0.0037539681141855004)	(55, 0.03217973034165328)	(60, 0.0026002015258772414)	(65, 0.0285938454521694)	(70, 0.10290288100392171)	(75, 0.11403987193437085)	(80, 0.054243608171674555)	(85, 0.031930395948760945)	(90, 0.07118964726832505)	(95, 0.0039008767920252914)	(100, 0.004388876232491994)	(105, 0.014798546099803583)	(110, 0.05515214396144355)	(115, 0.02729464747998845)	(120, 0.027342741605806395)	(125, 0.011008794642859341)	(130, 0.05324544988123459)	(135, 0.01989767244292438)	(140, 0.05300809798385321)	(145, 0.028500283500919477)	(150, 0.0014292819131731633)
raw_fastq | fastqc_results | Only_MNP_C3_S59_L002_R1_001	(1, 0.0021768757438921362)	(2, 0.008259845528606317)	(3, 0.02031589085112698)	(4, 0.04433505621385666)	(5, 0.0)	(6, 0.0005001804326166415)	(7, 0.193093888368018)	(8, 0.0)	(9, 0.1594411993903358)	(10, 0.08699260907050468)	(15, 0.11991304682357103)	(20, 0.04859006448861064)	(25, 0.14231369618221165)	(30, 0.12471801116042337)	(35, 0.13153581791673943)	(40, 0.044729867456791216)	(45, 0.1831350454603814)	(50, 0.014509434384734959)	(55, 0.05231127761992914)	(60, 0.16225513854791931)	(65, 0.0632903593227544)	(70, 0.11098995719303945)	(75, 0.0044710797572769)	(80, 0.0269286155496109)	(85, 0.038505489633776695)	(90, 0.0026880456011995476)	(95, 0.03030285375723703)	(100, 0.011125984453470983)	(105, 0.05400607316010708)	(110, 0.020602423939020134)	(115, 0.12560443754908324)	(120, 0.17814277607622608)	(125, 0.07424649252107834)	(130, 0.011783895452237491)	(135, 0.06911039096082326)	(140, 0.13700257187283738)	(145, 0.02727914587540913)	(150, 0.08702695102266333)
raw_fastq | fastqc_results | Only_MNP_C3_S59_L002_R2_001	(1, 0.06977719046485437)	(2, 0.031516215530447284)	(3, 0.002429794120966464)	(4, 0.001547407961972324)	(5, 0.17122493323338667)	(6, 0.005086649149146622)	(7, 8.403677704706094e-05)	(8, 0.0035650986570349313)	(9, 0.00666153067284587)	(10, 0.0015575893407299489)	(15, 0.006138724954101173)	(20, 0.03723815039223236)	(25, 0.01969256421829907)	(30, 0.09506563437936792)	(35, 0.002892966049845073)	(40, 0.018109279016895116)	(45, 0.04432729897289847)	(50, 0.003692285086911926)	(55, 0.03254776696869996)	(60, 0.002618392041762464)	(65, 0.02750313620807687)	(70, 0.10173330620130569)	(75, 0.10966476186268195)	(80, 0.051936182697763324)	(85, 0.030960279928443656)	(90, 0.0694130849673793)	(95, 0.003978818174805078)	(100, 0.004465585044931515)	(105, 0.014514929097080343)	(110, 0.05477840346300691)	(115, 0.02740471621341983)	(120, 0.028847886250016476)	(125, 0.010600592987740222)	(130, 0.05357166766644843)	(135, 0.020073961898743425)	(140, 0.05256193346839067)	(145, 0.028783889012111402)	(150, 0.0014799361265547318)
raw_fastq | fastqc_results | Only_MNP_C4_S60_L002_R1_001	(1, 0.0021597537949628255)	(2, 0.008316406574218314)	(3, 0.020599339312351632)	(4, 0.04381977093459163)	(5, 0.0)	(6, 0.0004646220630744809)	(7, 0.19270159021662234)	(8, 0.0)	(9, 0.16225735266672253)	(10, 0.08856041294755244)	(15, 0.12005440084066714)	(20, 0.04951541355373647)	(25, 0.14570153872237848)	(30, 0.1270961340234684)	(35, 0.13356209703835367)	(40, 0.04558500641945976)	(45, 0.18566248387234022)	(50, 0.014626893584251467)	(55, 0.052998273075313164)	(60, 0.164821147061412)	(65, 0.06313031759848578)	(70, 0.1107780489651073)	(75, 0.004324268734741608)	(80, 0.02736180672508586)	(85, 0.03908981982604895)	(90, 0.00262831611581603)	(95, 0.03089178516259979)	(100, 0.010959498656704557)	(105, 0.054933924709111084)	(110, 0.020679786242000568)	(115, 0.12707922375050137)	(120, 0.1801832270762103)	(125, 0.07453588627122333)	(130, 0.011959831600277988)	(135, 0.06942586446444127)	(140, 0.13781954556826442)	(145, 0.028513182883510357)	(150, 0.08878098529445723)
raw_fastq | fastqc_results | Only_MNP_C4_S60_L002_R2_001	(1, 0.06910555434251255)	(2, 0.031654225042782785)	(3, 0.002410124341319215)	(4, 0.0014710295707234446)	(5, 0.17339596887495157)	(6, 0.005064873019734182)	(7, 6.156652779255489e-05)	(8, 0.0034887699082447768)	(9, 0.0066130659719576285)	(10, 0.0015414616785181274)	(15, 0.005970968131433143)	(20, 0.0364239070839276)	(25, 0.019781079113636715)	(30, 0.09626673627569839)	(35, 0.0027760757825181616)	(40, 0.018523644350001575)	(45, 0.043979679729444825)	(50, 0.0035848136916011623)	(55, 0.03203150472509556)	(60, 0.0025554213469096447)	(65, 0.02804133701450822)	(70, 0.1018223355662911)	(75, 0.11202136447170201)	(80, 0.05318740544869189)	(85, 0.03125543812009448)	(90, 0.06997897815012959)	(95, 0.0038645719938905317)	(100, 0.004371223473271397)	(105, 0.014636251696475934)	(110, 0.05500074491394194)	(115, 0.027371000659902882)	(120, 0.027632371092558207)	(125, 0.010857051954457745)	(130, 0.05327556871649083)	(135, 0.019799138628455865)	(140, 0.052655799003379106)	(145, 0.02859592829686355)	(150, 0.001413157034598443)
raw_fastq | fastqc_results | Plasmid_Ko_P1_S61_L002_R1_001	(1, 0.0021747105548479886)	(2, 0.008547025802734072)	(3, 0.020612059250116242)	(4, 0.04421673006419545)	(5, 0.0)	(6, 0.00046101320241660575)	(7, 0.19274008172619495)	(8, 0.0)	(9, 0.16000973405531393)	(10, 0.08695837685072756)	(15, 0.11993608195021556)	(20, 0.048752941005905055)	(25, 0.14229172492588538)	(30, 0.12450297411539635)	(35, 0.1308264855518542)	(40, 0.04483210320438672)	(45, 0.1828728094937816)	(50, 0.014571514537900317)	(55, 0.0522641129375518)	(60, 0.16223293048145054)	(65, 0.06347738475095184)	(70, 0.11121657362174976)	(75, 0.004485340519373977)	(80, 0.026899484480729752)	(85, 0.03866978741870489)	(90, 0.0027028091267197007)	(95, 0.030263768067882384)	(100, 0.01117543693678792)	(105, 0.054225167718590164)	(110, 0.02053257421521683)	(115, 0.1255943036445653)	(120, 0.17837443342868411)	(125, 0.07401487479763706)	(130, 0.011744867726807329)	(135, 0.06922462968438893)	(140, 0.1377493141514536)	(145, 0.02744125447860416)	(150, 0.08727297861885945)
raw_fastq | fastqc_results | Plasmid_Ko_P1_S61_L002_R2_001	(1, 0.06984667956751175)	(2, 0.031167671884758528)	(3, 0.002450523625948958)	(4, 0.0015348560239076996)	(5, 0.1700741291742778)	(6, 0.0048883296463140095)	(7, 6.9946830711485e-05)	(8, 0.003494956984527268)	(9, 0.0068373027020476596)	(10, 0.0015582246241681275)	(15, 0.006141490706538183)	(20, 0.037491342291286166)	(25, 0.019938344094308804)	(30, 0.09482040062269848)	(35, 0.0028385695663279012)	(40, 0.018026729004977878)	(45, 0.04460572982499319)	(50, 0.0037462886648792176)	(55, 0.03267121080491586)	(60, 0.002618396019656522)	(65, 0.027520580543433776)	(70, 0.10172081444245627)	(75, 0.10978186874181532)	(80, 0.05175922399587072)	(85, 0.030950359799343526)	(90, 0.06923226024773928)	(95, 0.00395787782778146)	(100, 0.00446435647016053)	(105, 0.014629061703167492)	(110, 0.054827982223267326)	(115, 0.027513108950153235)	(120, 0.029035247368477023)	(125, 0.010555930574781882)	(130, 0.054022003969387264)	(135, 0.020182840061659404)	(140, 0.052462348614590947)	(145, 0.028863082782884894)	(150, 0.001536048299431191)
raw_fastq | fastqc_results | Plasmid_Ko_P2_S62_L002_R1_001	(1, 0.0022433792802649625)	(2, 0.0080310561666936)	(3, 0.0205351770168024)	(4, 0.04434399618620689)	(5, 0.0)	(6, 0.00041806601309066986)	(7, 0.19489770327420763)	(8, 0.0)	(9, 0.16512640890461597)	(10, 0.08986647132646321)	(15, 0.12004117120541094)	(20, 0.05034207546689234)	(25, 0.14768878689116396)	(30, 0.12899793346505983)	(35, 0.1353064609951579)	(40, 0.04614917139880071)	(45, 0.18780121394448474)	(50, 0.014706096290156309)	(55, 0.05363311689865196)	(60, 0.16712732600773203)	(65, 0.06315745008859697)	(70, 0.11075350043289567)	(75, 0.0043710855750196745)	(80, 0.027654865385402006)	(85, 0.039411139440610275)	(90, 0.0026554844291998116)	(95, 0.03131386935045607)	(100, 0.011019865675309442)	(105, 0.05557168658478684)	(110, 0.020985463917221833)	(115, 0.12934398579497072)	(120, 0.18038895991894)	(125, 0.07503326363579493)	(130, 0.012129714139348604)	(135, 0.06951060354764536)	(140, 0.13838548898829425)	(145, 0.02858041037392066)	(150, 0.09004288068458818)
raw_fastq | fastqc_results | Plasmid_Ko_P2_S62_L002_R2_001	(1, 0.06948112143573953)	(2, 0.03144678051068721)	(3, 0.0023174873211211124)	(4, 0.001503104393886686)	(5, 0.17595101600271312)	(6, 0.004818633700016161)	(7, 5.9608641558207265e-05)	(8, 0.003492744186437658)	(9, 0.006560172660135676)	(10, 0.0015630352443181809)	(15, 0.005992601729839556)	(20, 0.035840581811273656)	(25, 0.02022553428957301)	(30, 0.09727791982982474)	(35, 0.002785979022881293)	(40, 0.01826940421984395)	(45, 0.04368153474272757)	(50, 0.0036163112893434555)	(55, 0.032036100539930244)	(60, 0.0025686491378488015)	(65, 0.0285559224995508)	(70, 0.10312294989569858)	(75, 0.11414797091298062)	(80, 0.053915210767215255)	(85, 0.03160111856099197)	(90, 0.07115161333929913)	(95, 0.0038694063593108703)	(100, 0.0043958956582628205)	(105, 0.014733967357695684)	(110, 0.05539221624236564)	(115, 0.027534037057919156)	(120, 0.027202967440616142)	(125, 0.010954296169595415)	(130, 0.052838388712688075)	(135, 0.019845972236840214)	(140, 0.053332979333184545)	(145, 0.02875037555457987)	(150, 0.0014213438922899557)
raw_fastq | fastqc_results | Plasmid_Ko_P3_S63_L002_R1_001	(1, 0.0023175218115390186)	(2, 0.008623734188554617)	(3, 0.02102670099763291)	(4, 0.04463072357543741)	(5, 0.0)	(6, 0.00048723693632821873)	(7, 0.19415762639883521)	(8, 0.0)	(9, 0.16174108779367735)	(10, 0.08963990978960948)	(15, 0.12043831834792086)	(20, 0.04981503245330612)	(25, 0.14571027341956924)	(30, 0.12737668019657114)	(35, 0.1336771392223091)	(40, 0.04540814516683343)	(45, 0.1862016405429459)	(50, 0.01484023024408395)	(55, 0.05330461979544427)	(60, 0.16440219255183008)	(65, 0.06335716281536434)	(70, 0.11113694725419243)	(75, 0.004537596235812393)	(80, 0.027371209119090543)	(85, 0.038935624979447504)	(90, 0.00274057292267566)	(95, 0.030866190228051517)	(100, 0.011023421048027952)	(105, 0.054712752520655564)	(110, 0.02100063112465594)	(115, 0.12750523163918173)	(120, 0.17983807444538097)	(125, 0.07475437190421383)	(130, 0.01205363051118688)	(135, 0.0691937578943396)	(140, 0.13705525538344224)	(145, 0.028183869987062335)	(150, 0.08743835396476111)
raw_fastq | fastqc_results | Plasmid_Ko_P3_S63_L002_R2_001	(1, 0.07027808481795417)	(2, 0.031243394321194176)	(3, 0.0024253971479954507)	(4, 0.0015983529018294704)	(5, 0.1724926629938351)	(6, 0.00493619560401891)	(7, 8.180546347946109e-05)	(8, 0.003637196760856039)	(9, 0.006821317108595063)	(10, 0.0015787555490398854)	(15, 0.006101069445520951)	(20, 0.036424646731196615)	(25, 0.01973327571352029)	(30, 0.09597506871524089)	(35, 0.0028827885745707233)	(40, 0.018682749728662067)	(45, 0.044099437543389484)	(50, 0.0038164496116011443)	(55, 0.03208104630877837)	(60, 0.002647979925550556)	(65, 0.028229717005056314)	(70, 0.10210041011146453)	(75, 0.11218765303127809)	(80, 0.053236118956794434)	(85, 0.03173512606320808)	(90, 0.07007060458750296)	(95, 0.00398257762974405)	(100, 0.004495704646821812)	(105, 0.014907832121596647)	(110, 0.054482978054003366)	(115, 0.027316012905270335)	(120, 0.027741221523136104)	(125, 0.01094718914359874)	(130, 0.05359840029506062)	(135, 0.019800338214350705)	(140, 0.052572146260905096)	(145, 0.02842407240290532)	(150, 0.0014742962649045733)
raw_fastq | fastqc_results | Plasmid_Ko_P4_S64_L002_R1_001	(1, 0.0022294462047361043)	(2, 0.008439987300836345)	(3, 0.020663502699217056)	(4, 0.04449964704981608)	(5, 0.0)	(6, 0.0004389454707878648)	(7, 0.19242427070532653)	(8, 0.0)	(9, 0.16203618322579225)	(10, 0.08894837311846354)	(15, 0.11982533508278867)	(20, 0.04973756434002366)	(25, 0.14564905097757289)	(30, 0.12728145628318863)	(35, 0.13336072705770488)	(40, 0.04562321519274426)	(45, 0.1859353174914083)	(50, 0.014837183551934516)	(55, 0.05313042270217378)	(60, 0.1650147299684341)	(65, 0.0633476845080834)	(70, 0.11051638454486719)	(75, 0.004416899132794198)	(80, 0.027307368118833303)	(85, 0.03905110206477469)	(90, 0.0026627705282521092)	(95, 0.030629300828641428)	(100, 0.010989012260763766)	(105, 0.05479295967175674)	(110, 0.02077757892326362)	(115, 0.12719036063181233)	(120, 0.17918547691293138)	(125, 0.07439290824156576)	(130, 0.012100346141982608)	(135, 0.06906191136565062)	(140, 0.13723832670812242)	(145, 0.02841109691844904)	(150, 0.08809991053613461)
raw_fastq | fastqc_results | Plasmid_Ko_P4_S64_L002_R2_001	(1, 0.06971710567854415)	(2, 0.03155447553844515)	(3, 0.0024303195557746184)	(4, 0.001484644191214699)	(5, 0.17262377944020085)	(6, 0.00495404935297867)	(7, 8.431720907789493e-05)	(8, 0.003561162124584033)	(9, 0.0066759390246380335)	(10, 0.0015390370574629882)	(15, 0.00600222799131956)	(20, 0.036372129406150755)	(25, 0.0196257397161152)	(30, 0.09596505286449283)	(35, 0.0028128882259829497)	(40, 0.01857193993050245)	(45, 0.04378873724778677)	(50, 0.0036329144162307123)	(55, 0.03210286805317334)	(60, 0.002587215695803878)	(65, 0.0280445650507516)	(70, 0.10152254890989174)	(75, 0.11258347879016312)	(80, 0.05330170236610457)	(85, 0.03146784373931414)	(90, 0.07021077467130217)	(95, 0.003956461040084517)	(100, 0.004422850935787931)	(105, 0.01472360331147076)	(110, 0.05448660714544039)	(115, 0.02729893639792551)	(120, 0.02766761752781513)	(125, 0.010934123410932665)	(130, 0.05349513596340091)	(135, 0.01969170553262908)	(140, 0.05264039092235637)	(145, 0.028377700690539756)	(150, 0.0014524052583319744)
raw_fastq | fastqc_results | RNP_Cas1_S65_L002_R1_001	(1, 0.002214710756435281)	(2, 0.008215678879740358)	(3, 0.020367497036480487)	(4, 0.04422654692455411)	(5, 0.0)	(6, 0.0004635588190939637)	(7, 0.19324015383676885)	(8, 0.0)	(9, 0.1620653489428576)	(10, 0.08808452348107554)	(15, 0.12021060419446991)	(20, 0.04934441336302589)	(25, 0.1445311891796442)	(30, 0.12627974645242482)	(35, 0.13305643251229288)	(40, 0.0454946617186158)	(45, 0.1847663239202561)	(50, 0.01460621348675878)	(55, 0.052732376945086167)	(60, 0.16407262819497798)	(65, 0.06314948590568067)	(70, 0.11069544282977148)	(75, 0.004388061694632165)	(80, 0.027329859589235284)	(85, 0.03891440317472399)	(90, 0.002666253726193931)	(95, 0.030661411920731876)	(100, 0.011093538036860402)	(105, 0.05474307122807026)	(110, 0.020739735400626062)	(115, 0.12715753586702566)	(120, 0.17923270909478245)	(125, 0.07437115084124289)	(130, 0.011922758123621664)	(135, 0.06923367959596087)	(140, 0.1372209994092882)	(145, 0.027896122299490036)	(150, 0.08847269865591847)
raw_fastq | fastqc_results | RNP_Cas1_S65_L002_R2_001	(1, 0.06979247983136527)	(2, 0.031609272709351294)	(3, 0.0024518656775270086)	(4, 0.001547514911763887)	(5, 0.17265320944663815)	(6, 0.004976458864188814)	(7, 8.158129285555433e-05)	(8, 0.0034808018285036515)	(9, 0.0066346460724621735)	(10, 0.0015544714561159109)	(15, 0.006078881420047747)	(20, 0.03670007186616246)	(25, 0.019917471858216823)	(30, 0.09585118904354889)	(35, 0.0028094320572210427)	(40, 0.01832138761861335)	(45, 0.04399647503043899)	(50, 0.0037268105333161366)	(55, 0.03220171732289457)	(60, 0.002585684294335034)	(65, 0.027898525469357095)	(70, 0.10217367599854206)	(75, 0.11099444775428394)	(80, 0.05264953082598479)	(85, 0.03123905806719903)	(90, 0.06997018791890333)	(95, 0.003919317087930328)	(100, 0.0044378958487175735)	(105, 0.014646181996126774)	(110, 0.05505775999803091)	(115, 0.027474429229132798)	(120, 0.028100644703439544)	(125, 0.010623275638663578)	(130, 0.05338679804467475)	(135, 0.019970594560541368)	(140, 0.052727317640102876)	(145, 0.028793769486150297)	(150, 0.001456131215503208)
raw_fastq | fastqc_results | RNP_Cas2_S66_L002_R1_001	(1, 0.0022695337901213605)	(2, 0.008137092139976434)	(3, 0.02047337331872237)	(4, 0.044546839423597155)	(5, 0.0)	(6, 0.00043156991270230005)	(7, 0.1944229350811924)	(8, 0.0)	(9, 0.16311757059892604)	(10, 0.08944996531825589)	(15, 0.12067494473371541)	(20, 0.049947668011632015)	(25, 0.14636548813449196)	(30, 0.1275062965946852)	(35, 0.13456418818938337)	(40, 0.045939996739234226)	(45, 0.18722330103593257)	(50, 0.014769618501228429)	(55, 0.053313086040142475)	(60, 0.16595559089066772)	(65, 0.06352709114977856)	(70, 0.11109864276984548)	(75, 0.004410699660522005)	(80, 0.027567665698389702)	(85, 0.03920447270233092)	(90, 0.0026473298159374317)	(95, 0.030986306086741404)	(100, 0.011000206912265014)	(105, 0.05525308242088412)	(110, 0.020939965198781343)	(115, 0.1282122512122685)	(120, 0.18048598453613304)	(125, 0.07477507158700397)	(130, 0.012055691794608818)	(135, 0.06950729889857223)	(140, 0.13815325043463605)	(145, 0.02826079731217707)	(150, 0.08900440040678705)
raw_fastq | fastqc_results | RNP_Cas2_S66_L002_R2_001	(1, 0.06983021798341209)	(2, 0.031918248911008126)	(3, 0.002418446092267841)	(4, 0.0015401392731260995)	(5, 0.17434114596441078)	(6, 0.004886529618584509)	(7, 8.893373600414809e-05)	(8, 0.0035104696413420316)	(9, 0.006503882678008783)	(10, 0.0015726793687803303)	(15, 0.006015505479672826)	(20, 0.03626510931607289)	(25, 0.019952456024732185)	(30, 0.0965978937030482)	(35, 0.0028119606388660404)	(40, 0.018583014372029548)	(45, 0.044021372031485824)	(50, 0.003685993123409133)	(55, 0.0321686421894322)	(60, 0.002583628442241437)	(65, 0.02832794572990423)	(70, 0.10264235435258283)	(75, 0.11281596010617365)	(80, 0.053612289462047893)	(85, 0.031553138007226755)	(90, 0.0706824651496782)	(95, 0.0039464517704042275)	(100, 0.004398152420248551)	(105, 0.01475045293641513)	(110, 0.05521020119313638)	(115, 0.027481903242894228)	(120, 0.02762612756515832)	(125, 0.010976077604046836)	(130, 0.05342394297618484)	(135, 0.019990511390836282)	(140, 0.05291722750360308)	(145, 0.028726837665191053)	(150, 0.001433280908159875)
raw_fastq | fastqc_results | RNP_Cas3_S67_L002_R1_001	(1, 0.0022642306969254517)	(2, 0.008609225170909824)	(3, 0.02079723316605056)	(4, 0.04435843949377062)	(5, 0.0)	(6, 0.0005081367950589002)	(7, 0.1948435990480807)	(8, 0.0)	(9, 0.16143248552891604)	(10, 0.08857507076742238)	(15, 0.12001418820902256)	(20, 0.04943342775332034)	(25, 0.14472329122619726)	(30, 0.12653255358510962)	(35, 0.13306893879027257)	(40, 0.045274652666535416)	(45, 0.18509711000611503)	(50, 0.014736750527537493)	(55, 0.05298937799909486)	(60, 0.16428588628953975)	(65, 0.06344155040952888)	(70, 0.11136690874068542)	(75, 0.004518723970685678)	(80, 0.027307875758247967)	(85, 0.03905367043240242)	(90, 0.002720658417244878)	(95, 0.03065463929257643)	(100, 0.011115100656498749)	(105, 0.054712118428510405)	(110, 0.020904344820868042)	(115, 0.12702155130705067)	(120, 0.17940888793596452)	(125, 0.07456470962312989)	(130, 0.012017882900759782)	(135, 0.06935440475890478)	(140, 0.13766981527363958)	(145, 0.02783974052699684)	(150, 0.08778538813360343)
raw_fastq | fastqc_results | RNP_Cas3_S67_L002_R2_001	(1, 0.07028404886017334)	(2, 0.03197736190138834)	(3, 0.002483042907132533)	(4, 0.0015809322092966884)	(5, 0.17219345737053232)	(6, 0.00512277998014226)	(7, 8.338368112750674e-05)	(8, 0.003560874919559231)	(9, 0.006857608245211193)	(10, 0.0015600023457116633)	(15, 0.006159983433845086)	(20, 0.03682245743471538)	(25, 0.019864343257060265)	(30, 0.09600472464248952)	(35, 0.002856310795132849)	(40, 0.018320122252340518)	(45, 0.044113772746193804)	(50, 0.0037720762702808486)	(55, 0.03242349257652155)	(60, 0.002634924323629213)	(65, 0.02790577592547366)	(70, 0.10249925012048242)	(75, 0.11134821736518435)	(80, 0.052694009496416346)	(85, 0.03152921658697957)	(90, 0.06989197767226776)	(95, 0.00401103487324357)	(100, 0.004535960328932169)	(105, 0.014781744138025086)	(110, 0.05478419774481391)	(115, 0.02736014445500843)	(120, 0.028222633913758184)	(125, 0.010788057547432206)	(130, 0.05353847912609023)	(135, 0.020014993505110767)	(140, 0.052696359908904505)	(145, 0.02859310369165355)	(150, 0.001513217944756901)
raw_fastq | fastqc_results | RNP_Cas4_S68_L002_R1_001	(1, 0.0022352559333260803)	(2, 0.008428434330084581)	(3, 0.020735461811198532)	(4, 0.044141880548459925)	(5, 0.0)	(6, 0.000467432717698001)	(7, 0.19284833800086665)	(8, 0.0)	(9, 0.1606607746060671)	(10, 0.08854091011420175)	(15, 0.11996203030609179)	(20, 0.04957191095990104)	(25, 0.14501556965903262)	(30, 0.1270615155857812)	(35, 0.13363706126832242)	(40, 0.04542555086823735)	(45, 0.1858300127100204)	(50, 0.01474194919150372)	(55, 0.05275618955975966)	(60, 0.16442183832964397)	(65, 0.06338961263936116)	(70, 0.11090848099427114)	(75, 0.004430847210450633)	(80, 0.027312472034891812)	(85, 0.03889809095352198)	(90, 0.002657043785118324)	(95, 0.030682503270869594)	(100, 0.011012006967408077)	(105, 0.05462177089728751)	(110, 0.02084164104472262)	(115, 0.1271917377032182)	(120, 0.17979939838114015)	(125, 0.07472284229945361)	(130, 0.012036575548367534)	(135, 0.06924509225547465)	(140, 0.13765954558754132)	(145, 0.02835388283909992)	(150, 0.08752219969785051)
raw_fastq | fastqc_results | RNP_Cas4_S68_L002_R2_001	(1, 0.06948149360643577)	(2, 0.0312746660766844)	(3, 0.002348147647130428)	(4, 0.0015548545230998781)	(5, 0.17277558106097365)	(6, 0.005080127121195638)	(7, 8.0549763363102e-05)	(8, 0.0035142885394553367)	(9, 0.006714921182178595)	(10, 0.0015383784351392434)	(15, 0.00600669349006332)	(20, 0.03650417639538979)	(25, 0.019686728301230142)	(30, 0.09589156420146883)	(35, 0.0028121631021402974)	(40, 0.018539748488977974)	(45, 0.044221453951054986)	(50, 0.0036824666817498134)	(55, 0.03211067498431659)	(60, 0.0025807656001153863)	(65, 0.028048403963800154)	(70, 0.10206106584960241)	(75, 0.11210000726656502)	(80, 0.05318993783096036)	(85, 0.03131188983096583)	(90, 0.07004497581468945)	(95, 0.003929608001159331)	(100, 0.00442035133219423)	(105, 0.01474976007764802)	(110, 0.05474955211280443)	(115, 0.027441229611176773)	(120, 0.027889623293898037)	(125, 0.01086042695817024)	(130, 0.05370911766936436)	(135, 0.01974714062375247)	(140, 0.05243447868669127)	(145, 0.02847946724288876)	(150, 0.0014407423583354835)
trimmed_fastp | fastqc_results | Control_MNP_III_S56_L002_R1_filtered	(1, 0.0017656362569270115)	(2, 0.006782562312277849)	(3, 0.020635257259727976)	(4, 0.04428279468275644)	(5, 0.0)	(6, 7.587607464232967e-07)	(7, 0.1959309937451558)	(8, 0.0)	(9, 0.16308727607547696)	(10, 0.0898463775054754)	(15, 0.11972637569962483)	(20, 0.04921018697002933)	(25, 0.1451067709153348)	(30, 0.12545972365174854)	(35, 0.13325872185993506)	(40, 0.04404924812500735)	(45, 0.18624495756061457)	(50, 0.01196969409256676)	(55, 0.05159540842034515)	(60, 0.1638040106538773)	(65, 0.06069495239776731)	(70, 0.10951558331180626)	(75, 0.0020363268491006606)	(80, 0.026806737394334805)	(85, 0.03723929495659694)	(90, 0.0003362741420012817)	(95, 0.02837331589862703)	(100, 0.009202400810689938)	(105, 0.051744681604511435)	(110, 0.017937912745735793)	(115, 0.12703627802634723)	(120, 0.17793648680989824)	(125, 0.07068018721612335)	(130, 0.01050629759730385)	(135, 0.06856886249894883)	(140, 0.1366741999486188)	(145, 0.026038859828646684)	(150, 0.08649693225688532)
trimmed_fastp | fastqc_results | Control_MNP_III_S56_L002_R2_filtered	(1, 0.05806795992377489)	(2, 0.027436029829919988)	(3, 0.0)	(4, 0.0005394788907069639)	(5, 0.17357410835179335)	(6, 0.0047437721866384515)	(7, 3.490299433547165e-05)	(8, 0.0007102000586522057)	(9, 0.001785364036334017)	(10, 0.0009052015704829929)	(15, 0.002219223431138858)	(20, 0.03382176027181845)	(25, 0.018347897113560305)	(30, 0.09512355849684943)	(35, 0.0011483085136370173)	(40, 0.016142786632304923)	(45, 0.04297120085648913)	(50, 0.0019206126369126855)	(55, 0.028605233394039083)	(60, 0.0011046827550577757)	(65, 0.02734873947194927)	(70, 0.1011763736547526)	(75, 0.1123586439731762)	(80, 0.05260913962877624)	(85, 0.028440997087972958)	(90, 0.06963824381943752)	(95, 0.0013355465160026473)	(100, 0.00227965241772137)	(105, 0.012122602555651323)	(110, 0.05296715731179369)	(115, 0.026008701292880923)	(120, 0.02612618082110547)	(125, 0.009110245288165777)	(130, 0.05096715643471762)	(135, 0.017855120813140998)	(140, 0.051118389733208106)	(145, 0.02705201041512826)	(150, 0.00020746078767737834)
trimmed_fastp | fastqc_results | Control_MNP_II_S55_L002_R1_filtered	(1, 0.0016745095485393633)	(2, 0.0067210636929282645)	(3, 0.019389057930455783)	(4, 0.04351660471140134)	(5, 0.0)	(6, 1.5879654324697613e-06)	(7, 0.19524034992215714)	(8, 0.0)	(9, 0.16402968332968024)	(10, 0.08947581785102766)	(15, 0.1190129276742247)	(20, 0.04884264077190492)	(25, 0.14260977640763886)	(30, 0.12308224789147171)	(35, 0.13192086348859838)	(40, 0.04357107192573505)	(45, 0.1845987583730043)	(50, 0.011815426796321698)	(55, 0.051127670995823195)	(60, 0.16318017019389372)	(65, 0.06070379534777729)	(70, 0.10907199210210036)	(75, 0.0020287963165928017)	(80, 0.026500069229577185)	(85, 0.03706163109115182)	(90, 0.00032267572676400463)	(95, 0.028195063118312116)	(100, 0.009135365373737103)	(105, 0.051569042452172136)	(110, 0.017758233807004337)	(115, 0.12667862883592176)	(120, 0.17631603846280708)	(125, 0.07028278876089257)	(130, 0.0103109749081686)	(135, 0.06831254948281239)	(140, 0.13655251886390346)	(145, 0.025843682764868436)	(150, 0.08668827065187505)
trimmed_fastp | fastqc_results | Control_MNP_II_S55_L002_R2_filtered	(1, 0.05706353781580087)	(2, 0.026653999784004942)	(3, 0.0)	(4, 0.0005899291581625163)	(5, 0.17323194301084247)	(6, 0.0046209794084870045)	(7, 3.9699135811744026e-05)	(8, 0.0006756792915158834)	(9, 0.0018491857461110368)	(10, 0.0009145092925593356)	(15, 0.0021910747037217765)	(20, 0.03416094756946249)	(25, 0.018358627161326156)	(30, 0.0947939140843689)	(35, 0.001151274938540577)	(40, 0.015360230831736753)	(45, 0.042913177847062826)	(50, 0.0019195880972731184)	(55, 0.02856468131805583)	(60, 0.0011106107880225306)	(65, 0.027030633674334496)	(70, 0.10116310547249358)	(75, 0.11142076230919928)	(80, 0.05190433623684739)	(85, 0.028153403138295858)	(90, 0.06923411622280719)	(95, 0.0013372998625808446)	(100, 0.0022729937006785547)	(105, 0.012195643313362701)	(110, 0.05307749711557871)	(115, 0.025858439527807607)	(120, 0.026504982838917432)	(125, 0.008974212617324374)	(130, 0.05112193300644473)	(135, 0.01804249880800847)	(140, 0.05075905303384201)	(145, 0.02730623949032495)	(150, 0.00020667198901214525)
trimmed_fastp | fastqc_results | Control_MNP_I_S54_L002_R1_filtered	(1, 0.001765435561783957)	(2, 0.006762515880731767)	(3, 0.020320705158472507)	(4, 0.04413022800523452)	(5, 0.0)	(6, 1.617439818400327e-06)	(7, 0.19510044321490264)	(8, 0.0)	(9, 0.16283817987718052)	(10, 0.08956945005550043)	(15, 0.1204069106571937)	(20, 0.049011014401239346)	(25, 0.14325567425182592)	(30, 0.12438451865860378)	(35, 0.13214628885914326)	(40, 0.04365874429817082)	(45, 0.1847489901211224)	(50, 0.01194857819554554)	(55, 0.05132981877266887)	(60, 0.16266859846410425)	(65, 0.06084231753310178)	(70, 0.10909164489908778)	(75, 0.0020352860708210967)	(80, 0.026357345482630527)	(85, 0.036968184060647655)	(90, 0.00032713555640125313)	(95, 0.028343860596674885)	(100, 0.009229792579295478)	(105, 0.05176902396482829)	(110, 0.01784371986195065)	(115, 0.12665325227493957)	(120, 0.1774789902748758)	(125, 0.0702870507263204)	(130, 0.010448920763975598)	(135, 0.0683480813667191)	(140, 0.13655467548380887)	(145, 0.025896717502188027)	(150, 0.08630805755329227)
trimmed_fastp | fastqc_results | Control_MNP_I_S54_L002_R2_filtered	(1, 0.05853999934736303)	(2, 0.02730804517396192)	(3, 0.0)	(4, 0.0005766172952597166)	(5, 0.17275955572324814)	(6, 0.0046921929131793485)	(7, 4.852319455200981e-05)	(8, 0.0006340364088129281)	(9, 0.00183013315451997)	(10, 0.0009138534973961847)	(15, 0.0022252737021551698)	(20, 0.0342382895638618)	(25, 0.01830165503316338)	(30, 0.09456928002213952)	(35, 0.0011398098400267104)	(40, 0.0164302771632742)	(45, 0.04309409605756727)	(50, 0.0019340090176777707)	(55, 0.028601626487886243)	(60, 0.0011140120598740744)	(65, 0.02696441724483415)	(70, 0.101198483453389)	(75, 0.11138486120742246)	(80, 0.052235462103240954)	(85, 0.02819995766399347)	(90, 0.06915829611330265)	(95, 0.001353133470229285)	(100, 0.0022686089321471343)	(105, 0.012129473706517907)	(110, 0.05327973007702721)	(115, 0.026071613313998866)	(120, 0.02650369941353423)	(125, 0.008905291822427497)	(130, 0.051152713573201246)	(135, 0.017946189172971423)	(140, 0.05081100712463405)	(145, 0.027105224164884225)	(150, 0.00023035406845739806)
trimmed_fastp | fastqc_results | Only_MNP_C1_S57_L002_R1_filtered	(1, 0.0017740857250102759)	(2, 0.006605166742292131)	(3, 0.020224222625292054)	(4, 0.0438973175495796)	(5, 0.0)	(6, 8.865995627237761e-07)	(7, 0.19388957177249988)	(8, 0.0)	(9, 0.16200301849913926)	(10, 0.08772548033326674)	(15, 0.11927725361174286)	(20, 0.04802195603528315)	(25, 0.14156849445756914)	(30, 0.12279953635453188)	(35, 0.1304173771173671)	(40, 0.04325293698739196)	(45, 0.18257017783529286)	(50, 0.011651891932681815)	(55, 0.05066128198300087)	(60, 0.16174147847652673)	(65, 0.06060547981930512)	(70, 0.10857736773888964)	(75, 0.0020024088228612212)	(80, 0.02628553817260345)	(85, 0.03688071432332173)	(90, 0.0003361402675987771)	(95, 0.027805752693726007)	(100, 0.009268715347896712)	(105, 0.05139959144207842)	(110, 0.01755104746907813)	(115, 0.12576648596950782)	(120, 0.1764298451291478)	(125, 0.06985085714490862)	(130, 0.010117079447221865)	(135, 0.06823646435230225)	(140, 0.13650054147665078)	(145, 0.025136646706801918)	(150, 0.08664017697318309)
trimmed_fastp | fastqc_results | Only_MNP_C1_S57_L002_R2_filtered	(1, 0.05828860165171193)	(2, 0.02732322532402133)	(3, 0.0)	(4, 0.0005691969192686642)	(5, 0.17211911950981754)	(6, 0.004698977682436013)	(7, 5.496917288887411e-05)	(8, 0.0006773620659209649)	(9, 0.0017909311167020275)	(10, 0.0008988346366893641)	(15, 0.002188305040714824)	(20, 0.03438658672032911)	(25, 0.018410062600046666)	(30, 0.09411236626321628)	(35, 0.001127045364134464)	(40, 0.015876515689607205)	(45, 0.042986425158837195)	(50, 0.0019042717991221594)	(55, 0.028681369627651606)	(60, 0.0010856006704277946)	(65, 0.02635605900433733)	(70, 0.1010033502655619)	(75, 0.10951144548386973)	(80, 0.050881585939905)	(85, 0.027811747833161368)	(90, 0.06876258306670413)	(95, 0.0013509608614358597)	(100, 0.0022209391395821405)	(105, 0.011855772444902291)	(110, 0.053027778773835826)	(115, 0.02603566057440121)	(120, 0.027192924758402123)	(125, 0.008730218680468712)	(130, 0.051181284294256765)	(135, 0.01812575439742935)	(140, 0.05076571164238153)	(145, 0.027460271919183193)	(150, 0.00023718383853894468)
trimmed_fastp | fastqc_results | Only_MNP_C2_S58_L002_R1_filtered	(1, 0.0018791674392294412)	(2, 0.006566697009001245)	(3, 0.02063676581869395)	(4, 0.04408688050151513)	(5, 0.0)	(6, 1.6622445282878738e-06)	(7, 0.19647480987683424)	(8, 0.0)	(9, 0.1647666643774789)	(10, 0.09031223858867261)	(15, 0.11997183393136597)	(20, 0.04934439372003685)	(25, 0.14605261680465553)	(30, 0.12654617726519735)	(35, 0.1339079258320787)	(40, 0.04434934891253179)	(45, 0.18672657684069)	(50, 0.012007166110537619)	(55, 0.05193132326318598)	(60, 0.164977246303858)	(65, 0.06107722764380327)	(70, 0.10924452138091974)	(75, 0.0020137487207950535)	(80, 0.026890017095310213)	(85, 0.037543308553060185)	(90, 0.00032742610624627715)	(95, 0.028500661396105027)	(100, 0.009218266989308627)	(105, 0.05225824970987794)	(110, 0.01800997772489183)	(115, 0.1280905100012482)	(120, 0.17875585904031707)	(125, 0.07096871954647269)	(130, 0.010549684379167281)	(135, 0.06852814755038)	(140, 0.1372183504179148)	(145, 0.026164270346881718)	(150, 0.08731690379636622)
trimmed_fastp | fastqc_results | Only_MNP_C2_S58_L002_R2_filtered	(1, 0.05841709057988489)	(2, 0.027235876595996814)	(3, 8.311222641439369e-07)	(4, 0.0005718121177310286)	(5, 0.17599013943247863)	(6, 0.004567016841470933)	(7, 5.485406943349983e-05)	(8, 0.0006698845449000132)	(9, 0.0017054628860233585)	(10, 0.0009188887752375366)	(15, 0.0021815297189250057)	(20, 0.033836815842280786)	(25, 0.018653043198635203)	(30, 0.09552121426696833)	(35, 0.0011467825000658041)	(40, 0.016052295409676)	(45, 0.0427228426416021)	(50, 0.0019395505159921708)	(55, 0.028670488758840523)	(60, 0.0010991658058433554)	(65, 0.027396005789477356)	(70, 0.10198643744062867)	(75, 0.11289110415618402)	(80, 0.05296481007971551)	(85, 0.028658282459326424)	(90, 0.07016025585825982)	(95, 0.0013369158273390993)	(100, 0.002218855385354075)	(105, 0.012144054819906184)	(110, 0.05351620172162062)	(115, 0.026003094768561826)	(120, 0.026218093808376804)	(125, 0.009130552998483319)	(130, 0.05082625714481913)	(135, 0.018103967843010587)	(140, 0.051314582540374125)	(145, 0.027281180236745164)	(150, 0.00021386716010680484)
trimmed_fastp | fastqc_results | Only_MNP_C3_S59_L002_R1_filtered	(1, 0.001768841708426392)	(2, 0.006618627512418234)	(3, 0.020029410738173905)	(4, 0.04396729864327795)	(5, 0.0)	(6, 2.4555877488566293e-06)	(7, 0.19387110835997973)	(8, 0.0)	(9, 0.16008385799421176)	(10, 0.08700736735258763)	(15, 0.11929441730965412)	(20, 0.04758290604469445)	(25, 0.1400045169718111)	(30, 0.12189455732399346)	(35, 0.12972820965454596)	(40, 0.042807442696568)	(45, 0.1816930301841501)	(50, 0.011580871738553001)	(55, 0.05044769438186813)	(60, 0.1601503125888815)	(65, 0.060606441189583256)	(70, 0.10890715883470503)	(75, 0.002028159299555114)	(80, 0.026088947438037986)	(85, 0.0363981581970693)	(90, 0.0003338416232152828)	(95, 0.027643704016764078)	(100, 0.009343681294704942)	(105, 0.05069444727028227)	(110, 0.017413630361953602)	(115, 0.12449184431384727)	(120, 0.17576360500329158)	(125, 0.06986996325500384)	(130, 0.010057647806094588)	(135, 0.06821855292695107)	(140, 0.13595039617297458)	(145, 0.02469202630900458)	(150, 0.08516000281367235)
trimmed_fastp | fastqc_results | Only_MNP_C3_S59_L002_R2_filtered	(1, 0.058280101102113624)	(2, 0.027285672536045247)	(3, 0.0)	(4, 0.0005975263522217798)	(5, 0.1712903419507438)	(6, 0.004805585224512424)	(7, 4.911175497713259e-05)	(8, 0.0006711939846874786)	(9, 0.001741830243188969)	(10, 0.0009010369979804593)	(15, 0.002184981978932629)	(20, 0.034925660846137914)	(25, 0.018228973800712225)	(30, 0.09338485614806814)	(35, 0.0011623115344588045)	(40, 0.015724601708578312)	(45, 0.04327580513319992)	(50, 0.001903134245658736)	(55, 0.02897572908712955)	(60, 0.0010995840453107261)	(65, 0.026277838388213043)	(70, 0.1007882405905278)	(75, 0.10846611243966599)	(80, 0.05064736787546697)	(85, 0.02767470099965279)	(90, 0.06839277654963559)	(95, 0.0013688020834738627)	(100, 0.0022343461316196313)	(105, 0.011798677371574178)	(110, 0.053073488035422556)	(115, 0.026075068155248137)	(120, 0.02769604335839137)	(125, 0.00867202207062046)	(130, 0.05110137378507024)	(135, 0.018243943007037407)	(140, 0.05082895233443119)	(145, 0.02753906878264237)	(150, 0.00023561284704845862)
trimmed_fastp | fastqc_results | Only_MNP_C4_S60_L002_R1_filtered	(1, 0.0017495480660156921)	(2, 0.006728518822869104)	(3, 0.02033038109443354)	(4, 0.043503153552065736)	(5, 0.0)	(6, 8.323254357829174e-07)	(7, 0.19360555496659285)	(8, 0.0)	(9, 0.1629992840419834)	(10, 0.08862484714655494)	(15, 0.11947016193632122)	(20, 0.04856119522531853)	(25, 0.14369832304652616)	(30, 0.12459628783022107)	(35, 0.13180539135971123)	(40, 0.04368992737985542)	(45, 0.18419545005471832)	(50, 0.011762553360491023)	(55, 0.051144219590399734)	(60, 0.16278526357846335)	(65, 0.06052362131817401)	(70, 0.1087552351576036)	(75, 0.001978488831830643)	(80, 0.026538409283792)	(85, 0.03708644857619078)	(90, 0.00031646663110244933)	(95, 0.028304325971107207)	(100, 0.009220834381115543)	(105, 0.05170485540130173)	(110, 0.017613886912668176)	(115, 0.12604403844114617)	(120, 0.17783800333057578)	(125, 0.07026922545969357)	(130, 0.01028951887731841)	(135, 0.06856869843911317)	(140, 0.13674235451204433)	(145, 0.025973147147816653)	(150, 0.08698264244739913)
trimmed_fastp | fastqc_results | Only_MNP_C4_S60_L002_R2_filtered	(1, 0.05779584593532999)	(2, 0.027440937292326998)	(3, 0.0)	(4, 0.0005718075743828642)	(5, 0.17350489569243538)	(6, 0.0048141703205683934)	(7, 2.5802088509270437e-05)	(8, 0.0007207938273880064)	(9, 0.001722081326634856)	(10, 0.0009072347250033798)	(15, 0.002155057018329129)	(20, 0.0341173525429161)	(25, 0.01839838729289423)	(30, 0.09461342865701303)	(35, 0.001120975896912433)	(40, 0.01621852697657877)	(45, 0.042937172255733354)	(50, 0.0018396202546991367)	(55, 0.028555680408680225)	(60, 0.001080024311407214)	(65, 0.026816092667970963)	(70, 0.10097407230616887)	(75, 0.11088453729146373)	(80, 0.0519500144923924)	(85, 0.028041444930962677)	(90, 0.0689884988933898)	(95, 0.0013259461171272991)	(100, 0.0022287477678053272)	(105, 0.012000792308827484)	(110, 0.053373366677309964)	(115, 0.02607152355949323)	(120, 0.026508195527530733)	(125, 0.009001526298886432)	(130, 0.05092201196369021)	(135, 0.018004607887986603)	(140, 0.050949323545613656)	(145, 0.027354679365336254)	(150, 0.00022546392325473898)
trimmed_fastp | fastqc_results | Plasmid_Ko_P1_S61_L002_R1_filtered	(1, 0.0017425499458277427)	(2, 0.006908916212795974)	(3, 0.02035904721529794)	(4, 0.04387903648873783)	(5, 0.0)	(6, 4.031813849670853e-06)	(7, 0.1935399665885199)	(8, 0.0)	(9, 0.16075648181407626)	(10, 0.08699702779521179)	(15, 0.1193042747177323)	(20, 0.047725870718985784)	(25, 0.13974573220811753)	(30, 0.1212935716711599)	(35, 0.1290498138826027)	(40, 0.04284737596088405)	(45, 0.18139936872439102)	(50, 0.011608783021848623)	(55, 0.05041470198679043)	(60, 0.16013161412867793)	(65, 0.060831175614947275)	(70, 0.10917916704652182)	(75, 0.0020624760349620716)	(80, 0.02600812389238926)	(85, 0.036583109008849174)	(90, 0.0003473973624398671)	(95, 0.02760797773992927)	(100, 0.009420037052296878)	(105, 0.050933237941087894)	(110, 0.017334483495655244)	(115, 0.12452350946681112)	(120, 0.1758182062492434)	(125, 0.06964106807664264)	(130, 0.009993998462786974)	(135, 0.06837534775483764)	(140, 0.13669772486465684)	(145, 0.024837736667727768)	(150, 0.08540228945303327)
trimmed_fastp | fastqc_results | Plasmid_Ko_P1_S61_L002_R2_filtered	(1, 0.05817826748798048)	(2, 0.02689542382838433)	(3, 0.0)	(4, 0.0006079975285303646)	(5, 0.17020302166385506)	(6, 0.004660776810219506)	(7, 3.870541295684019e-05)	(8, 0.0006878274427538475)	(9, 0.0018562470963884607)	(10, 0.0009065130259599946)	(15, 0.0022095952621736144)	(20, 0.03516096476531755)	(25, 0.01841668057508051)	(30, 0.09311990157987593)	(35, 0.001161001116151219)	(40, 0.015636986834563438)	(45, 0.04355342720223841)	(50, 0.0019072482575686368)	(55, 0.029076411362225083)	(60, 0.0011010864849452767)	(65, 0.026316950508621623)	(70, 0.10082149670392306)	(75, 0.10856026364479468)	(80, 0.05041207680588535)	(85, 0.02762143736674969)	(90, 0.06818468824538768)	(95, 0.0013432450424786437)	(100, 0.0022702797315964827)	(105, 0.011873176147251783)	(110, 0.05320704496198978)	(115, 0.02618401268472256)	(120, 0.027902652377948575)	(125, 0.008651774575294832)	(130, 0.05150978154015054)	(135, 0.018377454882693264)	(140, 0.05073915925246181)	(145, 0.027641431604637126)	(150, 0.00023316066210160374)
trimmed_fastp | fastqc_results | Plasmid_Ko_P2_S62_L002_R1_filtered	(1, 0.0017761234813960497)	(2, 0.006449573910834943)	(3, 0.020287821504277454)	(4, 0.0439882499183269)	(5, 0.0)	(6, 8.16608497193586e-07)	(7, 0.1957239079988615)	(8, 0.0)	(9, 0.16580418927018573)	(10, 0.08990745228911776)	(15, 0.11941968337769396)	(20, 0.04933736221834377)	(25, 0.14562971302531874)	(30, 0.12645117250362903)	(35, 0.13352479862801933)	(40, 0.04425626082710584)	(45, 0.18637896700037698)	(50, 0.011835989115502689)	(55, 0.0517989121083154)	(60, 0.16512565297357507)	(65, 0.06055266553433626)	(70, 0.1087433066211932)	(75, 0.0019658243320958483)	(80, 0.026808854004875232)	(85, 0.03739554284218226)	(90, 0.00032461148672761897)	(95, 0.02871802876267474)	(100, 0.009256076468755666)	(105, 0.05231994075382706)	(110, 0.01792484016695987)	(115, 0.12825775832373362)	(120, 0.17815469879810192)	(125, 0.07078021184493091)	(130, 0.010480351973225877)	(135, 0.06861112310888201)	(140, 0.13741020212278793)	(145, 0.02610318116516958)	(150, 0.08812930373830927)
trimmed_fastp | fastqc_results | Plasmid_Ko_P2_S62_L002_R2_filtered	(1, 0.058103327792318034)	(2, 0.02707220489896176)	(3, 1.633216994387172e-06)	(4, 0.0005185463957179271)	(5, 0.17602241139556904)	(6, 0.004613838009143761)	(7, 3.348094838493703e-05)	(8, 0.0007226985200163236)	(9, 0.0017622411369437587)	(10, 0.000906762075283758)	(15, 0.0021499668514112736)	(20, 0.03358580091597669)	(25, 0.01880339057807895)	(30, 0.09562501834306837)	(35, 0.0011205501798490388)	(40, 0.01599099091374424)	(45, 0.04263790610736758)	(50, 0.0018231875729823235)	(55, 0.028573205523044026)	(60, 0.0010769943752832922)	(65, 0.027332557490808315)	(70, 0.10225199966676615)	(75, 0.11299034065233762)	(80, 0.05262549783070998)	(85, 0.028387514606782904)	(90, 0.070152715150729)	(95, 0.0013305626405316654)	(100, 0.002217408406368437)	(105, 0.012107709120960644)	(110, 0.05374315030533265)	(115, 0.026234204857065412)	(120, 0.026036737840710415)	(125, 0.00907943751659679)	(130, 0.05045073902275065)	(135, 0.018079346727072784)	(140, 0.05166486171115798)	(145, 0.027525649540110116)	(150, 0.00021955485994999926)
trimmed_fastp | fastqc_results | Plasmid_Ko_P3_S63_L002_R1_filtered	(1, 0.00186050178335024)	(2, 0.007028866296215833)	(3, 0.020788371396904592)	(4, 0.044228869845761395)	(5, 0.0)	(6, 1.8240213562257256e-06)	(7, 0.19503804356782625)	(8, 0.0)	(9, 0.16243639785732575)	(10, 0.08966925467632791)	(15, 0.11981430842426362)	(20, 0.04877396626120466)	(25, 0.14323656665955817)	(30, 0.1242966585050527)	(35, 0.13188531695549421)	(40, 0.043466976125265906)	(45, 0.18473524133932087)	(50, 0.0118678262733534)	(55, 0.051455488886214415)	(60, 0.1622480633275672)	(65, 0.060674463673289776)	(70, 0.1090653174796752)	(75, 0.0020752894167078186)	(80, 0.026485189884752583)	(85, 0.03685057381852109)	(90, 0.0003499319176524032)	(95, 0.02820720370116752)	(100, 0.009204490862734872)	(105, 0.05134351925968673)	(110, 0.017816778022202263)	(115, 0.126395050177725)	(120, 0.17739766454031)	(125, 0.07034693801362915)	(130, 0.0102864715222457)	(135, 0.06831445129847896)	(140, 0.13599803844990563)	(145, 0.025611291439924008)	(150, 0.08554522289576888)
trimmed_fastp | fastqc_results | Plasmid_Ko_P3_S63_L002_R2_filtered	(1, 0.05861948633570425)	(2, 0.027039292584690153)	(3, 0.0)	(4, 0.0005855108553484579)	(5, 0.17263358924930566)	(6, 0.004665846629225406)	(7, 4.7424555261868865e-05)	(8, 0.0007642649482585789)	(9, 0.001874181943521933)	(10, 0.0009202187742158785)	(15, 0.002177151890791026)	(20, 0.03406797647877036)	(25, 0.018282895661992937)	(30, 0.09431120662578676)	(35, 0.0011644552338145031)	(40, 0.01626315681424419)	(45, 0.04303523027024728)	(50, 0.0019546859860447388)	(55, 0.028464578572619352)	(60, 0.0011286932152239156)	(65, 0.02700026019079994)	(70, 0.10114096090502198)	(75, 0.11098230670334865)	(80, 0.051916213881301264)	(85, 0.0283867156133795)	(90, 0.06903459004595208)	(95, 0.0013399055640199414)	(100, 0.002279430935200991)	(105, 0.012146747492847838)	(110, 0.05279058380385138)	(115, 0.026008969504393707)	(120, 0.026603393850499944)	(125, 0.009018024891073175)	(130, 0.05112618118986065)	(135, 0.01794870623775826)	(140, 0.050863110940974676)	(145, 0.02719742617491581)	(150, 0.0002220015499123592)
trimmed_fastp | fastqc_results | Plasmid_Ko_P4_S64_L002_R1_filtered	(1, 0.0017625183304210035)	(2, 0.006806302963246509)	(3, 0.020382050141384715)	(4, 0.04415175433610714)	(5, 0.0)	(6, 2.5130964787371726e-06)	(7, 0.19321858506888126)	(8, 0.0)	(9, 0.16273388708297312)	(10, 0.08901555267452314)	(15, 0.11923671060969437)	(20, 0.04874133866534221)	(25, 0.14316490742234247)	(30, 0.12416539542379372)	(35, 0.1314847051482331)	(40, 0.043746308104204205)	(45, 0.1845296377635301)	(50, 0.011951310928634135)	(55, 0.05127143582490478)	(60, 0.16294933351474802)	(65, 0.06067639364993281)	(70, 0.10846529560170941)	(75, 0.0019782722748516663)	(80, 0.026459461138218867)	(85, 0.03696070972084901)	(90, 0.00032323561240362765)	(95, 0.027985268806518623)	(100, 0.009223703120217707)	(105, 0.05153413398719984)	(110, 0.01761640326771505)	(115, 0.12616123270669766)	(120, 0.17679706610955676)	(125, 0.07003829554415915)	(130, 0.010406368064908496)	(135, 0.06812577637482138)	(140, 0.1361833168069374)	(145, 0.02586630632871306)	(150, 0.08626128258414636)
trimmed_fastp | fastqc_results | Plasmid_Ko_P4_S64_L002_R2_filtered	(1, 0.05799472743981773)	(2, 0.02721599716589733)	(3, 0.0)	(4, 0.0005637713100633724)	(5, 0.1727075293082547)	(6, 0.004702841210543495)	(7, 4.8586531922252e-05)	(8, 0.000686075338695248)	(9, 0.0016862877372326424)	(10, 0.0008886309148814642)	(15, 0.00216293836936646)	(20, 0.034015263459003374)	(25, 0.01818845199497766)	(30, 0.09429456313775844)	(35, 0.001128882938248738)	(40, 0.01622756658250167)	(45, 0.04272565585430642)	(50, 0.0018491572772338022)	(55, 0.028508623290377382)	(60, 0.0010831670061743923)	(65, 0.026804433257829843)	(70, 0.10062638866382315)	(75, 0.11141198147739523)	(80, 0.05201874677644979)	(85, 0.02818431969144402)	(90, 0.0692128407433263)	(95, 0.0013298827635806372)	(100, 0.0022394235112594926)	(105, 0.011993052126242623)	(110, 0.05278991969942837)	(115, 0.025984974460396038)	(120, 0.026489187938040795)	(125, 0.009004372484660413)	(130, 0.0510963916699516)	(135, 0.01786624497286945)	(140, 0.05089877848564931)	(145, 0.027160724252326043)	(150, 0.00021085443577652062)
trimmed_fastp | fastqc_results | RNP_Cas1_S65_L002_R1_filtered	(1, 0.0017969065035212469)	(2, 0.006669731889677257)	(3, 0.02011957706853379)	(4, 0.04387917331134348)	(5, 0.0)	(6, 1.2835046453723191e-06)	(7, 0.19395359572382456)	(8, 0.0)	(9, 0.16267394576377847)	(10, 0.08813004956798677)	(15, 0.11958669481862971)	(20, 0.048321767940370686)	(25, 0.1421335075220271)	(30, 0.12321131193716114)	(35, 0.13128083399308146)	(40, 0.043587047654056736)	(45, 0.18334376127378338)	(50, 0.011676983005855133)	(55, 0.05088902578112165)	(60, 0.16201119940197742)	(65, 0.06051226820711698)	(70, 0.10866299771058059)	(75, 0.0019756828953905485)	(80, 0.02646800988664204)	(85, 0.03686795888019733)	(90, 0.00031675626754596115)	(95, 0.0280470713009614)	(100, 0.009331885429373878)	(105, 0.051485137790986)	(110, 0.017627482656325584)	(115, 0.12610076799641462)	(120, 0.17677347263750756)	(125, 0.0700393495431321)	(130, 0.010189276644029969)	(135, 0.06839518770704894)	(140, 0.13619523423785868)	(145, 0.02534523238194599)	(150, 0.08664513334916883)
trimmed_fastp | fastqc_results | RNP_Cas1_S65_L002_R2_filtered	(1, 0.05824544080699584)	(2, 0.027383571609018432)	(3, 6.417523226861596e-07)	(4, 0.0005602497777050173)	(5, 0.17279630514950725)	(6, 0.004716879571743274)	(7, 5.198193813757892e-05)	(8, 0.0006898837468876216)	(9, 0.0017474915746744125)	(10, 0.0009066676814910063)	(15, 0.0021752836729770067)	(20, 0.03439163532321583)	(25, 0.018460647314390066)	(30, 0.09418421262974347)	(35, 0.0011160072891512316)	(40, 0.015953706041048853)	(45, 0.042963777798263936)	(50, 0.0019108246062565933)	(55, 0.028640964306753395)	(60, 0.0010907958815616324)	(65, 0.02669186410979325)	(70, 0.10128708498545264)	(75, 0.10984108618862216)	(80, 0.05134874023410631)	(85, 0.027944247512268646)	(90, 0.06893612457917087)	(95, 0.001315303146298883)	(100, 0.002231059121845078)	(105, 0.011931455749954134)	(110, 0.05340887189972667)	(115, 0.0261514531374334)	(120, 0.026971348941584046)	(125, 0.008724685787074063)	(130, 0.05093011219267623)	(135, 0.018193252317699474)	(140, 0.0510266285838956)	(145, 0.027586612335108764)	(150, 0.00022436641437355057)
trimmed_fastp | fastqc_results | RNP_Cas2_S66_L002_R1_filtered	(1, 0.0017994227879531035)	(2, 0.006569221421288001)	(3, 0.020193522398140384)	(4, 0.04419211792558486)	(5, 0.0)	(6, 3.495382260981165e-06)	(7, 0.19514579347767402)	(8, 0.0)	(9, 0.16379011736731638)	(10, 0.08948122661995606)	(15, 0.12003590093138725)	(20, 0.04891661640481744)	(25, 0.14428826121097896)	(30, 0.12490077396222084)	(35, 0.13277461185859746)	(40, 0.04404251556481487)	(45, 0.18572210308677836)	(50, 0.011873320496428854)	(55, 0.05149046328930669)	(60, 0.16391045777690977)	(65, 0.060934667377231494)	(70, 0.1090748721397621)	(75, 0.0020114030841220784)	(80, 0.026702646373098143)	(85, 0.037182428564922806)	(90, 0.00032564911742357413)	(95, 0.02838317118876795)	(100, 0.009254591152663099)	(105, 0.05200601994140372)	(110, 0.017832285969439688)	(115, 0.12716442565105202)	(120, 0.17815628222281976)	(125, 0.07046158956279468)	(130, 0.010374102515267724)	(135, 0.06865328910312385)	(140, 0.13712406483582473)	(145, 0.025778732770416625)	(150, 0.08717603846537707)
trimmed_fastp | fastqc_results | RNP_Cas2_S66_L002_R2_filtered	(1, 0.058314161336400966)	(2, 0.02763589030822148)	(3, 1.3981529043924658e-06)	(4, 0.0005774371495140884)	(5, 0.1744069914468206)	(6, 0.004637673183869809)	(7, 4.7537198749343835e-05)	(8, 0.000689988458317682)	(9, 0.0017204271488549293)	(10, 0.0008974743493295237)	(15, 0.0021604258678672382)	(20, 0.03397581465318912)	(25, 0.01849211012878519)	(30, 0.09491109323945462)	(35, 0.0011432696299217193)	(40, 0.016265551628540192)	(45, 0.04294971925474172)	(50, 0.001887861407162253)	(55, 0.028649635883643)	(60, 0.001075387844376587)	(65, 0.0271119457366176)	(70, 0.10174348074496294)	(75, 0.11164482169445354)	(80, 0.052311670853530064)	(85, 0.028295162152268884)	(90, 0.06962992195009211)	(95, 0.0013524854612128466)	(100, 0.0022184003829400605)	(105, 0.012092743470604727)	(110, 0.0535572524069048)	(115, 0.026176864032576002)	(120, 0.02648433064195673)	(125, 0.009097938226688107)	(130, 0.050974919205294754)	(135, 0.018200115659027218)	(140, 0.05122834309364533)	(145, 0.02751611567599567)	(150, 0.0002224794770375483)
trimmed_fastp | fastqc_results | RNP_Cas3_S67_L002_R1_filtered	(1, 0.0017957448071874158)	(2, 0.007011172889445024)	(3, 0.02052773894998611)	(4, 0.044024949183597256)	(5, 0.0)	(6, 2.8350881073372524e-06)	(7, 0.19568855450322503)	(8, 0.0)	(9, 0.16215173026391122)	(10, 0.08859593633666767)	(15, 0.1194116430105592)	(20, 0.04839450037814972)	(25, 0.14225689638300706)	(30, 0.12346230349479838)	(35, 0.13125459985957694)	(40, 0.04330483680433359)	(45, 0.1836253680100293)	(50, 0.011763951039480108)	(55, 0.05110047811281406)	(60, 0.16216035228750972)	(65, 0.060779561139911155)	(70, 0.1092795374241897)	(75, 0.002036592025631403)	(80, 0.026430406811216868)	(85, 0.036946912501205714)	(90, 0.00033829265204563246)	(95, 0.028021016607030918)	(100, 0.009338224845190994)	(105, 0.051356641257424326)	(110, 0.017687855166316088)	(115, 0.12592706143242785)	(120, 0.17691771910179932)	(125, 0.07012750782175979)	(130, 0.010249000490794306)	(135, 0.06846339866715655)	(140, 0.13663220877764226)	(145, 0.025240329351324205)	(150, 0.08594659359829523)
trimmed_fastp | fastqc_results | RNP_Cas3_S67_L002_R2_filtered	(1, 0.058582559597152584)	(2, 0.02770391396727816)	(3, 0.0)	(4, 0.0006038737668628347)	(5, 0.17230021165293563)	(6, 0.004846299610682298)	(7, 4.933053306766819e-05)	(8, 0.0006826892162468104)	(9, 0.0018513125340912258)	(10, 0.0009076818084450946)	(15, 0.00220921405676148)	(20, 0.03445278450503235)	(25, 0.018384752551412024)	(30, 0.09429741192404717)	(35, 0.001155808719599251)	(40, 0.015915957827542748)	(45, 0.04306771003503591)	(50, 0.0019357868186706782)	(55, 0.028808057842831802)	(60, 0.0011088410440729703)	(65, 0.02667761356175097)	(70, 0.10154842734177932)	(75, 0.11010839199911619)	(80, 0.05133441857811911)	(85, 0.028174606538187597)	(90, 0.06884155478993552)	(95, 0.0013589998947324303)	(100, 0.0023006062894361345)	(105, 0.012010779279424351)	(110, 0.053109360616210084)	(115, 0.026039162849784286)	(120, 0.027072291278314765)	(125, 0.00882717379735296)	(130, 0.05106012308327455)	(135, 0.018200968671662394)	(140, 0.05096901538281997)	(145, 0.02735680811953845)	(150, 0.00022115396792312287)
trimmed_fastp | fastqc_results | RNP_Cas4_S68_L002_R1_filtered	(1, 0.0017900344949192371)	(2, 0.006858906413011176)	(3, 0.02048870507757974)	(4, 0.04380563986441034)	(5, 0.0)	(6, 1.239636076813876e-06)	(7, 0.19371359099743554)	(8, 0.0)	(9, 0.16141425319801161)	(10, 0.08863707858238416)	(15, 0.11939269757535179)	(20, 0.04859869275541119)	(25, 0.14269909545552947)	(30, 0.12418760992046786)	(35, 0.13184905672960834)	(40, 0.04354556421549479)	(45, 0.184367478759905)	(50, 0.011835937019832208)	(55, 0.050940349984000856)	(60, 0.16231697339989476)	(65, 0.06077844795820965)	(70, 0.10885318924807108)	(75, 0.002030681500361906)	(80, 0.02646002617833041)	(85, 0.036830925866424745)	(90, 0.00033195487971304734)	(95, 0.028068047298156727)	(100, 0.009247738281522396)	(105, 0.05136180519988765)	(110, 0.017732964462972917)	(115, 0.12615687626731614)	(120, 0.1773941369864133)	(125, 0.07042441914751764)	(130, 0.010316366432769977)	(135, 0.06835823331537197)	(140, 0.13663024070105684)	(145, 0.02582399907465361)	(150, 0.08572084438236326)
trimmed_fastp | fastqc_results | RNP_Cas4_S68_L002_R2_filtered	(1, 0.05796972167808569)	(2, 0.027121377906572385)	(3, 6.19818038406938e-07)	(4, 0.0005875875004097772)	(5, 0.17284369782623554)	(6, 0.004828382519190047)	(7, 4.524671680370647e-05)	(8, 0.0006966754751693983)	(9, 0.0018036704917641895)	(10, 0.0008828688139068425)	(15, 0.0021375044872501666)	(20, 0.03420031972321803)	(25, 0.018247814941523298)	(30, 0.09422523405305344)	(35, 0.0011355066463615104)	(40, 0.016200927851488228)	(45, 0.043158425868705816)	(50, 0.0018873043170995875)	(55, 0.02856016013928488)	(60, 0.0010745089115305854)	(65, 0.026849922043017532)	(70, 0.10115762666537466)	(75, 0.11092097114334654)	(80, 0.051914189447190756)	(85, 0.02805614454212532)	(90, 0.06905932199900043)	(95, 0.0013528569745933573)	(100, 0.002248282820617866)	(105, 0.012046597771075924)	(110, 0.05309460515814478)	(115, 0.026139647823137508)	(120, 0.02677196416570499)	(125, 0.00897722555016195)	(130, 0.051310075119085786)	(135, 0.017959772744270654)	(140, 0.05073248448117778)	(145, 0.0272678323417787)	(150, 0.00021158362879602658)
trimmed_trimmomatic | fastqc_results | Control_MNP_III_S56_L002_R1_paired	(1, 0.0)	(2, 0.008386883230112633)	(3, 0.02097972128382638)	(4, 0.044779843936021406)	(5, 0.0)	(6, 0.0004489587550616403)	(7, 0.19596139606910065)	(8, 0.0)	(9, 0.16311156932205673)	(10, 0.09016290036152934)	(15, 0.12085742173376723)	(20, 0.05040274899265827)	(25, 0.14676294860184425)	(30, 0.12722687239594915)	(35, 0.13451850860906853)	(40, 0.04573873489869022)	(45, 0.187286178179065)	(50, 0.014497628456349578)	(55, 0.05333929441306279)	(60, 0.16525937067095195)	(65, 0.06311552901039087)	(70, 0.11099152734694888)	(75, 0.00429232180996799)	(80, 0.027469269349651958)	(85, 0.03913840125437294)	(90, 0.002489965011043988)	(95, 0.03070879753417062)	(100, 0.010757586167278784)	(105, 0.054655596991861295)	(110, 0.020915193217991363)	(115, 0.12781890995197895)	(120, 0.17816291348086755)	(125, 0.07464285520009142)	(130, 0.012043475635083772)	(135, 0.06890761256662085)	(140, 0.13681720665993094)	(145, 0.02832438097519866)	(150, 0.0855221704012806)
trimmed_trimmomatic | fastqc_results | Control_MNP_III_S56_L002_R1_unpaired	(1, 0.0)	(2, 0.005114762483217185)	(3, 0.015269070354310127)	(4, 0.03286987066420456)	(5, 0.0)	(6, 0.0009026051440971505)	(7, 0.13614294256798684)	(8, 0.0)	(9, 0.1192943132115067)	(10, 0.06589017551909199)	(15, 0.09570623211243452)	(20, 0.03810498049996803)	(25, 0.16803499099275282)	(30, 0.1760380899370809)	(35, 0.1352704242620263)	(40, 0.048409722561743834)	(45, 0.17239758252255574)	(50, 0.01825557134951289)	(55, 0.04692437535649767)	(60, 0.15198652659980413)	(65, 0.06067136846377132)	(70, 0.10459330536727064)	(75, 0.006017491052355982)	(80, 0.025162677027116144)	(85, 0.03994664315902442)	(90, 0.005038171462301638)	(95, 0.028269696505901526)	(100, 0.012263840708533506)	(105, 0.04940974688168398)	(110, 0.022171307854875005)	(115, 0.11173362891248513)	(120, 0.18550519473812102)	(125, 0.0705210565342667)	(130, 0.01555146755615803)	(135, 0.0656904073892048)	(140, 0.1361651378025557)	(145, 0.0316652184734151)	(150, 0.07654505369786052)
trimmed_trimmomatic | fastqc_results | Control_MNP_III_S56_L002_R2_paired	(1, 0.0)	(2, 0.03260259608124985)	(3, 0.0019581275431911405)	(4, 0.0005172126198514166)	(5, 0.17215217290160034)	(6, 0.005060644886024198)	(7, 0.0018959406886048995)	(8, 0.005291191273758554)	(9, 0.002838602398979256)	(10, 0.0019394714868152681)	(15, 0.0066743179249096)	(20, 0.03466189101958495)	(25, 0.019820770659695976)	(30, 0.0969371722795422)	(35, 0.002435146220444133)	(40, 0.01837697390650957)	(45, 0.045273091865568854)	(50, 0.0035802759284173655)	(55, 0.0304949266538809)	(60, 0.0025173748655695468)	(65, 0.028487281682366236)	(70, 0.10185267152296568)	(75, 0.11320349245869947)	(80, 0.053756174526313816)	(85, 0.03152429682227378)	(90, 0.07032651128139278)	(95, 0.0038721108527943696)	(100, 0.004645714335482697)	(105, 0.014302417190846427)	(110, 0.05523117787367119)	(115, 0.026150531004612905)	(120, 0.027457334744259862)	(125, 0.0106615142156681)	(130, 0.0528181598592982)	(135, 0.019589980117450057)	(140, 0.05252071864978333)	(145, 0.02844997454952923)	(150, 5.30461202120333e-05)
trimmed_trimmomatic | fastqc_results | Control_MNP_III_S56_L002_R2_unpaired	(1, 0.0)	(2, 0.027118261041510716)	(3, 0.04717447493679468)	(4, 0.13417889577830822)	(5, 0.29858335334246694)	(6, 0.011581757319811866)	(7, 0.0016948913150944198)	(8, 0.010734311662264658)	(9, 0.028813152356605132)	(10, 0.03915198937868109)	(15, 0.09830369627547633)	(20, 0.043728195929436026)	(25, 0.0193782573692462)	(30, 0.10056355136226891)	(35, 0.036892134291888534)	(40, 0.07124193161113544)	(45, 0.04683549667377579)	(50, 0.058925336355963746)	(55, 0.047014136825102755)	(60, 0.044951496268076964)	(65, 0.031191779367331772)	(70, 0.10665345961756766)	(75, 0.13878883567924413)	(80, 0.09805090697088947)	(85, 0.10297068179886137)	(90, 0.06801655695140861)	(95, 0.015782538880055326)	(100, 0.03483443708609271)	(105, 0.07394299691502315)	(110, 0.056403068651946345)	(115, 0.03298446445410712)	(120, 0.02806392769183872)	(125, 0.02184645085909598)	(130, 0.09451882447057829)	(135, 0.026548307242919143)	(140, 0.07185988472237292)	(145, 0.031937889515226386)	(150, 0.0017453970002443554)
trimmed_trimmomatic | fastqc_results | Control_MNP_II_S55_L002_R1_paired	(1, 0.0)	(2, 0.008231527938818105)	(3, 0.019725203418540227)	(4, 0.043930306439095276)	(5, 0.0)	(6, 0.0004268082142525193)	(7, 0.19532663727835606)	(8, 0.0)	(9, 0.16408395866554432)	(10, 0.08980790552262222)	(15, 0.12012683788139003)	(20, 0.050062699554656566)	(25, 0.14431940638561574)	(30, 0.12489804598948948)	(35, 0.1331855825898805)	(40, 0.045285620850301606)	(45, 0.18560715118590962)	(50, 0.014312122779646224)	(55, 0.052851055202779176)	(60, 0.1646370913414044)	(65, 0.06307438259457693)	(70, 0.11061341883462773)	(75, 0.004303756491248712)	(80, 0.027150381014057597)	(85, 0.03893157348968508)	(90, 0.002435803639911982)	(95, 0.03051793580865056)	(100, 0.010652303751875805)	(105, 0.054442188787373016)	(110, 0.020758421503712828)	(115, 0.12750340434270516)	(120, 0.17664509663976216)	(125, 0.07417913122515464)	(130, 0.01184523816393582)	(135, 0.0686708822197375)	(140, 0.1366861848471884)	(145, 0.028119385508232148)	(150, 0.08573359329005718)
trimmed_trimmomatic | fastqc_results | Control_MNP_II_S55_L002_R1_unpaired	(1, 0.0)	(2, 0.006566827101866478)	(3, 0.014418468201924224)	(4, 0.03504687072843957)	(5, 0.0)	(6, 0.0011420568872811266)	(7, 0.1394023188037525)	(8, 0.0)	(9, 0.1201301088308835)	(10, 0.06735280492740445)	(15, 0.09724614395198793)	(20, 0.0370026431479085)	(25, 0.1648273602568486)	(30, 0.17089453747052957)	(35, 0.13544794683154163)	(40, 0.04698136520052735)	(45, 0.1764906162182071)	(50, 0.018660593613261348)	(55, 0.047764498443094466)	(60, 0.15413287870442452)	(65, 0.06214583950269171)	(70, 0.10807194503769653)	(75, 0.006251056833349523)	(80, 0.024901368533307884)	(85, 0.04178888674131995)	(90, 0.0050365995451751595)	(95, 0.030680017739244815)	(100, 0.011831876937314778)	(105, 0.0525687618597639)	(110, 0.02267052505187217)	(115, 0.11563717568558186)	(120, 0.18569874875852505)	(125, 0.07399202651178437)	(130, 0.015691520148169106)	(135, 0.06510408246409333)	(140, 0.1355833326965247)	(145, 0.030372701009790087)	(150, 0.074216010793506)
trimmed_trimmomatic | fastqc_results | Control_MNP_II_S55_L002_R2_paired	(1, 0.0)	(2, 0.03151478868249318)	(3, 0.002093581556528622)	(4, 0.0005164538057219147)	(5, 0.17190454486647613)	(6, 0.004882114777899636)	(7, 0.0018619310015811578)	(8, 0.005217690753046133)	(9, 0.0028853187272052283)	(10, 0.0019109584135529154)	(15, 0.006637581723063158)	(20, 0.035012870726963546)	(25, 0.019765980262801526)	(30, 0.09658828553298175)	(35, 0.0024040884990164215)	(40, 0.017555462775453532)	(45, 0.0451977205712325)	(50, 0.0035334601031447536)	(55, 0.0304207901892445)	(60, 0.002500640970034074)	(65, 0.028129674177888458)	(70, 0.10186078563697402)	(75, 0.11225176983698656)	(80, 0.053062570014043374)	(85, 0.031182439932095515)	(90, 0.06992496761442103)	(95, 0.003841784704002562)	(100, 0.004619587790147749)	(105, 0.014334974591408959)	(110, 0.05525446747364466)	(115, 0.02599488181773647)	(120, 0.02776183521191773)	(125, 0.010521337563581994)	(130, 0.05291243653322364)	(135, 0.01975507068137355)	(140, 0.052120583837831184)	(145, 0.028688653493827373)	(150, 6.132697292490191e-05)
trimmed_trimmomatic | fastqc_results | Control_MNP_II_S55_L002_R2_unpaired	(1, 0.0)	(2, 0.03219265144651208)	(3, 0.054096929750324416)	(4, 0.1443691070023995)	(5, 0.3036729492119438)	(6, 0.013939086193335126)	(7, 0.001327532018412869)	(8, 0.009624607133493302)	(9, 0.03418394947413138)	(10, 0.04281290759381503)	(15, 0.10699908068407724)	(20, 0.04593260783708527)	(25, 0.01984660367527239)	(30, 0.10427764004633086)	(35, 0.040489726561592505)	(40, 0.07885540189372442)	(45, 0.046463620644450414)	(50, 0.06693996577283833)	(55, 0.04764999808028785)	(60, 0.04936186659272889)	(65, 0.03246227419991196)	(70, 0.10635046580052138)	(75, 0.14285809159004154)	(80, 0.10404587906408147)	(85, 0.11059678205901431)	(90, 0.06781732890557765)	(95, 0.018088667216083945)	(100, 0.03653964077508233)	(105, 0.08155486221941054)	(110, 0.05826954797862857)	(115, 0.03391517610148728)	(120, 0.029086918654135055)	(125, 0.023133185347757754)	(130, 0.10145360565439264)	(135, 0.028652146736511962)	(140, 0.07113527069295744)	(145, 0.03117421422258215)	(150, 0.0016322304895991942)
trimmed_trimmomatic | fastqc_results | Control_MNP_I_S54_L002_R1_paired	(1, 0.0)	(2, 0.008297102866298344)	(3, 0.02065952755966593)	(4, 0.04460379636899127)	(5, 0.0)	(6, 0.00037493725457366883)	(7, 0.19512494299176011)	(8, 0.0)	(9, 0.162892459914844)	(10, 0.08987682341521941)	(15, 0.12148500364109326)	(20, 0.05022607746785479)	(25, 0.1450018116580275)	(30, 0.1262638375280516)	(35, 0.1334141495501884)	(40, 0.0453680542469563)	(45, 0.18577381392963008)	(50, 0.014490828005618055)	(55, 0.05300142387028541)	(60, 0.1640869763174476)	(65, 0.06324520931010165)	(70, 0.11058815496457174)	(75, 0.004327435759038644)	(80, 0.02699655522644554)	(85, 0.03888250058903779)	(90, 0.0025050248573031757)	(95, 0.030632264432950782)	(100, 0.010802058101679427)	(105, 0.05472172946045951)	(110, 0.020846657095985058)	(115, 0.12744915498439283)	(120, 0.1776141932751194)	(125, 0.0742752693086834)	(130, 0.011958234018529405)	(135, 0.06877131075971085)	(140, 0.136748577650294)	(145, 0.028177956411698582)	(150, 0.08537316022708556)
trimmed_trimmomatic | fastqc_results | Control_MNP_I_S54_L002_R1_unpaired	(1, 0.0)	(2, 0.007281376665614912)	(3, 0.014014692721989994)	(4, 0.03570223397333763)	(5, 0.0)	(6, 0.0009395324729825693)	(7, 0.1379546847829406)	(8, 0.0)	(9, 0.11720667600457553)	(10, 0.06644060471441736)	(15, 0.09861959191407037)	(20, 0.039115868625174306)	(25, 0.16859910227672206)	(30, 0.1796699265833667)	(35, 0.13787639041019206)	(40, 0.04796313274576016)	(45, 0.17431459148736603)	(50, 0.019012148275256907)	(55, 0.04795234128339087)	(60, 0.15105046838163194)	(65, 0.06224565876223486)	(70, 0.10782115288862938)	(75, 0.006163478522254936)	(80, 0.025644875609065795)	(85, 0.04103253384598341)	(90, 0.005258369655971165)	(95, 0.0310568387668093)	(100, 0.011498600861181988)	(105, 0.05157872342401546)	(110, 0.022851587250476247)	(115, 0.11253894338862461)	(120, 0.18785441975367548)	(125, 0.07300835553798209)	(130, 0.016371133962041696)	(135, 0.0633158614895427)	(140, 0.1341005186154301)	(145, 0.0310400570399464)	(150, 0.0759331166016676)
trimmed_trimmomatic | fastqc_results | Control_MNP_I_S54_L002_R2_paired	(1, 0.0)	(2, 0.03252580683426577)	(3, 0.0020241763420410356)	(4, 0.0004937212554838614)	(5, 0.17141016163997555)	(6, 0.004972766949668876)	(7, 0.0019264017562578158)	(8, 0.005271747088014258)	(9, 0.002804756919450872)	(10, 0.001933189413452684)	(15, 0.006710083969783936)	(20, 0.035087177760014944)	(25, 0.019744971558100247)	(30, 0.09634206689333133)	(35, 0.0024251329491950325)	(40, 0.018653774858582394)	(45, 0.04538502338994347)	(50, 0.0036097119615549024)	(55, 0.03049354993616403)	(60, 0.0025260427725523017)	(65, 0.028093548670865824)	(70, 0.10187897981027419)	(75, 0.11222126038457841)	(80, 0.05339127107653472)	(85, 0.03125569364855148)	(90, 0.06983998783339274)	(95, 0.003900366678431161)	(100, 0.0046792987893273545)	(105, 0.014283180941335693)	(110, 0.05556538114190917)	(115, 0.026199912196550244)	(120, 0.027841609755575675)	(125, 0.010450592661279057)	(130, 0.0529917422155808)	(135, 0.019643848002271414)	(140, 0.052215634726180446)	(145, 0.028507689697395283)	(150, 5.5728697595134516e-05)
trimmed_trimmomatic | fastqc_results | Control_MNP_I_S54_L002_R2_unpaired	(1, 0.0)	(2, 0.02540166380897949)	(3, 0.05524861878453039)	(4, 0.15050485806820346)	(5, 0.3057725281005906)	(6, 0.008573061535530576)	(7, 0.0022226455832857054)	(8, 0.01143074871404077)	(9, 0.024131580618530515)	(10, 0.04540547405855083)	(15, 0.10929065853813424)	(20, 0.04553248237759573)	(25, 0.02032133104718359)	(30, 0.10611545056201181)	(35, 0.04172223280624881)	(40, 0.08134882834825681)	(45, 0.04762811964183654)	(50, 0.06880720720258982)	(55, 0.048634853057940935)	(60, 0.05205132260408764)	(65, 0.028862694390246718)	(70, 0.10015115853700624)	(75, 0.13722612594807274)	(80, 0.10195317832279202)	(85, 0.1149162768279073)	(90, 0.06910426425120385)	(95, 0.017366281480080136)	(100, 0.03508202386624847)	(105, 0.08014142426219187)	(110, 0.05503493072411119)	(115, 0.03613122054667233)	(120, 0.028772096070654264)	(125, 0.023538332727761017)	(130, 0.10477320550949062)	(135, 0.02917695987362024)	(140, 0.06990736257180967)	(145, 0.02779330987073644)	(150, 0.001099360172379675)
trimmed_trimmomatic | fastqc_results | Only_MNP_C1_S57_L002_R1_paired	(1, 0.0)	(2, 0.008120220731787382)	(3, 0.02062084204163879)	(4, 0.04438256597025917)	(5, 0.0)	(6, 0.00040313152569157213)	(7, 0.1939257559314159)	(8, 0.0)	(9, 0.16215456169015416)	(10, 0.08803311597013071)	(15, 0.12040431168215798)	(20, 0.04921199304770889)	(25, 0.1433059035555226)	(30, 0.12462221924525096)	(35, 0.131676046341165)	(40, 0.04495864535048919)	(45, 0.1835862740006126)	(50, 0.014177475109065118)	(55, 0.05235149217490029)	(60, 0.16318062044524284)	(65, 0.06297354571225681)	(70, 0.11003540743378863)	(75, 0.004212147630063319)	(80, 0.026961835017560748)	(85, 0.038758892805855594)	(90, 0.0024349586778695215)	(95, 0.030145874803482284)	(100, 0.010807706287045258)	(105, 0.05425462546207845)	(110, 0.020514685450489074)	(115, 0.12656196379195592)	(120, 0.1766605641096861)	(125, 0.07377976552258558)	(130, 0.01159150081699965)	(135, 0.06857572323541572)	(140, 0.1365972658449055)	(145, 0.02738386443445575)	(150, 0.08561902379127762)
trimmed_trimmomatic | fastqc_results | Only_MNP_C1_S57_L002_R1_unpaired	(1, 0.0)	(2, 0.006666417056530304)	(3, 0.013606796457849523)	(4, 0.03598038794894438)	(5, 0.0)	(6, 0.0007305662527704442)	(7, 0.13871626724478808)	(8, 0.0)	(9, 0.11049814573152969)	(10, 0.06660937809634525)	(15, 0.094151725825791)	(20, 0.03439140634916866)	(25, 0.16790238904296734)	(30, 0.17560986300969553)	(35, 0.13698117239445828)	(40, 0.048016466963337445)	(45, 0.16941831401746602)	(50, 0.018437849952226703)	(55, 0.04752970745854647)	(60, 0.1490333647578006)	(65, 0.05989409299481644)	(70, 0.1100746739853346)	(75, 0.0061578708206106066)	(80, 0.02499540096302374)	(85, 0.04007452055310688)	(90, 0.004905261209115241)	(95, 0.031185952969988752)	(100, 0.011320632012418974)	(105, 0.051716584222721775)	(110, 0.02333132187207595)	(115, 0.11155648046582672)	(120, 0.18412205417103775)	(125, 0.07088227325625762)	(130, 0.014922880312639573)	(135, 0.06329739178936988)	(140, 0.13212128869985615)	(145, 0.030332675378256575)	(150, 0.07714219224796488)
trimmed_trimmomatic | fastqc_results | Only_MNP_C1_S57_L002_R2_paired	(1, 0.0)	(2, 0.03238962458177319)	(3, 0.001986419517803307)	(4, 0.0005236279817224597)	(5, 0.1707346181622359)	(6, 0.004998830918575494)	(7, 0.0019004771925459829)	(8, 0.005209699716629547)	(9, 0.002794454575892788)	(10, 0.001914476045526042)	(15, 0.0066203942555441)	(20, 0.03516494148523754)	(25, 0.019889534873933686)	(30, 0.0959096857797968)	(35, 0.00235180730064991)	(40, 0.018022194206796193)	(45, 0.045308439474320034)	(50, 0.003531798996084629)	(55, 0.03053663669488409)	(60, 0.0024588472581157108)	(65, 0.02743970002789847)	(70, 0.10165991813089598)	(75, 0.11033774086113687)	(80, 0.051966513328096826)	(85, 0.030847127775303754)	(90, 0.06943879712449144)	(95, 0.0038389839717599024)	(100, 0.004532291960137396)	(105, 0.013979289572757915)	(110, 0.055321200744663845)	(115, 0.02615330419715585)	(120, 0.02848438065606534)	(125, 0.010213131679706274)	(130, 0.05302458235234643)	(135, 0.0198128271055954)	(140, 0.052125115282677506)	(145, 0.02886800368722703)	(150, 5.474344641226302e-05)
trimmed_trimmomatic | fastqc_results | Only_MNP_C1_S57_L002_R2_unpaired	(1, 0.0)	(2, 0.03071730323760376)	(3, 0.05131596540870275)	(4, 0.15105685592139262)	(5, 0.29994543161424847)	(6, 0.011564161218862593)	(7, 0.002529660266626192)	(8, 0.009395880990325857)	(9, 0.026019362742440832)	(10, 0.04372698460882418)	(15, 0.10610117918306429)	(20, 0.04611209286021459)	(25, 0.02103231821680634)	(30, 0.10443883100785278)	(35, 0.04126960034981588)	(40, 0.07820264024255828)	(45, 0.04820809708113343)	(50, 0.06694524054343783)	(55, 0.04283988982325379)	(60, 0.0490643966408357)	(65, 0.030841175674892266)	(70, 0.10458763319993367)	(75, 0.1393397513100489)	(80, 0.0993514647059585)	(85, 0.11028432035750159)	(90, 0.06803936147676153)	(95, 0.014804558794707033)	(100, 0.032524810811179)	(105, 0.07881584999664064)	(110, 0.0585532638652299)	(115, 0.03127530105780997)	(120, 0.032860229148893354)	(125, 0.022855497466999)	(130, 0.10289833335605823)	(135, 0.02469503014813346)	(140, 0.07296508986666024)	(145, 0.03017722088413634)	(150, 0.0012544155427103403)
trimmed_trimmomatic | fastqc_results | Only_MNP_C2_S58_L002_R1_paired	(1, 0.0)	(2, 0.008094451607757647)	(3, 0.02101998564383416)	(4, 0.044625410413537334)	(5, 0.0)	(6, 0.00038881282484148406)	(7, 0.19657977641600977)	(8, 0.0)	(9, 0.16487325366547476)	(10, 0.0906237953448803)	(15, 0.1211027329886081)	(20, 0.05053021441199537)	(25, 0.14753868189129193)	(30, 0.1280442050273166)	(35, 0.13514917784365071)	(40, 0.046013671589413656)	(45, 0.18765685440455143)	(50, 0.014492470906760188)	(55, 0.053661539171241744)	(60, 0.16636427461778938)	(65, 0.06341799463216766)	(70, 0.11065546200279827)	(75, 0.0042373399879966425)	(80, 0.02754553419102691)	(85, 0.0393658014058633)	(90, 0.002452203162322917)	(95, 0.030778761020560232)	(100, 0.01077071136488075)	(105, 0.05511559738394595)	(110, 0.02089207135999127)	(115, 0.1288727159663368)	(120, 0.1788834407891916)	(125, 0.07478439245846269)	(130, 0.01202064551540479)	(135, 0.06888236791765238)	(140, 0.1372623945371206)	(145, 0.02832482230769747)	(150, 0.08637886684986845)
trimmed_trimmomatic | fastqc_results | Only_MNP_C2_S58_L002_R1_unpaired	(1, 0.0)	(2, 0.006708917095738137)	(3, 0.01436275209228446)	(4, 0.03430051979933724)	(5, 0.0)	(6, 0.0006614425305657318)	(7, 0.13786352172791466)	(8, 0.0)	(9, 0.10753165711197184)	(10, 0.06499145321758719)	(15, 0.09475636709304512)	(20, 0.03668171290937387)	(25, 0.1626770658031377)	(30, 0.17902414548711937)	(35, 0.14156759989908277)	(40, 0.0493436127802036)	(45, 0.1740538773288683)	(50, 0.020231924342861397)	(55, 0.047990194144772985)	(60, 0.15088918441132568)	(65, 0.06196540304414897)	(70, 0.1097882904841582)	(75, 0.0060572338162686035)	(80, 0.026936694501928125)	(85, 0.040531165329432066)	(90, 0.004963261524589859)	(95, 0.031426559342290286)	(100, 0.01261341032558996)	(105, 0.05013816603658434)	(110, 0.021828796026561074)	(115, 0.11520943167437062)	(120, 0.19177988875464777)	(125, 0.0741092844225169)	(130, 0.016681874021480445)	(135, 0.06264539515350227)	(140, 0.13480986698432493)	(145, 0.03124644543583846)	(150, 0.07900825157927929)
trimmed_trimmomatic | fastqc_results | Only_MNP_C2_S58_L002_R2_paired	(1, 0.0)	(2, 0.03214850655997022)	(3, 0.001967326429967167)	(4, 0.000521740286325752)	(5, 0.1745420648951867)	(6, 0.0048584987172499965)	(7, 0.0019016934958593096)	(8, 0.005155923912321047)	(9, 0.002657718433051084)	(10, 0.0019360884765183637)	(15, 0.006576586156934161)	(20, 0.03464970290712358)	(25, 0.02011059564795491)	(30, 0.09729957861994709)	(35, 0.0023926943067168246)	(40, 0.01820441585027051)	(45, 0.04507138204681705)	(50, 0.003568646543580925)	(55, 0.030515912500978855)	(60, 0.0024672952821150457)	(65, 0.02849905380743262)	(70, 0.10262012735637335)	(75, 0.11367589063417505)	(80, 0.05402577039280114)	(85, 0.03168464172673649)	(90, 0.07084551437743107)	(95, 0.003823767308076602)	(100, 0.004498547472765049)	(105, 0.014219215573106523)	(110, 0.05574259970775641)	(115, 0.026128596925096514)	(120, 0.027510242186015634)	(125, 0.01058920628281904)	(130, 0.0526240223076519)	(135, 0.019802627706366153)	(140, 0.05262044573159728)	(145, 0.02865320476649592)	(150, 5.471521276769231e-05)
trimmed_trimmomatic | fastqc_results | Only_MNP_C2_S58_L002_R2_unpaired	(1, 0.0)	(2, 0.03733744045178303)	(3, 0.058006380701877205)	(4, 0.1670183720209223)	(5, 0.3323698940216757)	(6, 0.012668060153283528)	(7, 0.002333590028236439)	(8, 0.01133458013714842)	(9, 0.025669490310600833)	(10, 0.04780525857844363)	(15, 0.11687952341424222)	(20, 0.049405434597805754)	(25, 0.021068984254934708)	(30, 0.11061216733840723)	(35, 0.043404774525197774)	(40, 0.08620948304313475)	(45, 0.05040554460990709)	(50, 0.07306125304758265)	(55, 0.04874383225521693)	(60, 0.05570530350971475)	(65, 0.033662501617015075)	(70, 0.1120522726396854)	(75, 0.14637936331623852)	(80, 0.10635220191778727)	(85, 0.12074660765863286)	(90, 0.06661045206550156)	(95, 0.018330904813461592)	(100, 0.03940966065833878)	(105, 0.08656112550244217)	(110, 0.06233174068055589)	(115, 0.032370025356519866)	(120, 0.031564430687567493)	(125, 0.02396537629398419)	(130, 0.10605133829701967)	(135, 0.02983680122211538)	(140, 0.07931463884712167)	(145, 0.03220667983948887)	(150, 0.002334746633295355)
trimmed_trimmomatic | fastqc_results | Only_MNP_C3_S59_L002_R1_paired	(1, 0.0)	(2, 0.008208232718321624)	(3, 0.020415851553784007)	(4, 0.04447435183782797)	(5, 0.0)	(6, 0.0004532855787430402)	(7, 0.1940111369321159)	(8, 0.0)	(9, 0.16017263209443375)	(10, 0.08734338543469232)	(15, 0.12041130478851131)	(20, 0.04877369191375428)	(25, 0.14159790546716164)	(30, 0.12352932046265205)	(35, 0.1310517337367455)	(40, 0.04450118896234561)	(45, 0.18274134468574246)	(50, 0.014114702104193924)	(55, 0.052183646059453595)	(60, 0.1616238019950089)	(65, 0.06305411350244704)	(70, 0.11041535258387464)	(75, 0.004292100836366274)	(80, 0.026738875894549652)	(85, 0.03829903284755054)	(90, 0.002470006491251409)	(95, 0.02998118109263688)	(100, 0.010899522580911529)	(105, 0.053616133717698716)	(110, 0.02043519507407385)	(115, 0.12534006491739366)	(120, 0.17593664430282743)	(125, 0.07382871950803348)	(130, 0.011562405852945604)	(135, 0.0685606472205167)	(140, 0.1361107309792983)	(145, 0.026975302240672627)	(150, 0.08428045062183809)
trimmed_trimmomatic | fastqc_results | Only_MNP_C3_S59_L002_R1_unpaired	(1, 0.0)	(2, 0.006324924746758031)	(3, 0.013451600517752994)	(4, 0.03394079335936352)	(5, 0.0)	(6, 0.0010690013656492446)	(7, 0.12640941148802318)	(8, 0.0)	(9, 0.11135430892179632)	(10, 0.06089744446315197)	(15, 0.09006336505594886)	(20, 0.03504542810386774)	(25, 0.16140138952360847)	(30, 0.17374835529685723)	(35, 0.13585225688459152)	(40, 0.04796252793879611)	(45, 0.1671383635192594)	(50, 0.01910644852486399)	(55, 0.046949207845412025)	(60, 0.1449492558372709)	(65, 0.06217454353089826)	(70, 0.11116269506653924)	(75, 0.005752896081691125)	(80, 0.024654097850987655)	(85, 0.042151035946472806)	(90, 0.005789158460340282)	(95, 0.032922220128813816)	(100, 0.012771510569658721)	(105, 0.04955623199955915)	(110, 0.022170717733888044)	(115, 0.11149902357557977)	(120, 0.18461611127782931)	(125, 0.06930697740149497)	(130, 0.01592556009017461)	(135, 0.06700880951633241)	(140, 0.13306834150438013)	(145, 0.0300226488499933)	(150, 0.07478945685198017)
trimmed_trimmomatic | fastqc_results | Only_MNP_C3_S59_L002_R2_paired	(1, 0.0)	(2, 0.03235919016914891)	(3, 0.0020070569037124145)	(4, 0.0005138327499108832)	(5, 0.16993872716280367)	(6, 0.00513750929409305)	(7, 0.0019105087118501786)	(8, 0.005362515673433006)	(9, 0.0027933519238785907)	(10, 0.0019185271210048391)	(15, 0.00670306277128968)	(20, 0.03572921298815042)	(25, 0.019687321807732017)	(30, 0.0951871896389848)	(35, 0.0024650880715469886)	(40, 0.017928017382798287)	(45, 0.04556616461088702)	(50, 0.0035394694026005665)	(55, 0.03090021507358152)	(60, 0.002505380791213677)	(65, 0.0274012288221228)	(70, 0.10147629600200166)	(75, 0.10930592555810734)	(80, 0.051736028181004375)	(85, 0.030738496943135737)	(90, 0.0690795838162891)	(95, 0.0038964811571908387)	(100, 0.004586759511634324)	(105, 0.013942810521663367)	(110, 0.05535349995861299)	(115, 0.026234443284264667)	(120, 0.029012837952524555)	(125, 0.010202156586296593)	(130, 0.052959882702006335)	(135, 0.019974713273730148)	(140, 0.052207368145730265)	(145, 0.028930690021136345)	(150, 5.898140777110549e-05)
trimmed_trimmomatic | fastqc_results | Only_MNP_C3_S59_L002_R2_unpaired	(1, 0.0)	(2, 0.030952981747834132)	(3, 0.057195727142736984)	(4, 0.15577424510051308)	(5, 0.30885692657077973)	(6, 0.01278492724367062)	(7, 0.0003364454537808058)	(8, 0.009084027252081756)	(9, 0.02792497266380688)	(10, 0.044410799899066364)	(15, 0.11230549247203296)	(20, 0.04777525443687442)	(25, 0.020052149045336025)	(30, 0.10409622339978132)	(35, 0.04225754899486921)	(40, 0.08202540163176045)	(45, 0.05093784170241399)	(50, 0.06956810030850463)	(55, 0.04613879438774376)	(60, 0.05153586811354621)	(65, 0.02918425668276135)	(70, 0.11063955544217963)	(75, 0.13893349865921706)	(80, 0.1008835458254601)	(85, 0.11653829005427178)	(90, 0.06351477517328233)	(95, 0.01602349059507929)	(100, 0.03667719038338451)	(105, 0.08234740249760157)	(110, 0.05361206148607724)	(115, 0.03493736111985005)	(120, 0.03281564971637903)	(125, 0.02233670724783846)	(130, 0.10175436496297936)	(135, 0.030243355318812493)	(140, 0.07487041658667691)	(145, 0.034216917620125194)	(150, 0.00236238515855148)
trimmed_trimmomatic | fastqc_results | Only_MNP_C4_S60_L002_R1_paired	(1, 0.0)	(2, 0.008263751931787246)	(3, 0.020720962673672776)	(4, 0.04395933215436029)	(5, 0.0)	(6, 0.0004194291010695642)	(7, 0.19371133304754454)	(8, 0.0)	(9, 0.16312546449276344)	(10, 0.08894559984586313)	(15, 0.12059618584490696)	(20, 0.04971865960845162)	(25, 0.14507253693422759)	(30, 0.1259320896350614)	(35, 0.1329951425449773)	(40, 0.04534244954717302)	(45, 0.18522738083769577)	(50, 0.014252792710102637)	(55, 0.05287000302988951)	(60, 0.16417046542360778)	(65, 0.06288033622583847)	(70, 0.1101928317661046)	(75, 0.004159292178859341)	(80, 0.027159720792884624)	(85, 0.03889692228328123)	(90, 0.0024237764709289272)	(95, 0.030592609908098433)	(100, 0.010752464549466332)	(105, 0.05454135249791199)	(110, 0.020502577310808432)	(115, 0.12680637643031648)	(120, 0.17801782093646407)	(125, 0.07411007373418659)	(130, 0.01174572917670577)	(135, 0.06891412996947612)	(140, 0.13680964064703252)	(145, 0.028211232123398062)	(150, 0.08591254024509168)
trimmed_trimmomatic | fastqc_results | Only_MNP_C4_S60_L002_R1_unpaired	(1, 0.0)	(2, 0.00660029519820274)	(3, 0.01262306456656274)	(4, 0.03465154979056438)	(5, 0.0)	(6, 0.0005775258298427397)	(7, 0.12689067518544767)	(8, 0.0)	(9, 0.11047244087991837)	(10, 0.06280180881089906)	(15, 0.09078706045127868)	(20, 0.035839602926240874)	(25, 0.15051973199501348)	(30, 0.16076669029022322)	(35, 0.13784716521446422)	(40, 0.04879268225271375)	(45, 0.17243271205304658)	(50, 0.018438134173572814)	(55, 0.0461081716499175)	(60, 0.14853749460083518)	(65, 0.06265249242663122)	(70, 0.10870867029641312)	(75, 0.005843091646268329)	(80, 0.025382771487981137)	(85, 0.0426797392137954)	(90, 0.005205905219853455)	(95, 0.030541168518134543)	(100, 0.012180603337375908)	(105, 0.05060375386510517)	(110, 0.023471801536662566)	(115, 0.10895562249804917)	(120, 0.18532297644145312)	(125, 0.07070906031499874)	(130, 0.015508215067316894)	(135, 0.06419688015054331)	(140, 0.1328539519899031)	(145, 0.03142455113062268)	(150, 0.07257690930644362)
trimmed_trimmomatic | fastqc_results | Only_MNP_C4_S60_L002_R2_paired	(1, 0.0)	(2, 0.032355127024769025)	(3, 0.00195983240678338)	(4, 0.0004976559572214273)	(5, 0.171955945031353)	(6, 0.005084745649871106)	(7, 0.0019515104008097778)	(8, 0.005230380754409149)	(9, 0.0027379399653152106)	(10, 0.0018992482032955543)	(15, 0.0065351048509505434)	(20, 0.03492479602929799)	(25, 0.01978839868427088)	(30, 0.0963611729288208)	(35, 0.002364947657578348)	(40, 0.018358345177767035)	(45, 0.045187160915705606)	(50, 0.003462814971802173)	(55, 0.03040103827676014)	(60, 0.0024412755581943225)	(65, 0.027937770938502825)	(70, 0.10158135547163809)	(75, 0.11167669305504763)	(80, 0.05300699978966734)	(85, 0.031041771839096614)	(90, 0.06965289468042846)	(95, 0.00379054059983017)	(100, 0.004495937410189359)	(105, 0.014069602744431494)	(110, 0.05557936974640667)	(115, 0.026225829493108765)	(120, 0.027808124543639134)	(125, 0.010458115202247641)	(130, 0.05268870607001467)	(135, 0.01969715771665027)	(140, 0.05228666543756836)	(145, 0.02873870555601351)	(150, 6.335383010952161e-05)
trimmed_trimmomatic | fastqc_results | Only_MNP_C4_S60_L002_R2_unpaired	(1, 0.0)	(2, 0.029214327219727054)	(3, 0.05232895974522538)	(4, 0.1351563929615944)	(5, 0.32264174566841414)	(6, 0.01284146251416574)	(7, 0.0025682925028331477)	(8, 0.008989023759916016)	(9, 0.029535363782581196)	(10, 0.04077164348247622)	(15, 0.10144755386190933)	(20, 0.04584402117557169)	(25, 0.02016109614724021)	(30, 0.10260328548818425)	(35, 0.03788231441678893)	(40, 0.07570042152100703)	(45, 0.05059536230581301)	(50, 0.06063703873579548)	(55, 0.047270274081523345)	(60, 0.04692914576800391)	(65, 0.02990512855767909)	(70, 0.1037392983895942)	(75, 0.13638845362757077)	(80, 0.0962887740694908)	(85, 0.10717839540718294)	(90, 0.06844550997454567)	(95, 0.01573382562725518)	(100, 0.03330240786270608)	(105, 0.07682141974579094)	(110, 0.058937128294247694)	(115, 0.032279219172756654)	(120, 0.028424271151667305)	(125, 0.02126621448542181)	(130, 0.09811847684444491)	(135, 0.027843314206068365)	(140, 0.07071077144211103)	(145, 0.03319420196790614)	(150, 0.0020191278713680935)
trimmed_trimmomatic | fastqc_results | Plasmid_Ko_P1_S61_L002_R1_paired	(1, 0.0)	(2, 0.008501462877801033)	(3, 0.020712493830918985)	(4, 0.044378619422871315)	(5, 0.0)	(6, 0.0004102042473031307)	(7, 0.19365750574203341)	(8, 0.0)	(9, 0.16084680727356118)	(10, 0.0873103219388506)	(15, 0.1204271020834048)	(20, 0.04894341097016875)	(25, 0.14150660380081073)	(30, 0.12321987575453304)	(35, 0.13035984736436962)	(40, 0.04459186115928862)	(45, 0.18243531685461475)	(50, 0.014201895752455684)	(55, 0.0521438469718633)	(60, 0.16159189949515249)	(65, 0.06322886193981185)	(70, 0.11068547732444173)	(75, 0.004315472831229468)	(80, 0.026705092722452497)	(85, 0.03849616958336446)	(90, 0.0024907553774412977)	(95, 0.029952224589283552)	(100, 0.010960792475048031)	(105, 0.053853833445926744)	(110, 0.020357265929719044)	(115, 0.12531088051399183)	(120, 0.17615569753076996)	(125, 0.0736239773923941)	(130, 0.011517245743652947)	(135, 0.068704858915455)	(140, 0.1368789622709197)	(145, 0.027109980067261584)	(150, 0.08453822106753264)
trimmed_trimmomatic | fastqc_results | Plasmid_Ko_P1_S61_L002_R1_unpaired	(1, 0.0)	(2, 0.006848707384307432)	(3, 0.014008719649719748)	(4, 0.033776579599879834)	(5, 0.0)	(6, 0.0007782622027622082)	(7, 0.13238240068985163)	(8, 0.0)	(9, 0.11168062609637687)	(10, 0.0638641963586668)	(15, 0.09476120580832646)	(20, 0.03611136620816646)	(25, 0.16690611200438318)	(30, 0.17669665051513175)	(35, 0.12933161285502376)	(40, 0.04811216937475971)	(45, 0.1726185565726578)	(50, 0.017072684923599733)	(55, 0.047411775378180025)	(60, 0.14916247641335398)	(65, 0.06282876218466656)	(70, 0.10714745661960763)	(75, 0.005912188238818246)	(80, 0.02501734326079794)	(85, 0.04069536176324543)	(90, 0.004824370230576321)	(95, 0.03061155728509349)	(100, 0.011339214037299023)	(105, 0.04903969089884465)	(110, 0.02188597648277491)	(115, 0.11191308721736723)	(120, 0.18883765481717393)	(125, 0.0684556987032046)	(130, 0.01583224634549334)	(135, 0.06395001434008978)	(140, 0.13181565645131266)	(145, 0.03248130787541501)	(150, 0.06978835593574553)
trimmed_trimmomatic | fastqc_results | Plasmid_Ko_P1_S61_L002_R2_paired	(1, 0.0)	(2, 0.032053150349680586)	(3, 0.0019897726652090956)	(4, 0.000494018081722631)	(5, 0.16889454718234126)	(6, 0.004920033260875468)	(7, 0.001916435560092033)	(8, 0.005377785741166584)	(9, 0.0028657884153436793)	(10, 0.00193335950742674)	(15, 0.0066952747460608045)	(20, 0.03600432792075679)	(25, 0.01994930439634911)	(30, 0.09492158518684607)	(35, 0.0024299564763622787)	(40, 0.017857504505779356)	(45, 0.045906448916068314)	(50, 0.0036054079888095925)	(55, 0.030989038976575657)	(60, 0.0025013609161472156)	(65, 0.027428620889523286)	(70, 0.10148585507022147)	(75, 0.10941475582396341)	(80, 0.05156356871020317)	(85, 0.030744817933349405)	(90, 0.0689301112599983)	(95, 0.003888427928708541)	(100, 0.004625607698415618)	(105, 0.014033715408191162)	(110, 0.05548476175140361)	(115, 0.026317943295214488)	(120, 0.029215672498074875)	(125, 0.010163064900748432)	(130, 0.0534405097622241)	(135, 0.020104420706938814)	(140, 0.05213768826207467)	(145, 0.029084675910424875)	(150, 5.310245822687863e-05)
trimmed_trimmomatic | fastqc_results | Plasmid_Ko_P1_S61_L002_R2_unpaired	(1, 0.0)	(2, 0.03434195768062609)	(3, 0.055766298252025864)	(4, 0.14997038399979834)	(5, 0.2904888530416262)	(6, 0.013862808605023376)	(7, 0.0015753191596617473)	(8, 0.012602553277293978)	(9, 0.030246127865505554)	(10, 0.04278566837641306)	(15, 0.10649157519313412)	(20, 0.04845681735119535)	(25, 0.02060517460837566)	(30, 0.10699567732422588)	(35, 0.03931996622515722)	(40, 0.07832486861838209)	(45, 0.04820476628564947)	(50, 0.06599682223393522)	(55, 0.047556709101717436)	(60, 0.05068994649394537)	(65, 0.02892184226067681)	(70, 0.10850566518839408)	(75, 0.14464577447092572)	(80, 0.09925852610266268)	(85, 0.11333739268186752)	(90, 0.06595125260271908)	(95, 0.014379316087446782)	(100, 0.03406990640054037)	(105, 0.08257532934419425)	(110, 0.058318911805555027)	(115, 0.03424134312052261)	(120, 0.028783207364777113)	(125, 0.023753620859285274)	(130, 0.10162110614138403)	(135, 0.028804193890630474)	(140, 0.07668984332321577)	(145, 0.03266884894577625)	(150, 0.001966143017243074)
trimmed_trimmomatic | fastqc_results | Plasmid_Ko_P2_S62_L002_R1_paired	(1, 0.0)	(2, 0.007988455399809167)	(3, 0.020631807117233572)	(4, 0.044452626536271966)	(5, 0.0)	(6, 0.0003838247840840634)	(7, 0.19586987056048147)	(8, 0.0)	(9, 0.16597236982576324)	(10, 0.09022397703283958)	(15, 0.12055887469171826)	(20, 0.05052473462048185)	(25, 0.1470070155902359)	(30, 0.12776138759747954)	(35, 0.13471531270691064)	(40, 0.04589907431833514)	(45, 0.187359903443404)	(50, 0.01429607220590552)	(55, 0.05350079800436191)	(60, 0.16649865796326252)	(65, 0.06293981635612063)	(70, 0.11016401857973446)	(75, 0.004177015481353174)	(80, 0.02744681437556729)	(85, 0.03920039410782575)	(90, 0.0024303463331835358)	(95, 0.030993355829527256)	(100, 0.01078129179657397)	(105, 0.05515815011002883)	(110, 0.020796180436999923)	(115, 0.12904643321615344)	(120, 0.1783068110663367)	(125, 0.07458250341920367)	(130, 0.011902768711180905)	(135, 0.0689965018733547)	(140, 0.13742548369946017)	(145, 0.02826730189544829)	(150, 0.08715672418681748)
trimmed_trimmomatic | fastqc_results | Plasmid_Ko_P2_S62_L002_R1_unpaired	(1, 0.0)	(2, 0.005903011165348852)	(3, 0.014875588136679108)	(4, 0.03738573738054273)	(5, 0.0)	(6, 0.00047224089322790816)	(7, 0.13254227736596624)	(8, 0.0)	(9, 0.11624996654960339)	(10, 0.06562574279557164)	(15, 0.09197678463768892)	(20, 0.03869227051847328)	(25, 0.1558237534021021)	(30, 0.16630750123176166)	(35, 0.14165652660526484)	(40, 0.04956955242582276)	(45, 0.17528007820309194)	(50, 0.019405311804771494)	(55, 0.048060568151085156)	(60, 0.14858941913986937)	(65, 0.06141634252939613)	(70, 0.11027162179769463)	(75, 0.006390782361573823)	(80, 0.026653548018599073)	(85, 0.04340899925248519)	(90, 0.0052026216436906955)	(95, 0.032335338605661006)	(100, 0.012382485450579595)	(105, 0.05228704804284711)	(110, 0.024197149305197396)	(115, 0.11375678279463618)	(120, 0.18444769815691373)	(125, 0.07170723912766366)	(130, 0.015974922985149284)	(135, 0.06570677429022863)	(140, 0.13188393408402535)	(145, 0.031237226370190066)	(150, 0.07451683814410491)
trimmed_trimmomatic | fastqc_results | Plasmid_Ko_P2_S62_L002_R2_paired	(1, 0.0)	(2, 0.032096735082672224)	(3, 0.001857875284662222)	(4, 0.0005136718918912253)	(5, 0.17449164673547587)	(6, 0.004863141679192762)	(7, 0.0019362735384325837)	(8, 0.005220017063543263)	(9, 0.002728422560903949)	(10, 0.0019088341496129573)	(15, 0.0065072183926353925)	(20, 0.03436685451841027)	(25, 0.02021384642682033)	(30, 0.09737014119370341)	(35, 0.0023592974494018285)	(40, 0.018090723716901718)	(45, 0.04488463358048573)	(50, 0.003476514702262361)	(55, 0.030376506250103602)	(60, 0.0024515987229099282)	(65, 0.028452164006162125)	(70, 0.10286095171092498)	(75, 0.11378311340260465)	(80, 0.053730581810013764)	(85, 0.031327266423394014)	(90, 0.07084328370173681)	(95, 0.0037840688467887028)	(100, 0.004480104537813973)	(105, 0.01416951879837603)	(110, 0.055915627010613686)	(115, 0.026392747991205785)	(120, 0.02734261016934866)	(125, 0.010545953791383225)	(130, 0.052237942444846044)	(135, 0.01974024730241713)	(140, 0.05293105681462748)	(145, 0.028874796996520524)	(150, 5.419665472955237e-05)
trimmed_trimmomatic | fastqc_results | Plasmid_Ko_P2_S62_L002_R2_unpaired	(1, 0.0)	(2, 0.035222252412724295)	(3, 0.05669105388333719)	(4, 0.15631971070790018)	(5, 0.30995582123197374)	(6, 0.010734400735306451)	(7, 0.0013418000919133064)	(8, 0.011405300781263103)	(9, 0.026836001838266125)	(10, 0.045688293129648075)	(15, 0.11405300781263104)	(20, 0.04555411312045675)	(25, 0.018986471300573283)	(30, 0.10922252748174312)	(35, 0.04300469294582147)	(40, 0.08299033568483799)	(45, 0.04897570335483568)	(50, 0.06790810537063066)	(55, 0.051959732936658946)	(60, 0.05263718654943486)	(65, 0.031750364554525144)	(70, 0.10532566593649637)	(75, 0.14003429986931615)	(80, 0.10409761976498946)	(85, 0.12097356223608631)	(90, 0.06538764815719036)	(95, 0.015361380392451919)	(100, 0.036180971506691494)	(105, 0.08177632968874386)	(110, 0.0584463987995321)	(115, 0.03296946337059732)	(120, 0.030006666300934445)	(125, 0.02318671099024898)	(130, 0.10453162867240587)	(135, 0.029003937842330133)	(140, 0.07670625923075323)	(145, 0.03206594018913648)	(150, 0.00235249281901567)
trimmed_trimmomatic | fastqc_results | Plasmid_Ko_P3_S63_L002_R1_paired	(1, 0.0)	(2, 0.008590124802007377)	(3, 0.021128024489147815)	(4, 0.044740841020981546)	(5, 0.0)	(6, 0.00043297000010117826)	(7, 0.19510813175085684)	(8, 0.0)	(9, 0.1625588144169348)	(10, 0.09000215755787419)	(15, 0.12088704705982833)	(20, 0.05000612082852775)	(25, 0.14490348278333534)	(30, 0.12602362083787078)	(35, 0.13311393755952766)	(40, 0.045153575370551674)	(45, 0.1857437654370896)	(50, 0.014433664886116554)	(55, 0.05318161173228104)	(60, 0.163712744246385)	(65, 0.06310884302568474)	(70, 0.11057152940945428)	(75, 0.0043407709831179185)	(80, 0.027143829486302104)	(85, 0.03872215712716946)	(90, 0.002515743864090724)	(95, 0.030552473591744168)	(100, 0.010789224252499147)	(105, 0.05429113077747227)	(110, 0.020813679479777067)	(115, 0.1271863698676002)	(120, 0.1773938208152955)	(125, 0.07426713916205131)	(130, 0.011825156077003908)	(135, 0.0687136896169663)	(140, 0.13614849452422892)	(145, 0.02787403553365163)	(150, 0.08473124003366957)
trimmed_trimmomatic | fastqc_results | Plasmid_Ko_P3_S63_L002_R1_unpaired	(1, 0.0)	(2, 0.0064188915109268255)	(3, 0.014709959712540643)	(4, 0.03886995414950133)	(5, 0.0)	(6, 0.0007132101678807585)	(7, 0.13426181410355278)	(8, 0.0)	(9, 0.11643155990653381)	(10, 0.06663165993425986)	(15, 0.09976027223232108)	(20, 0.036908626187829245)	(25, 0.1644840949674999)	(30, 0.17890877061288823)	(35, 0.1395573996000674)	(40, 0.04906885955019617)	(45, 0.1719014807134598)	(50, 0.018404374757512953)	(55, 0.04787952140798813)	(60, 0.14999060837358513)	(65, 0.062323479465833755)	(70, 0.10789706335032011)	(75, 0.006343740602742465)	(80, 0.026480313529969088)	(85, 0.04094118091320219)	(90, 0.005010430629034319)	(95, 0.03061169766133676)	(100, 0.012660045055562218)	(105, 0.05173390020761108)	(110, 0.02317439593475467)	(115, 0.11572415280587228)	(120, 0.19020718307771345)	(125, 0.07062245082395587)	(130, 0.015314127962300899)	(135, 0.06399930385995153)	(140, 0.13373450208348886)	(145, 0.030421051283510133)	(150, 0.07598016055272683)
trimmed_trimmomatic | fastqc_results | Plasmid_Ko_P3_S63_L002_R2_paired	(1, 0.0)	(2, 0.031967770260101946)	(3, 0.0020664062952197287)	(4, 0.0005232100632801607)	(5, 0.17111156707156502)	(6, 0.004987814401165573)	(7, 0.00198345835835824)	(8, 0.005392527411786464)	(9, 0.002915027495418038)	(10, 0.0019256682572921036)	(15, 0.00664823156365885)	(20, 0.03493457185237418)	(25, 0.019741062063560542)	(30, 0.09608743696982254)	(35, 0.0024720308216303064)	(40, 0.018485357911688156)	(45, 0.04534389986743826)	(50, 0.0036689159990740913)	(55, 0.030394720183495455)	(60, 0.0025280785498037143)	(65, 0.02811604867428299)	(70, 0.101821511919828)	(75, 0.11182018203616748)	(80, 0.053020639738521586)	(85, 0.03151536921782189)	(90, 0.0697561545788088)	(95, 0.003901058190103529)	(100, 0.004641091354232324)	(105, 0.014336523339447687)	(110, 0.05508039836370497)	(115, 0.026133491660502637)	(120, 0.027914144149631538)	(125, 0.010531940040907423)	(130, 0.05298366209315873)	(135, 0.019711359324876783)	(140, 0.05221887639977613)	(145, 0.028606687039932095)	(150, 6.0150658602719004e-05)
trimmed_trimmomatic | fastqc_results | Plasmid_Ko_P3_S63_L002_R2_unpaired	(1, 0.0)	(2, 0.031669317250827875)	(3, 0.04819243929473808)	(4, 0.15318311061541745)	(5, 0.31807009934527125)	(6, 0.010326951277443873)	(7, 0.0017211585462406456)	(8, 0.008950024440451357)	(9, 0.029603926995339102)	(10, 0.04447473683485828)	(15, 0.11001645427570206)	(20, 0.04654012709034706)	(25, 0.019827746452692238)	(30, 0.10567913473917563)	(35, 0.04199626852827175)	(40, 0.07931098581076895)	(45, 0.04943167344803134)	(50, 0.0669604210371147)	(55, 0.04612808801922573)	(60, 0.05153942220600358)	(65, 0.032157604866023565)	(70, 0.10031656286793739)	(75, 0.14166457020488055)	(80, 0.09937834019480024)	(85, 0.11243794381579457)	(90, 0.06441481861299833)	(95, 0.01615405284079978)	(100, 0.03494330141022943)	(105, 0.07614181517094462)	(110, 0.05624945792532127)	(115, 0.034324133954404264)	(120, 0.03091472272766024)	(125, 0.022378923060043434)	(130, 0.09858608193383642)	(135, 0.028290707481201802)	(140, 0.07289618989322641)	(145, 0.031350924988595534)	(150, 0.0021941426143940635)
trimmed_trimmomatic | fastqc_results | Plasmid_Ko_P4_S64_L002_R1_paired	(1, 0.0)	(2, 0.008413536135333301)	(3, 0.02078623552526772)	(4, 0.044624168949637506)	(5, 0.0)	(6, 0.00040052487528028253)	(7, 0.19338564339029762)	(8, 0.0)	(9, 0.16292396699711897)	(10, 0.08935123424798719)	(15, 0.12037046137759157)	(20, 0.04994528436382142)	(25, 0.1448472235988519)	(30, 0.12593055104790504)	(35, 0.13277600715897156)	(40, 0.04538617171444899)	(45, 0.18550116877431988)	(50, 0.014482193326930624)	(55, 0.053020440199756325)	(60, 0.16433894136557495)	(65, 0.06307848521441334)	(70, 0.109924097207258)	(75, 0.004241324352041124)	(80, 0.027108820688141664)	(85, 0.03885921101690787)	(90, 0.0024620121415710686)	(95, 0.03033870770572559)	(100, 0.010778110720764355)	(105, 0.05441509273287126)	(110, 0.020602648395207555)	(115, 0.12696193860986846)	(120, 0.17693664163693065)	(125, 0.0739644247349651)	(130, 0.011876872794466739)	(135, 0.0685429482861416)	(140, 0.13636255000361897)	(145, 0.028094316903476402)	(150, 0.08532898140110613)
trimmed_trimmomatic | fastqc_results | Plasmid_Ko_P4_S64_L002_R1_unpaired	(1, 0.0)	(2, 0.005236181337405168)	(3, 0.012076998891111919)	(4, 0.0365688148241361)	(5, 0.0)	(6, 0.0008445453770008335)	(7, 0.13115789704822944)	(8, 0.0)	(9, 0.10995980808550852)	(10, 0.06116197620240037)	(15, 0.09043391896924927)	(20, 0.03538645129633493)	(25, 0.17034480254106812)	(30, 0.18260760141512025)	(35, 0.13909662359203728)	(40, 0.048003959228727376)	(45, 0.16926378445850707)	(50, 0.019572993004310132)	(55, 0.047266863626249864)	(60, 0.14689189511059836)	(65, 0.06320786969616807)	(70, 0.11016132071400449)	(75, 0.006131993857248259)	(80, 0.025579097933393403)	(85, 0.04123933320012664)	(90, 0.005611084854504569)	(95, 0.03133913224724387)	(100, 0.012651375010114558)	(105, 0.05037131663277823)	(110, 0.022518471976548916)	(115, 0.11028390221939903)	(120, 0.18581164680265894)	(125, 0.07218910053195338)	(130, 0.016326243655516257)	(135, 0.06478510025273071)	(140, 0.1293256888889593)	(145, 0.030133793244286743)	(150, 0.07362628642359657)
trimmed_trimmomatic | fastqc_results | Plasmid_Ko_P4_S64_L002_R2_paired	(1, 0.0)	(2, 0.03229839297605391)	(3, 0.0019724593230330237)	(4, 0.0005203471706047185)	(5, 0.17117327117522435)	(6, 0.005006560941003532)	(7, 0.001974135159331267)	(8, 0.005392841207748742)	(9, 0.002706475621663834)	(10, 0.0019218490668260588)	(15, 0.006584025648540478)	(20, 0.034866779686742455)	(25, 0.019624043052435602)	(30, 0.09607804114913804)	(35, 0.0023966134901185444)	(40, 0.01840822381805968)	(45, 0.044979446244865204)	(50, 0.003557360773759192)	(55, 0.0304108856149342)	(60, 0.0024873769814454856)	(65, 0.027931626553528127)	(70, 0.10129424686708441)	(75, 0.11225149403173709)	(80, 0.05315307057092383)	(85, 0.03126156064815985)	(90, 0.06990701437922031)	(95, 0.003867628377757412)	(100, 0.004552765364349568)	(105, 0.014149948894542791)	(110, 0.05506663599679015)	(115, 0.02612238705536646)	(120, 0.027853461071690375)	(125, 0.010534501872868654)	(130, 0.05289800805262493)	(135, 0.019580436309274273)	(140, 0.05227510669877162)	(145, 0.02854180334097967)	(150, 6.556571507334093e-05)
trimmed_trimmomatic | fastqc_results | Plasmid_Ko_P4_S64_L002_R2_unpaired	(1, 0.0)	(2, 0.030773570631755762)	(3, 0.04936593622177487)	(4, 0.1269409788559925)	(5, 0.30356845196117405)	(6, 0.012181205041736655)	(7, 0.0016027901370706127)	(8, 0.012501763069150778)	(9, 0.02308017797381682)	(10, 0.0382105168677634)	(15, 0.09456461808716614)	(20, 0.04583979792021951)	(25, 0.019554039672261474)	(30, 0.10174511790124248)	(35, 0.03564605264845042)	(40, 0.07212555616817756)	(45, 0.04878893177242945)	(50, 0.057391649806117155)	(55, 0.04651732158158894)	(60, 0.04449260538299761)	(65, 0.031149049232000594)	(70, 0.10457397472037827)	(75, 0.14058240061861943)	(80, 0.09427286910497036)	(85, 0.10380121664681836)	(90, 0.06701568196610963)	(95, 0.01592043387688098)	(100, 0.03450705456447005)	(105, 0.07486412123525031)	(110, 0.057612611244891754)	(115, 0.030634166624666094)	(120, 0.03010572845110806)	(125, 0.021895947559205597)	(130, 0.09829089385315765)	(135, 0.028940728237517872)	(140, 0.07182345214233166)	(145, 0.030638000689984565)	(150, 0.0031525354266168566)
trimmed_trimmomatic | fastqc_results | RNP_Cas1_S65_L002_R1_paired	(1, 0.0)	(2, 0.008158919440556626)	(3, 0.02046782202889913)	(4, 0.04438488078498627)	(5, 0.0)	(6, 0.0004154471002263629)	(7, 0.19407149679185404)	(8, 0.0)	(9, 0.1627366557061079)	(10, 0.08842086294043058)	(15, 0.12069558897823203)	(20, 0.0495111646183041)	(25, 0.1437404652726711)	(30, 0.12497418121290896)	(35, 0.1325118533693308)	(40, 0.04525411408512038)	(45, 0.1843223381732087)	(50, 0.014187374732123751)	(55, 0.05258556556872518)	(60, 0.1633994056289827)	(65, 0.06288100452620221)	(70, 0.11009422555064596)	(75, 0.004198979624799292)	(80, 0.027119199526032835)	(85, 0.03873719537981135)	(90, 0.002442222576130537)	(95, 0.03034983407697108)	(100, 0.010869562579608387)	(105, 0.05431623608250362)	(110, 0.020563417603029897)	(115, 0.12687010606764135)	(120, 0.17706430737468934)	(125, 0.07391082371466492)	(130, 0.011685879572042656)	(135, 0.06873056252748387)	(140, 0.13625986735575152)	(145, 0.027583142658082045)	(150, 0.08563339252722257)
trimmed_trimmomatic | fastqc_results | RNP_Cas1_S65_L002_R1_unpaired	(1, 0.0)	(2, 0.006660479268168947)	(3, 0.013756690824909693)	(4, 0.034547345736764164)	(5, 0.0)	(6, 0.0011204544563274865)	(7, 0.143978397638082)	(8, 0.0)	(9, 0.1249929193503107)	(10, 0.06644294926021994)	(15, 0.09520128030595876)	(20, 0.03874282520101264)	(25, 0.16485619900765083)	(30, 0.1741310720072506)	(35, 0.13670789316591253)	(40, 0.047718910345591725)	(45, 0.17354594579116844)	(50, 0.018580931962529038)	(55, 0.04774671643379295)	(60, 0.15105865557796536)	(65, 0.062373517323606256)	(70, 0.10872740022859165)	(75, 0.005615606978887417)	(80, 0.02528518234094503)	(85, 0.041210839210174884)	(90, 0.004589436030776597)	(95, 0.030063716161767385)	(100, 0.011045201125359089)	(105, 0.05128256391457544)	(110, 0.022644577981145598)	(115, 0.11335103784443276)	(120, 0.187619461156014)	(125, 0.07128166513070647)	(130, 0.015516965073827119)	(135, 0.06430571082756645)	(140, 0.1319113897463987)	(145, 0.030914822686444864)	(150, 0.07599194823090745)
trimmed_trimmomatic | fastqc_results | RNP_Cas1_S65_L002_R2_paired	(1, 0.0)	(2, 0.03244654675209259)	(3, 0.0019656802612562168)	(4, 0.0005250789738972086)	(5, 0.17133666712962092)	(6, 0.0050238325268113886)	(7, 0.0019092615192501676)	(8, 0.005320030922343147)	(9, 0.0027183575693823744)	(10, 0.0019068252553908157)	(15, 0.006626509473024138)	(20, 0.0352036280943973)	(25, 0.019913507888689695)	(30, 0.09594225059631886)	(35, 0.0023898466216107873)	(40, 0.01813182966102139)	(45, 0.04526116642787113)	(50, 0.0035692799044294366)	(55, 0.030529329366883746)	(60, 0.002469634486454253)	(65, 0.027799167618959515)	(70, 0.1019113228343406)	(75, 0.11065959954280695)	(80, 0.05244429632338466)	(85, 0.03098978407646252)	(90, 0.06966331040368534)	(95, 0.003843346901041611)	(100, 0.0045701022437115)	(105, 0.014058990807847675)	(110, 0.05567806955935985)	(115, 0.026304186572783696)	(120, 0.028260796818580593)	(125, 0.010237479592159204)	(130, 0.05278500096031817)	(135, 0.019870806978801035)	(140, 0.05239457135357747)	(145, 0.028982308651448695)	(150, 4.915785063230044e-05)
trimmed_trimmomatic | fastqc_results | RNP_Cas1_S65_L002_R2_unpaired	(1, 0.0)	(2, 0.02984838550848128)	(3, 0.057910970174574784)	(4, 0.16378344868756392)	(5, 0.3196583507874106)	(6, 0.011990377084603591)	(7, 0.0017858008423877688)	(8, 0.012755720302769778)	(9, 0.029593271102425885)	(10, 0.04760434816993681)	(15, 0.1145463683188726)	(20, 0.04852276003173623)	(25, 0.02056222112806488)	(30, 0.10709702766205506)	(35, 0.04428786089121667)	(40, 0.08571844043461291)	(45, 0.04801253121962544)	(50, 0.07169879301026842)	(55, 0.04658036506178207)	(60, 0.053874400278753114)	(65, 0.03143341273544363)	(70, 0.1091921115357471)	(75, 0.14831862356710798)	(80, 0.1052635190149027)	(85, 0.12403884386523586)	(90, 0.06734583997054867)	(95, 0.017184695037071967)	(100, 0.03611464232058246)	(105, 0.08616983312892103)	(110, 0.05728876308632431)	(115, 0.03363572263235657)	(120, 0.029522181292630907)	(125, 0.024043384952403)	(130, 0.10549051805995101)	(135, 0.025880823671807805)	(140, 0.07490764228195917)	(145, 0.030437130122701335)	(150, 0.002124156975200467)
trimmed_trimmomatic | fastqc_results | RNP_Cas2_S66_L002_R1_paired	(1, 0.0)	(2, 0.008099723086437976)	(3, 0.02056438233330932)	(4, 0.044663748176828756)	(5, 0.0)	(6, 0.00038074427135662383)	(7, 0.1953322904060771)	(8, 0.0)	(9, 0.16390796367232977)	(10, 0.08980632593822234)	(15, 0.12117965389800815)	(20, 0.05013458925755118)	(25, 0.14569567273865988)	(30, 0.12634506122563496)	(35, 0.13402449852556259)	(40, 0.04570160815761298)	(45, 0.18673641212419423)	(50, 0.014367900082057548)	(55, 0.05320684929325099)	(60, 0.1652793362721882)	(65, 0.06329661333554927)	(70, 0.11052314608501453)	(75, 0.004235035381382764)	(80, 0.027368434534717215)	(85, 0.0390205055889559)	(90, 0.002433663097656029)	(95, 0.03068055042184302)	(100, 0.01077778695225461)	(105, 0.05483077990240312)	(110, 0.020761903720649916)	(115, 0.12798396907255913)	(120, 0.17822100951445985)	(125, 0.07429757731819765)	(130, 0.011833026830370444)	(135, 0.06902431038025568)	(140, 0.13718116020965399)	(145, 0.027958404373144213)	(150, 0.08620258123046413)
trimmed_trimmomatic | fastqc_results | RNP_Cas2_S66_L002_R1_unpaired	(1, 0.0)	(2, 0.005017359356703863)	(3, 0.014062739605409418)	(4, 0.037100192426331384)	(5, 0.0)	(6, 0.0004946692323510851)	(7, 0.13384336086756501)	(8, 0.0)	(9, 0.11320858717520547)	(10, 0.06470273559152194)	(15, 0.09217807809696506)	(20, 0.03702952539313837)	(25, 0.15624481038974988)	(30, 0.1649651222857676)	(35, 0.13789964857284395)	(40, 0.048293850484104506)	(45, 0.17702091814849547)	(50, 0.01922890937290039)	(55, 0.04706997319339164)	(60, 0.1506694895882122)	(65, 0.06116710179430843)	(70, 0.10873092886664441)	(75, 0.006021089089202435)	(80, 0.025535281448663356)	(85, 0.041964799852742256)	(90, 0.004884463244337287)	(95, 0.02976485762476436)	(100, 0.011603024958512167)	(105, 0.05171383190223305)	(110, 0.023254510726044134)	(115, 0.1109557921379258)	(120, 0.18171462449259285)	(125, 0.07423203497383757)	(130, 0.016336550531654552)	(135, 0.06253282194360996)	(140, 0.13296906587580662)	(145, 0.03074919329075872)	(150, 0.07556977121938563)
trimmed_trimmomatic | fastqc_results | RNP_Cas2_S66_L002_R2_paired	(1, 0.0)	(2, 0.03273562397656639)	(3, 0.001953322904060771)	(4, 0.000487632112673254)	(5, 0.1730702776518566)	(6, 0.004931511580745702)	(7, 0.001957514584112404)	(8, 0.005203272170759879)	(9, 0.00269734611322555)	(10, 0.0019267755970670982)	(15, 0.006550478139354583)	(20, 0.03477864883373209)	(25, 0.019963155691236825)	(30, 0.09669269737238109)	(35, 0.002392750696140251)	(40, 0.018415028525500532)	(45, 0.04527293901099936)	(50, 0.003512975062845476)	(55, 0.030515718922310187)	(60, 0.002463925425869658)	(65, 0.02820346850858051)	(70, 0.10236192220028587)	(75, 0.11244636020556036)	(80, 0.0534226395277509)	(85, 0.031304548587962534)	(90, 0.07036063613761426)	(95, 0.0038676980096326303)	(100, 0.004510756561430658)	(105, 0.014166345158735149)	(110, 0.05578132777452465)	(115, 0.026340493559784448)	(120, 0.02778698011529991)	(125, 0.010572095317484407)	(130, 0.05280456868289748)	(135, 0.01987958516585295)	(140, 0.052522635137473024)	(145, 0.02888070198550734)	(150, 4.641528193149575e-05)
trimmed_trimmomatic | fastqc_results | RNP_Cas2_S66_L002_R2_unpaired	(1, 0.0)	(2, 0.03475881864866683)	(3, 0.059986993474312106)	(4, 0.14772497925683403)	(5, 0.30610185455116273)	(6, 0.017940035431569978)	(7, 0.0028031305361828087)	(8, 0.011492835198349515)	(9, 0.029993496737156053)	(10, 0.044401587693135694)	(15, 0.11072365617922095)	(20, 0.04737290606148947)	(25, 0.017996098042293632)	(30, 0.10792052564303814)	(35, 0.04036507972103245)	(40, 0.07910434373107887)	(45, 0.05045634965129056)	(50, 0.06748245201703522)	(55, 0.047704571659205476)	(60, 0.05219351349629897)	(65, 0.029667834362198615)	(70, 0.10695389682338985)	(75, 0.14802866271675405)	(80, 0.0979701417733729)	(85, 0.11804845285659378)	(90, 0.07086085258224713)	(95, 0.0175026876786323)	(100, 0.03444387738510578)	(105, 0.08510272442904938)	(110, 0.05967069659081873)	(115, 0.03285927979058052)	(120, 0.027733890884168954)	(125, 0.022063964416587326)	(130, 0.10596914536452463)	(135, 0.027780848586478838)	(140, 0.07200410706205841)	(145, 0.034018019286164124)	(150, 0.0019656521935695653)
trimmed_trimmomatic | fastqc_results | RNP_Cas3_S67_L002_R1_paired	(1, 0.0)	(2, 0.00856107412633496)	(3, 0.020895641628754923)	(4, 0.04450817581445373)	(5, 0.0)	(6, 0.0004625462813407487)	(7, 0.19582372971144327)	(8, 0.0)	(9, 0.16229706015730122)	(10, 0.08892316215751969)	(15, 0.12051110525156171)	(20, 0.049630649141929314)	(25, 0.14392410966883903)	(30, 0.1252340655654479)	(35, 0.1325557877438375)	(40, 0.04504543238976594)	(45, 0.18461401127849952)	(50, 0.014355596360888866)	(55, 0.052863396300722176)	(60, 0.16358973497825657)	(65, 0.06321104251756764)	(70, 0.11081848522534007)	(75, 0.0043314664652967716)	(80, 0.02710002564151139)	(85, 0.03887154899640972)	(90, 0.0025051419637359576)	(95, 0.03037141525549259)	(100, 0.010892647931926364)	(105, 0.054307735084169834)	(110, 0.020750707645081787)	(115, 0.1267270415858612)	(120, 0.17698018222359493)	(125, 0.07411568591372225)	(130, 0.011797938264599172)	(135, 0.06886750918406358)	(140, 0.13679453397306882)	(145, 0.027553011127676105)	(150, 0.08504875599336881)
trimmed_trimmomatic | fastqc_results | RNP_Cas3_S67_L002_R1_unpaired	(1, 0.0)	(2, 0.0063049970535063275)	(3, 0.014794894076049501)	(4, 0.03364745952316743)	(5, 0.0)	(6, 0.0006866828474115802)	(7, 0.1299703353009918)	(8, 0.0)	(9, 0.1080589098972223)	(10, 0.06374913852515506)	(15, 0.09317661982241134)	(20, 0.03570750806540217)	(25, 0.16697629820513588)	(30, 0.1804727374424435)	(35, 0.13437759066710617)	(40, 0.04680679990810935)	(45, 0.16908628731809147)	(50, 0.017549131920515236)	(55, 0.04705314270217078)	(60, 0.14844248124403098)	(65, 0.060370009483176654)	(70, 0.10524780702968854)	(75, 0.005834980360894867)	(80, 0.024869084244729008)	(85, 0.0407616607465207)	(90, 0.004505137362870603)	(95, 0.029192681502459218)	(100, 0.011791809272844924)	(105, 0.04910348598263177)	(110, 0.02073320006194503)	(115, 0.11132757744150669)	(120, 0.18849609252384072)	(125, 0.07139322732555875)	(130, 0.014909395907130349)	(135, 0.06415556991995962)	(140, 0.13219022625718138)	(145, 0.03005250928033097)	(150, 0.07468668739124484)
trimmed_trimmomatic | fastqc_results | RNP_Cas3_S67_L002_R2_paired	(1, 0.0)	(2, 0.032852689739786486)	(3, 0.00209562941435876)	(4, 0.0005175303368432641)	(5, 0.17091368518507172)	(6, 0.005167934371303438)	(7, 0.0019193403291909007)	(8, 0.005416212889964281)	(9, 0.0029220907846955386)	(10, 0.001925915742013882)	(15, 0.006731295454560527)	(20, 0.035318016071658034)	(25, 0.019866249414398553)	(30, 0.09612391941380376)	(35, 0.002442312386991115)	(40, 0.01814711906874877)	(45, 0.04538485973445569)	(50, 0.0036395997107547874)	(55, 0.03075556813734851)	(60, 0.0025237127887854536)	(65, 0.027809805018588225)	(70, 0.10227427944768906)	(75, 0.1109753415139502)	(80, 0.052487274545459595)	(85, 0.031310210809287066)	(90, 0.06958557115439538)	(95, 0.003937504883760191)	(100, 0.0046775741891712345)	(105, 0.014201473922916897)	(110, 0.055404546269365515)	(115, 0.026190792264756478)	(120, 0.028389253497420257)	(125, 0.010394225653144327)	(130, 0.052926053270148855)	(135, 0.01992595077980332)	(140, 0.05238781883750247)	(145, 0.028777016910151654)	(150, 6.422002424843028e-05)
trimmed_trimmomatic | fastqc_results | RNP_Cas3_S67_L002_R2_unpaired	(1, 0.0)	(2, 0.03154073305744012)	(3, 0.04932208592203723)	(4, 0.14267418846117208)	(5, 0.30969189572506645)	(6, 0.013124331876250252)	(7, 0.0008467310887903388)	(8, 0.013124331876250252)	(9, 0.0290005397910691)	(10, 0.04263291032059356)	(15, 0.1039785777034536)	(20, 0.04568114224023878)	(25, 0.021506969655274606)	(30, 0.10440194324784877)	(35, 0.037383177570093455)	(40, 0.07582476900117484)	(45, 0.04712058509118235)	(50, 0.06351067885479048)	(55, 0.045217505384337865)	(60, 0.04840482869423956)	(65, 0.031084507990948626)	(70, 0.10356469110997173)	(75, 0.14254872219287765)	(80, 0.0969729990656372)	(85, 0.1109649345961046)	(90, 0.06377328719138811)	(95, 0.01630754437715373)	(100, 0.0347324818673793)	(105, 0.07728475279322991)	(110, 0.05761339351648346)	(115, 0.033874438400897204)	(120, 0.028766729222887356)	(125, 0.021991246099615554)	(130, 0.0979233787224335)	(135, 0.02652604961349698)	(140, 0.07011475319826498)	(145, 0.032907624469066275)	(150, 0.001785932211966341)
trimmed_trimmomatic | fastqc_results | RNP_Cas4_S68_L002_R1_paired	(1, 0.0)	(2, 0.008406611938519586)	(3, 0.02082871068855148)	(4, 0.04433213974568518)	(5, 0.0)	(6, 0.00041840901478400834)	(7, 0.19396450141055285)	(8, 0.0)	(9, 0.16157716420544227)	(10, 0.08898041074698493)	(15, 0.12054059981975807)	(20, 0.049800466629568975)	(25, 0.1442532953708045)	(30, 0.12574449220629838)	(35, 0.13308444009646195)	(40, 0.04518222289068486)	(45, 0.18537961623847493)	(50, 0.014349148190100693)	(55, 0.05266024548765967)	(60, 0.16370589523841556)	(65, 0.06317876526959476)	(70, 0.1103063932627017)	(75, 0.004246275407458444)	(80, 0.02711388798426435)	(85, 0.03871085419401476)	(90, 0.0024432129311378952)	(95, 0.03034364317138811)	(100, 0.01079483465320787)	(105, 0.05419907727158964)	(110, 0.020670384853957335)	(115, 0.12692438054380165)	(120, 0.1774963747390906)	(125, 0.07428384771001668)	(130, 0.011806652941804769)	(135, 0.06870149730624699)	(140, 0.13666492480631884)	(145, 0.028038316257430317)	(150, 0.08478037594313263)
trimmed_trimmomatic | fastqc_results | RNP_Cas4_S68_L002_R1_unpaired	(1, 0.0)	(2, 0.006434816365109371)	(3, 0.015454108155549555)	(4, 0.03386190251147718)	(5, 0.0)	(6, 0.0007911659465298406)	(7, 0.1328103902241426)	(8, 0.0)	(9, 0.1154047394004861)	(10, 0.06432706589251957)	(15, 0.09439137186065352)	(20, 0.036783942073994054)	(25, 0.1582753848231164)	(30, 0.16801200040507697)	(35, 0.13795824331623008)	(40, 0.04768093437753173)	(45, 0.17208386780988388)	(50, 0.01737328262610258)	(55, 0.045891917457596354)	(60, 0.15084212143457548)	(65, 0.05993937053802486)	(70, 0.10864494328187585)	(75, 0.005746549922064509)	(80, 0.024841676502642972)	(85, 0.04039455569390861)	(90, 0.004467180731392878)	(95, 0.03152055067403228)	(100, 0.011462950677090649)	(105, 0.051592594525045235)	(110, 0.021563837714435326)	(115, 0.11175727729647245)	(120, 0.1830193147741606)	(125, 0.07184633325907294)	(130, 0.01493622785686123)	(135, 0.06599226784728537)	(140, 0.13230613103484912)	(145, 0.03089992149650016)	(150, 0.07284777809446057)
trimmed_trimmomatic | fastqc_results | RNP_Cas4_S68_L002_R2_paired	(1, 0.0)	(2, 0.03204331201517708)	(3, 0.001976750145401782)	(4, 0.0005206867739534326)	(5, 0.17127681496594624)	(6, 0.005120086610542088)	(7, 0.0019463767502544982)	(8, 0.005293029003319477)	(9, 0.0027986914099997003)	(10, 0.0018886053129539507)	(15, 0.006556066349280803)	(20, 0.03500676359722061)	(25, 0.019688778572717714)	(30, 0.09599368967301342)	(35, 0.002387224885535071)	(40, 0.01836251497563347)	(45, 0.04545037657927088)	(50, 0.003544693004121344)	(55, 0.03046033134643038)	(60, 0.002466363909796993)	(65, 0.027936581385454892)	(70, 0.10180231582835902)	(75, 0.11173107203690717)	(80, 0.05301408945479555)	(85, 0.031097999330208827)	(90, 0.0697493056217047)	(95, 0.003857898342814823)	(100, 0.004539018328762058)	(105, 0.01419130118292415)	(110, 0.05534412560591218)	(115, 0.026296141655679946)	(120, 0.028065621639620907)	(125, 0.010458006539325314)	(130, 0.05311035913204863)	(135, 0.019653042419627696)	(140, 0.05205283173863555)	(145, 0.028638385362564422)	(150, 5.3957321942178535e-05)
trimmed_trimmomatic | fastqc_results | RNP_Cas4_S68_L002_R2_unpaired	(1, 0.0)	(2, 0.027005005238039805)	(3, 0.04981957862879758)	(4, 0.14503550226981726)	(5, 0.2947270399255035)	(6, 0.013269700849726458)	(7, 0.0006984053078803399)	(8, 0.009544872541031311)	(9, 0.03166104062390874)	(10, 0.04236992201140729)	(15, 0.10317774415085554)	(20, 0.044465137935048304)	(25, 0.018903503666627866)	(30, 0.10229309742754045)	(35, 0.03985566290303806)	(40, 0.07752298917471773)	(45, 0.04851588872075428)	(50, 0.06283226794387987)	(55, 0.04599897983414357)	(60, 0.049099312954002605)	(65, 0.031490787941635734)	(70, 0.1062382574068272)	(75, 0.14081789523148594)	(80, 0.10157266500029223)	(85, 0.10984568736860036)	(90, 0.06607260843943641)	(95, 0.015455992896820286)	(100, 0.03340523041562877)	(105, 0.07550150356974929)	(110, 0.06191647700362913)	(115, 0.03181075076823251)	(120, 0.02844394187663705)	(125, 0.022994603031406158)	(130, 0.10350145234950081)	(135, 0.02541097597971928)	(140, 0.07362286399617379)	(145, 0.03203705988168382)	(150, 0.0023057071192001174)
