Sample	0	1	2	3	4	5	6	7	8	9	10	11	12	13	14	15	16	17	18	19	20	21	22	23	24	25	26	27	28	29	30	31	32	33	34	35	36	37	38	39	40	41	42	43	44	45	46	47	48	49	50	51	52	53	54	55	56	57	58	59	60	61	62	63	64	65	66	67	68	69	70	71	72	73	74	75	76	77	78	79	80	81	82	83	84	85	86	87	88	89	90	91	92	93	94	95	96	97	98	99	100
raw_fastq | fastqc_results | Control_MNP_III_S56_L002_R1_001	(0.0, 0.0007158850666049703)	(1.0, 0.0007065344257141009)	(2.0, 0.0007663785274156659)	(3.0, 0.0009496510888767084)	(4.0, 0.0012787936482353153)	(5.0, 0.0017362270006166525)	(6.0, 0.0022699615826674846)	(7.0, 0.002873264932946386)	(8.0, 0.003650116178159826)	(9.0, 0.004697387957937212)	(10.0, 0.0061164412195355705)	(11.0, 0.008328054803044029)	(12.0, 0.011656508934557943)	(13.0, 0.01650762142874105)	(14.0, 0.023489931994771136)	(15.0, 0.03381603174337616)	(16.0, 0.05033262978737245)	(17.0, 0.07663747871593095)	(18.0, 0.11594570289296822)	(19.0, 0.17300667983977475)	(20.0, 0.25473315135415253)	(21.0, 0.366875013532715)	(22.0, 0.5152322819072509)	(23.0, 0.7048116636363672)	(24.0, 0.9380233799160942)	(25.0, 1.215842889604168)	(26.0, 1.5225076303380316)	(27.0, 1.846875378432125)	(28.0, 2.1882590487937876)	(29.0, 2.5281028556135414)	(30.0, 2.850426553608891)	(31.0, 3.1548635976569135)	(32.0, 3.4420135508515326)	(33.0, 3.7040244930238666)	(34.0, 3.9283284147653155)	(35.0, 4.096661644287834)	(36.0, 4.187728283975283)	(37.0, 4.196081398495915)	(38.0, 4.141644959434357)	(39.0, 4.052459294668515)	(40.0, 3.9507104828273367)	(41.0, 3.8365410276779985)	(42.0, 3.6985225759236786)	(43.0, 3.535764198500297)	(44.0, 3.3578244945521347)	(45.0, 3.1664554001565066)	(46.0, 2.965043717444084)	(47.0, 2.7578454841227558)	(48.0, 2.545750507179697)	(49.0, 2.3344230308409606)	(50.0, 2.134183170444982)	(51.0, 1.9333067184171528)	(52.0, 1.727957667838403)	(53.0, 1.5329956831868667)	(54.0, 1.3506290118153315)	(55.0, 1.189748617108472)	(56.0, 1.0481163296626494)	(57.0, 0.916635097967955)	(58.0, 0.8041741919221961)	(59.0, 0.7174249301468788)	(60.0, 0.6409415499928294)	(61.0, 0.557451173580798)	(62.0, 0.4660666121030589)	(63.0, 0.3854809187773672)	(64.0, 0.3215143065198357)	(65.0, 0.2681386041609387)	(66.0, 0.22531117277821375)	(67.0, 0.1900577605170931)	(68.0, 0.16104945429416645)	(69.0, 0.13205610909666513)	(70.0, 0.10658795551502165)	(71.0, 0.0914739536046558)	(72.0, 0.08069303868311888)	(73.0, 0.06959195781747858)	(74.0, 0.05666002146540604)	(75.0, 0.047542024519901346)	(76.0, 0.042065167137301254)	(77.0, 0.03672669923988603)	(78.0, 0.03146079231578395)	(79.0, 0.02667999664110018)	(80.0, 0.021694982969359823)	(81.0, 0.016585792786588716)	(82.0, 0.013062845324544718)	(83.0, 0.009594131579667762)	(84.0, 0.006570882366831829)	(85.0, 0.004271372758949196)	(86.0, 0.0024644549131975706)	(87.0, 0.002663062525719639)	(88.0, 0.0027217845505142996)	(89.0, 0.0019516657667422862)	(90.0, 0.0009851835242620124)	(91.0, 0.00034485163605526783)	(92.0, 0.00018215048455413822)	(93.0, 0.00022778161210158148)	(94.0, 0.0003493399436828852)	(95.0, 0.000665391605794275)	(96.0, 0.0020159981760714684)	(97.0, 0.008211732830361612)	(98.0, 0.037319529872367155)	(99.0, 0.04228472018541887)	(100.0, 0.013253972424354091)
raw_fastq | fastqc_results | Control_MNP_III_S56_L002_R2_001	(0.0, 0.0006162226666920593)	(1.0, 0.0006461727355470805)	(2.0, 0.0007513723524003421)	(3.0, 0.0009464221758186671)	(4.0, 0.0012309478299413676)	(5.0, 0.0016465050353047855)	(6.0, 0.002190847536744794)	(7.0, 0.0027213381313393554)	(8.0, 0.003419549111522035)	(9.0, 0.004505987859237926)	(10.0, 0.00586646973697726)	(11.0, 0.00790045378809388)	(12.0, 0.011190094475957263)	(13.0, 0.01601579932022254)	(14.0, 0.022845538146749413)	(15.0, 0.03316782937763244)	(16.0, 0.049847771474715065)	(17.0, 0.07615404007766217)	(18.0, 0.11507303142718003)	(19.0, 0.1716217564323454)	(20.0, 0.25323756594158137)	(21.0, 0.3655390928720899)	(22.0, 0.5148341961005991)	(23.0, 0.7057756188237366)	(24.0, 0.9388586603051922)	(25.0, 1.2164295340638962)	(26.0, 1.5234510592794637)	(27.0, 1.8479087658307032)	(28.0, 2.1882441270095714)	(29.0, 2.528777158642883)	(30.0, 2.852971304588198)	(31.0, 3.154185137076917)	(32.0, 3.438552804586407)	(33.0, 3.702970356855707)	(34.0, 3.9266093928754526)	(35.0, 4.092349330160533)	(36.0, 4.182429403504059)	(37.0, 4.189857769331825)	(38.0, 4.136409250829015)	(39.0, 4.04908945070634)	(40.0, 3.9448227784979126)	(41.0, 3.8273784503691366)	(42.0, 3.6874150398441303)	(43.0, 3.5261844598010343)	(44.0, 3.3477048863526107)	(45.0, 3.1529313523194733)	(46.0, 2.9519637696712566)	(47.0, 2.7450267639243737)	(48.0, 2.533904236055002)	(49.0, 2.324831416022895)	(50.0, 2.1263889985550177)	(51.0, 1.9271798593244516)	(52.0, 1.7231030851532234)	(53.0, 1.528304093561559)	(54.0, 1.3466097545974096)	(55.0, 1.1863240992266897)	(56.0, 1.0459762046927572)	(57.0, 0.9146500196496786)	(58.0, 0.802104025282141)	(59.0, 0.7161035256925299)	(60.0, 0.6388001517225563)	(61.0, 0.5558875042318979)	(62.0, 0.46680664006054795)	(63.0, 0.3871634169612758)	(64.0, 0.3244315002409914)	(65.0, 0.2715838549945852)	(66.0, 0.22822813532005665)	(67.0, 0.1932355979974321)	(68.0, 0.16465986292699575)	(69.0, 0.13644053367593417)	(70.0, 0.11108667726257672)	(71.0, 0.09617715861068653)	(72.0, 0.0859409738277617)	(73.0, 0.07436826722218154)	(74.0, 0.061185744415644)	(75.0, 0.05194165566354173)	(76.0, 0.04623841380182434)	(77.0, 0.04053255130908213)	(78.0, 0.035227645363136516)	(79.0, 0.0303970736326823)	(80.0, 0.02535273328577537)	(81.0, 0.020445040128019475)	(82.0, 0.017054317957770397)	(83.0, 0.013748204732036754)	(84.0, 0.010771916639569029)	(85.0, 0.008442175658509075)	(86.0, 0.0065586907033889355)	(87.0, 0.00654783380342899)	(88.0, 0.006367384638577487)	(89.0, 0.005616761037898522)	(90.0, 0.004909565037059336)	(91.0, 0.0044659296421443355)	(92.0, 0.004305322397909284)	(93.0, 0.004310938035819601)	(94.0, 0.004404532000991542)	(95.0, 0.004643383800110335)	(96.0, 0.005365929211237719)	(97.0, 0.007335520614316045)	(98.0, 0.011413596864787857)	(99.0, 0.02182199454362907)	(100.0, 0.11003992235609375)
raw_fastq | fastqc_results | Control_MNP_II_S55_L002_R1_001	(0.0, 0.000692104537518289)	(1.0, 0.0007257322156123979)	(2.0, 0.0008223140352547806)	(3.0, 0.0010498873916590995)	(4.0, 0.0013630940213495795)	(5.0, 0.001754895573097221)	(6.0, 0.0023582386812275712)	(7.0, 0.0030104592284481957)	(8.0, 0.003722896780628039)	(9.0, 0.0048286999626064135)	(10.0, 0.006311836974361707)	(11.0, 0.008513276830987678)	(12.0, 0.012027369191822063)	(13.0, 0.016982368457037746)	(14.0, 0.02402658497872813)	(15.0, 0.034927817973910265)	(16.0, 0.052015761699383)	(17.0, 0.07857810821811459)	(18.0, 0.11855477014029385)	(19.0, 0.17695470742389216)	(20.0, 0.2592259949396679)	(21.0, 0.37172621894497127)	(22.0, 0.5227747105924797)	(23.0, 0.7166687743270101)	(24.0, 0.9516691553559744)	(25.0, 1.2326784563298832)	(26.0, 1.5420272875078458)	(27.0, 1.868670129694486)	(28.0, 2.2113303041807657)	(29.0, 2.5518543390690436)	(30.0, 2.8743265671329885)	(31.0, 3.174945887689428)	(32.0, 3.4611846836264837)	(33.0, 3.7263608224912455)	(34.0, 3.9546630392672784)	(35.0, 4.12257542045947)	(36.0, 4.21085159463212)	(37.0, 4.2160752243025765)	(38.0, 4.154637456424639)	(39.0, 4.056778176034193)	(40.0, 3.9475500033113486)	(41.0, 3.8273341822810107)	(42.0, 3.68449436326408)	(43.0, 3.5209191705070033)	(44.0, 3.340001089302159)	(45.0, 3.145027420693002)	(46.0, 2.9453947545897607)	(47.0, 2.7394095854828344)	(48.0, 2.5293265318825795)	(49.0, 2.318792241764643)	(50.0, 2.1166941976336884)	(51.0, 1.916743241647091)	(52.0, 1.7127354582160008)	(53.0, 1.517641355596926)	(54.0, 1.3365871996016543)	(55.0, 1.1767646211081724)	(56.0, 1.0363283990359444)	(57.0, 0.9055390193620859)	(58.0, 0.7942665966267302)	(59.0, 0.7097457738542636)	(60.0, 0.633988480400927)	(61.0, 0.5515576569239606)	(62.0, 0.4618433129835179)	(63.0, 0.38154980216309103)	(64.0, 0.3184005418779689)	(65.0, 0.2652590350014587)	(66.0, 0.22225431797275869)	(67.0, 0.18744928012584322)	(68.0, 0.15857561726741073)	(69.0, 0.13050980072226231)	(70.0, 0.1056483890838723)	(71.0, 0.09083930707854451)	(72.0, 0.08018598045442826)	(73.0, 0.06893791315146153)	(74.0, 0.0560831466707193)	(75.0, 0.046956751243783214)	(76.0, 0.04157593172921306)	(77.0, 0.03617282410241774)	(78.0, 0.030890541505053576)	(79.0, 0.026266344747600874)	(80.0, 0.021427087258150963)	(81.0, 0.016414217105052392)	(82.0, 0.012974418451635225)	(83.0, 0.00958349723730833)	(84.0, 0.006689952843164071)	(85.0, 0.0043852838351794415)	(86.0, 0.0024774996326078413)	(87.0, 0.002717194593906548)	(88.0, 0.0028008727696290986)	(89.0, 0.00196291795386543)	(90.0, 0.0009818499964454371)	(91.0, 0.00037967994685325347)	(92.0, 0.00020606728320459792)	(93.0, 0.000220143985662597)	(94.0, 0.00028505322477448175)	(95.0, 0.0004883833713900243)	(96.0, 0.0013834270360111338)	(97.0, 0.005191566070412612)	(98.0, 0.02513864447291006)	(99.0, 0.028910418692628368)	(100.0, 0.00889647595345543)
raw_fastq | fastqc_results | Control_MNP_II_S55_L002_R2_001	(0.0, 0.0006551947826769005)	(1.0, 0.0006837665981699792)	(2.0, 0.0008105784915913147)	(3.0, 0.001028193963018051)	(4.0, 0.0013307420914584595)	(5.0, 0.0017377926135516357)	(6.0, 0.0022505197134959245)	(7.0, 0.002877534075412528)	(8.0, 0.003652887041053472)	(9.0, 0.0046642510305619014)	(10.0, 0.006057224884532682)	(11.0, 0.008257646072232524)	(12.0, 0.011618161247897918)	(13.0, 0.01632194314647079)	(14.0, 0.02314082218099705)	(15.0, 0.0339538844635626)	(16.0, 0.05094902655041826)	(17.0, 0.07730672204014974)	(18.0, 0.11708182036437753)	(19.0, 0.17491665444862775)	(20.0, 0.25718234775312415)	(21.0, 0.37001636108261976)	(22.0, 0.5207788723870782)	(23.0, 0.7133619108892825)	(24.0, 0.9472370936999773)	(25.0, 1.2267567302476972)	(26.0, 1.5364157181932874)	(27.0, 1.8633986198012702)	(28.0, 2.205505013883945)	(29.0, 2.545041510151175)	(30.0, 2.8666744371567616)	(31.0, 3.1689806836523107)	(32.0, 3.454839740686899)	(33.0, 3.716549351314112)	(34.0, 3.9422451669991303)	(35.0, 4.111088549379181)	(36.0, 4.201806411938103)	(37.0, 4.206906676700984)	(38.0, 4.1435868368315285)	(39.0, 4.046321723182631)	(40.0, 3.938759405508975)	(41.0, 3.817070086350289)	(42.0, 3.6742297958320687)	(43.0, 3.511416632099989)	(44.0, 3.329344499146642)	(45.0, 3.1346631934819937)	(46.0, 2.934470267190311)	(47.0, 2.728178236777688)	(48.0, 2.517555423646833)	(49.0, 2.3081005323985995)	(50.0, 2.1095506811951346)	(51.0, 1.9116110143800773)	(52.0, 1.708221175911032)	(53.0, 1.5141954564237936)	(54.0, 1.3335425207715141)	(55.0, 1.1754182659381611)	(56.0, 1.0375181597371144)	(57.0, 0.9079465420549335)	(58.0, 0.7980503375896989)	(59.0, 0.7128828437363575)	(60.0, 0.6342598612098621)	(61.0, 0.5519452435637681)	(62.0, 0.4653049313309683)	(63.0, 0.38613203920491446)	(64.0, 0.32309517772726004)	(65.0, 0.27018800332873394)	(66.0, 0.22755728903412936)	(67.0, 0.19340066209898576)	(68.0, 0.16466328663394034)	(69.0, 0.1367736721601005)	(70.0, 0.1116938804729019)	(71.0, 0.09659230610324507)	(72.0, 0.08614010976430445)	(73.0, 0.07472312540905643)	(74.0, 0.06155699799300609)	(75.0, 0.05208837661754637)	(76.0, 0.04646990522846219)	(77.0, 0.040776286050683896)	(78.0, 0.035494414131792155)	(79.0, 0.030876739074431305)	(80.0, 0.02564574847080121)	(81.0, 0.0206832546538595)	(82.0, 0.017538789370689718)	(83.0, 0.014236200615476044)	(84.0, 0.011238899751832256)	(85.0, 0.008973115643757837)	(86.0, 0.007140996899605763)	(87.0, 0.007168394530900497)	(88.0, 0.00699813782214037)	(89.0, 0.006167598199177179)	(90.0, 0.005391853838803453)	(91.0, 0.004969930316864565)	(92.0, 0.004818851950010751)	(93.0, 0.0048243314762696984)	(94.0, 0.004904567396489988)	(95.0, 0.0050439039213603445)	(96.0, 0.005744500493039945)	(97.0, 0.008140227652397953)	(98.0, 0.01324636333627062)	(99.0, 0.026009745572288377)	(100.0, 0.11466808904731156)
raw_fastq | fastqc_results | Control_MNP_I_S54_L002_R1_001	(0.0, 0.0006615640101717938)	(1.0, 0.0006934466130716393)	(2.0, 0.0008106151787285714)	(3.0, 0.0010254242157662803)	(4.0, 0.001320338292589851)	(5.0, 0.001763107940361455)	(6.0, 0.0023194593609637587)	(7.0, 0.0029208449581620945)	(8.0, 0.0037948268101541086)	(9.0, 0.00484894536853025)	(10.0, 0.006272105055472103)	(11.0, 0.00851982855991121)	(12.0, 0.011744355310694331)	(13.0, 0.016640327518501856)	(14.0, 0.02390876391459413)	(15.0, 0.0346735262511907)	(16.0, 0.05156971165796381)	(17.0, 0.07807092972085164)	(18.0, 0.11782215901637898)	(19.0, 0.1757516528877895)	(20.0, 0.2584156700889001)	(21.0, 0.37198907373633844)	(22.0, 0.5230703670327637)	(23.0, 0.7156600195770341)	(24.0, 0.9511142375900016)	(25.0, 1.2330927453520326)	(26.0, 1.542469966448582)	(27.0, 1.867876963218101)	(28.0, 2.2109712324788457)	(29.0, 2.55323495993405)	(30.0, 2.878417582885661)	(31.0, 3.1793762026865062)	(32.0, 3.461720563316813)	(33.0, 3.7231300098180085)	(34.0, 3.943286556427094)	(35.0, 4.107012091501062)	(36.0, 4.197891856936926)	(37.0, 4.206282560955093)	(38.0, 4.1539281387332565)	(39.0, 4.063360025740739)	(40.0, 3.9568916601495308)	(41.0, 3.839595962613535)	(42.0, 3.6992451578555894)	(43.0, 3.536606022475434)	(44.0, 3.3530184228599347)	(45.0, 3.154334809303895)	(46.0, 2.9496943299285556)	(47.0, 2.7377379887853106)	(48.0, 2.5257103103180767)	(49.0, 2.31770342660905)	(50.0, 2.117112436334527)	(51.0, 1.9157757916846838)	(52.0, 1.7102892277348898)	(53.0, 1.5168849746865285)	(54.0, 1.3367964907392875)	(55.0, 1.178009969387042)	(56.0, 1.0382195013750608)	(57.0, 0.9061095524016523)	(58.0, 0.79414263340783)	(59.0, 0.7079065690843279)	(60.0, 0.6299763213487719)	(61.0, 0.5468181238027137)	(62.0, 0.45808525313961745)	(63.0, 0.3781978121185471)	(64.0, 0.31484189923358286)	(65.0, 0.2626464914937096)	(66.0, 0.2201681040526367)	(67.0, 0.1860939707359631)	(68.0, 0.15768497742205578)	(69.0, 0.12911298430082302)	(70.0, 0.10403094059951457)	(71.0, 0.08958373762798583)	(72.0, 0.07955705754852067)	(73.0, 0.06850136646046301)	(74.0, 0.05566184374015898)	(75.0, 0.046425453680073746)	(76.0, 0.04101417890289748)	(77.0, 0.03568540036072455)	(78.0, 0.03034944823289916)	(79.0, 0.025811358242642406)	(80.0, 0.021113058172813927)	(81.0, 0.01637091952399816)	(82.0, 0.012991363616614538)	(83.0, 0.009485871427776526)	(84.0, 0.006531948269105843)	(85.0, 0.00430415139147914)	(86.0, 0.00245336629314311)	(87.0, 0.0026390824550347096)	(88.0, 0.0027976984044614413)	(89.0, 0.001990670018559102)	(90.0, 0.0009668399329378143)	(91.0, 0.000378207376899417)	(92.0, 0.0002128163743564686)	(93.0, 0.0002263664805889029)	(94.0, 0.0003343687979121295)	(95.0, 0.0005974002718358547)	(96.0, 0.0016156509019496698)	(97.0, 0.006321124557430615)	(98.0, 0.028001693061861795)	(99.0, 0.03151316323874352)	(100.0, 0.00968952155379929)
raw_fastq | fastqc_results | Control_MNP_I_S54_L002_R2_001	(0.0, 0.0006350579116769196)	(1.0, 0.0006649758409330558)	(2.0, 0.0007722814805317314)	(3.0, 0.0009745266823032126)	(4.0, 0.0012932523553119176)	(5.0, 0.0017172891393022229)	(6.0, 0.0021931836673364973)	(7.0, 0.002816274407310962)	(8.0, 0.0035901515107363544)	(9.0, 0.004555503361401018)	(10.0, 0.00591258063245936)	(11.0, 0.008111348979923669)	(12.0, 0.011372403268842524)	(13.0, 0.01626298743791227)	(14.0, 0.023375476486404402)	(15.0, 0.03388544558122337)	(16.0, 0.05067179732825631)	(17.0, 0.07699000133629429)	(18.0, 0.11684227872836148)	(19.0, 0.17490141114854296)	(20.0, 0.2571725253571304)	(21.0, 0.37070947126127396)	(22.0, 0.5219075054187653)	(23.0, 0.7143164898622757)	(24.0, 0.9496373585964477)	(25.0, 1.2303317588404759)	(26.0, 1.5393357004638304)	(27.0, 1.8649736118478735)	(28.0, 2.2092595679901277)	(29.0, 2.5522351188309633)	(30.0, 2.8760157251667855)	(31.0, 3.1771584316987975)	(32.0, 3.458693326302061)	(33.0, 3.716918164957561)	(34.0, 3.9380647166216227)	(35.0, 4.1029472116208705)	(36.0, 4.190050669762909)	(37.0, 4.199546620508807)	(38.0, 4.147755892626371)	(39.0, 4.0579877442519185)	(40.0, 3.9523646889946082)	(41.0, 3.8338402248306056)	(42.0, 3.691946267766049)	(43.0, 3.5267749650230487)	(44.0, 3.341306541261238)	(45.0, 3.1425374039635967)	(46.0, 2.9399483454585313)	(47.0, 2.7292786537142457)	(48.0, 2.516509920053349)	(49.0, 2.3052773723333244)	(50.0, 2.105067786468431)	(51.0, 1.906626150769713)	(52.0, 1.7022599672668333)	(53.0, 1.5103791340011248)	(54.0, 1.3334309375857385)	(55.0, 1.175068556635711)	(56.0, 1.0346485562191738)	(57.0, 0.9041501389554181)	(58.0, 0.7939149357239818)	(59.0, 0.7067987125987938)	(60.0, 0.6270901687574253)	(61.0, 0.5449534857776287)	(62.0, 0.45842405297158456)	(63.0, 0.3807686768886338)	(64.0, 0.3184173188845053)	(65.0, 0.26611359824175757)	(66.0, 0.22457993322549555)	(67.0, 0.19032988781307073)	(68.0, 0.16164856629952143)	(69.0, 0.1334650791287942)	(70.0, 0.10849836771168676)	(71.0, 0.0945183177288794)	(72.0, 0.0844339810409444)	(73.0, 0.07317486699755178)	(74.0, 0.06015697761962177)	(75.0, 0.05063948596465969)	(76.0, 0.045086718294720794)	(77.0, 0.039287027981987924)	(78.0, 0.034039024284738206)	(79.0, 0.02973483152908873)	(80.0, 0.024930809902000077)	(81.0, 0.020104050648676753)	(82.0, 0.016668674558625477)	(83.0, 0.01344152725619691)	(84.0, 0.010744126754463661)	(85.0, 0.008452014467720207)	(86.0, 0.006502961103113783)	(87.0, 0.006505753443177689)	(88.0, 0.00644073181026102)	(89.0, 0.005723898225283994)	(90.0, 0.0049915073170937775)	(91.0, 0.004563082570145906)	(92.0, 0.004385968428949579)	(93.0, 0.00438756405184324)	(94.0, 0.004526383243591712)	(95.0, 0.004802824909918411)	(96.0, 0.005628559757387773)	(97.0, 0.007970535259558122)	(98.0, 0.013005523300504149)	(99.0, 0.024811935996422355)	(100.0, 0.11136610095731829)
raw_fastq | fastqc_results | Only_MNP_C1_S57_L002_R1_001	(0.0, 0.0007233003778177454)	(1.0, 0.0007298599338439038)	(2.0, 0.0008146968584488872)	(3.0, 0.0010263518662262687)	(4.0, 0.0013770694617582103)	(5.0, 0.0017916334026114283)	(6.0, 0.002334327337842276)	(7.0, 0.0029872218143125865)	(8.0, 0.00379929485035101)	(9.0, 0.004778417913188938)	(10.0, 0.006155050071212071)	(11.0, 0.008390546764926891)	(12.0, 0.011790583305152386)	(13.0, 0.01670762650236081)	(14.0, 0.02377139373506337)	(15.0, 0.03446128353902636)	(16.0, 0.05118596488705518)	(17.0, 0.07759823587824997)	(18.0, 0.11755336624105163)	(19.0, 0.17556564243266243)	(20.0, 0.2572434848554479)	(21.0, 0.36986450226856343)	(22.0, 0.5196843246022887)	(23.0, 0.7107843076160998)	(24.0, 0.9443219942967459)	(25.0, 1.222510578847453)	(26.0, 1.5300431186293126)	(27.0, 1.8559529105740582)	(28.0, 2.1962771082344195)	(29.0, 2.534204006819087)	(30.0, 2.858153366119481)	(31.0, 3.1624450479206834)	(32.0, 3.450442792552908)	(33.0, 3.7223761844770706)	(34.0, 3.9599169495486133)	(35.0, 4.134089779585055)	(36.0, 4.223822319504228)	(37.0, 4.223810512303381)	(38.0, 4.153994533694565)	(39.0, 4.048559728559974)	(40.0, 3.9371622869976046)	(41.0, 3.8190710371624084)	(42.0, 3.6778556031200624)	(43.0, 3.5129571106971387)	(44.0, 3.3337325479130855)	(45.0, 3.1446817702018457)	(46.0, 2.9463172975409324)	(47.0, 2.739226428846552)	(48.0, 2.5304541272908)	(49.0, 2.3233068464145945)	(50.0, 2.126223673697457)	(51.0, 1.9295170194962206)	(52.0, 1.7241027733221264)	(53.0, 1.5279545559905838)	(54.0, 1.345428350006697)	(55.0, 1.1836421482663184)	(56.0, 1.0431793139520407)	(57.0, 0.9126918151386096)	(58.0, 0.8019984325897145)	(59.0, 0.717319811936829)	(60.0, 0.6398755069733263)	(61.0, 0.5559271835580198)	(62.0, 0.4667832544662607)	(63.0, 0.3858195290428563)	(64.0, 0.32061885405404594)	(65.0, 0.2678008716276825)	(66.0, 0.2253819720214557)	(67.0, 0.18993107012994956)	(68.0, 0.16062516032374874)	(69.0, 0.13193890991015234)	(70.0, 0.10669642641028913)	(71.0, 0.09272588398577673)	(72.0, 0.08279209233976229)	(73.0, 0.07141257454558249)	(74.0, 0.05807174949958131)	(75.0, 0.048621178480827205)	(76.0, 0.042971651527364416)	(77.0, 0.03730375781702838)	(78.0, 0.03230187769521498)	(79.0, 0.02775785458402744)	(80.0, 0.02270874565882569)	(81.0, 0.017478592987301974)	(82.0, 0.01370947209467129)	(83.0, 0.010128829111858898)	(84.0, 0.007059831499086868)	(85.0, 0.004613117101329743)	(86.0, 0.002559976065142129)	(87.0, 0.002803554245580148)	(88.0, 0.0029054460158531438)	(89.0, 0.002016407522441127)	(90.0, 0.000980434974043159)	(91.0, 0.00033235083865869796)	(92.0, 0.00015436821848226366)	(93.0, 0.00018541678367274726)	(94.0, 0.00024226626923278774)	(95.0, 0.0004604808330363275)	(96.0, 0.00136919799452682)	(97.0, 0.005394141572177684)	(98.0, 0.024491632986735578)	(99.0, 0.027693133631236006)	(100.0, 0.008492875838934965)
raw_fastq | fastqc_results | Only_MNP_C1_S57_L002_R2_001	(0.0, 0.0006022667236053829)	(1.0, 0.0006184613956790742)	(2.0, 0.0007432041400304797)	(3.0, 0.000992689628733291)	(4.0, 0.001322710783964729)	(5.0, 0.0016824951203045725)	(6.0, 0.0021530159981212778)	(7.0, 0.0027587842724452966)	(8.0, 0.003522122329107933)	(9.0, 0.004541073588230994)	(10.0, 0.005991153279586106)	(11.0, 0.008126223830274374)	(12.0, 0.01128330949696451)	(13.0, 0.016031849965274684)	(14.0, 0.023089225438685433)	(15.0, 0.033854305429291826)	(16.0, 0.050631110309956304)	(17.0, 0.0769846564060901)	(18.0, 0.1164690176971087)	(19.0, 0.17389182331969927)	(20.0, 0.2563047587273547)	(21.0, 0.36856972709290114)	(22.0, 0.5185538374934338)	(23.0, 0.7102475446666782)	(24.0, 0.9436153954116082)	(25.0, 1.222828174327959)	(26.0, 1.5298957892110587)	(27.0, 1.8540960540666043)	(28.0, 2.1945133133816723)	(29.0, 2.5335400193676025)	(30.0, 2.8551692706079894)	(31.0, 3.1582232329798523)	(32.0, 3.4469287158944253)	(33.0, 3.7179185406418993)	(34.0, 3.9564616833489734)	(35.0, 4.1308065197928965)	(36.0, 4.219068357982193)	(37.0, 4.217670801551618)	(38.0, 4.148525241816873)	(39.0, 4.044912167583236)	(40.0, 3.930991841115455)	(41.0, 3.8097086288740623)	(42.0, 3.6676507162190015)	(43.0, 3.504665785694014)	(44.0, 3.326562034553635)	(45.0, 3.1342603706368677)	(46.0, 2.9348903889006936)	(47.0, 2.729107754717177)	(48.0, 2.5205733393626537)	(49.0, 2.314701853329652)	(50.0, 2.1176805367380034)	(51.0, 1.9208553069865977)	(52.0, 1.7174532895979144)	(53.0, 1.5215901109064542)	(54.0, 1.3398180476944648)	(55.0, 1.1802655122614196)	(56.0, 1.0406280465406161)	(57.0, 0.9109726265309644)	(58.0, 0.8009272036271933)	(59.0, 0.7152604522142454)	(60.0, 0.6371215971525249)	(61.0, 0.554645633831934)	(62.0, 0.46705302952373634)	(63.0, 0.3872728225626552)	(64.0, 0.3234167928822508)	(65.0, 0.27051974156349723)	(66.0, 0.22753820649224094)	(67.0, 0.19328516197486445)	(68.0, 0.16483593777362704)	(69.0, 0.13631274331345844)	(70.0, 0.11106174799985515)	(71.0, 0.09640950901772302)	(72.0, 0.08634955380308194)	(73.0, 0.07542427786709796)	(74.0, 0.062272015674061515)	(75.0, 0.05254864702224931)	(76.0, 0.04678246837633557)	(77.0, 0.040794816647468105)	(78.0, 0.03542300015124073)	(79.0, 0.03064382111414249)	(80.0, 0.025464152213600266)	(81.0, 0.020619756794367432)	(82.0, 0.017040734266081665)	(83.0, 0.013466088676194194)	(84.0, 0.010500275217509547)	(85.0, 0.008227768801114817)	(86.0, 0.006196431690466139)	(87.0, 0.006148285368084893)	(88.0, 0.006123774513054442)	(89.0, 0.0053652510886299295)	(90.0, 0.004564709055581787)	(91.0, 0.004022844081872873)	(92.0, 0.003923925274071408)	(93.0, 0.003993956288444127)	(94.0, 0.004134018317189565)	(95.0, 0.004433838597472768)	(96.0, 0.0052330675490014225)	(97.0, 0.007494631619400415)	(98.0, 0.012106611609683788)	(99.0, 0.023491466077488737)	(100.0, 0.10603439655557359)
raw_fastq | fastqc_results | Only_MNP_C2_S58_L002_R1_001	(0.0, 0.0006836598095492019)	(1.0, 0.0006894048499655817)	(2.0, 0.000814564659036714)	(3.0, 0.001034517634978114)	(4.0, 0.0013193074956186577)	(5.0, 0.0017514166069363707)	(6.0, 0.002292271126135559)	(7.0, 0.0029115044110153586)	(8.0, 0.0036628736254718935)	(9.0, 0.00474704482404872)	(10.0, 0.006214902650433771)	(11.0, 0.008465317053535705)	(12.0, 0.011797440495036015)	(13.0, 0.016506732196348524)	(14.0, 0.023519374744599614)	(15.0, 0.03421828144001785)	(16.0, 0.05116245742807073)	(17.0, 0.07721867787653179)	(18.0, 0.11670105777807253)	(19.0, 0.17397418640902274)	(20.0, 0.2552201376174368)	(21.0, 0.3682181064871228)	(22.0, 0.5176539941976979)	(23.0, 0.708871509056455)	(24.0, 0.9418148420993493)	(25.0, 1.2187996549742113)	(26.0, 1.5270321530337931)	(27.0, 1.8530849457449257)	(28.0, 2.1945385503722536)	(29.0, 2.534714293866967)	(30.0, 2.8580730729828474)	(31.0, 3.1607218021177377)	(32.0, 3.4475269408643414)	(33.0, 3.714865830880102)	(34.0, 3.9490751246147484)	(35.0, 4.124023095374348)	(36.0, 4.213868551366023)	(37.0, 4.2169519966295)	(38.0, 4.154844006128136)	(39.0, 4.058901010454533)	(40.0, 3.9518499791358597)	(41.0, 3.831817618636346)	(42.0, 3.691146200440989)	(43.0, 3.530260036820539)	(44.0, 3.3515716343898467)	(45.0, 3.159787822690046)	(46.0, 2.961823168222281)	(47.0, 2.7596933594526396)	(48.0, 2.5524221498703685)	(49.0, 2.343294881873577)	(50.0, 2.143103203524405)	(51.0, 1.942174928921847)	(52.0, 1.7344925385897751)	(53.0, 1.5364265251946634)	(54.0, 1.354241034590515)	(55.0, 1.1916284863249427)	(56.0, 1.0471013252901344)	(57.0, 0.912873790641806)	(58.0, 0.7972692148632025)	(59.0, 0.7064150939184229)	(60.0, 0.6269574917196219)	(61.0, 0.5446212139121849)	(62.0, 0.45671594014112715)	(63.0, 0.37798631663508747)	(64.0, 0.3155065399467782)	(65.0, 0.26429607039522773)	(66.0, 0.22156404941816465)	(67.0, 0.18566000897596907)	(68.0, 0.15582355193353006)	(69.0, 0.12695267204107266)	(70.0, 0.10184889722164141)	(71.0, 0.08685064849462233)	(72.0, 0.07627402908806703)	(73.0, 0.06491567382485434)	(74.0, 0.05277106874465708)	(75.0, 0.044281540449366635)	(76.0, 0.03857179099554455)	(77.0, 0.03324613852956043)	(78.0, 0.0287268435220182)	(79.0, 0.024377027206759175)	(80.0, 0.01953272705566174)	(81.0, 0.014973216765204847)	(82.0, 0.01184750441866447)	(83.0, 0.008738206473313748)	(84.0, 0.005984280313719094)	(85.0, 0.00386723292028312)	(86.0, 0.002188039678581239)	(87.0, 0.0023546458506562545)	(88.0, 0.0024375385766640207)	(89.0, 0.00166442028063119)	(90.0, 0.0008075885385311099)	(91.0, 0.0002979213815922692)	(92.0, 0.00015224357103406594)	(93.0, 0.00015306429109354877)	(94.0, 0.00017399265261036108)	(95.0, 0.00030120426183020054)	(96.0, 0.0008387759007914576)	(97.0, 0.003038305660205456)	(98.0, 0.01416316606649529)	(99.0, 0.015968339837327785)	(100.0, 0.004692466940093111)
raw_fastq | fastqc_results | Only_MNP_C2_S58_L002_R2_001	(0.0, 0.0005806336336582099)	(1.0, 0.0006167692487656516)	(2.0, 0.0007354418938344087)	(3.0, 0.0009518449524892012)	(4.0, 0.0012594083128923124)	(5.0, 0.001653204391165455)	(6.0, 0.0021972917777263656)	(7.0, 0.0027335771564799883)	(8.0, 0.0034275452193388107)	(9.0, 0.004493956496998196)	(10.0, 0.005940202365275576)	(11.0, 0.008088218304219068)	(12.0, 0.01128663087321751)	(13.0, 0.0160113625485155)	(14.0, 0.022890269642604846)	(15.0, 0.03358682234639743)	(16.0, 0.05006835852329952)	(17.0, 0.07629583434747458)	(18.0, 0.11593783601630762)	(19.0, 0.17337375370162666)	(20.0, 0.25483533848150597)	(21.0, 0.36696620531984664)	(22.0, 0.5162169721453169)	(23.0, 0.7072035531559026)	(24.0, 0.9406326460061478)	(25.0, 1.2187196102813331)	(26.0, 1.5267354871372671)	(27.0, 1.8524036119731861)	(28.0, 2.1939143296097896)	(29.0, 2.5339956372896997)	(30.0, 2.8577444682050257)	(31.0, 3.1619147764759465)	(32.0, 3.4498092751968827)	(33.0, 3.716646565477938)	(34.0, 3.9462419980708754)	(35.0, 4.118791202736869)	(36.0, 4.212855904549448)	(37.0, 4.215928253097561)	(38.0, 4.152977958420448)	(39.0, 4.057352444414421)	(40.0, 3.946292916437618)	(41.0, 3.82552194190069)	(42.0, 3.6862043629098675)	(43.0, 3.5236889509160374)	(44.0, 3.3428823475660034)	(45.0, 3.1526468124648668)	(46.0, 2.954640888219661)	(47.0, 2.74954211761365)	(48.0, 2.5409505113019124)	(49.0, 2.3326627726626694)	(50.0, 2.133582224500007)	(51.0, 1.9323409308067152)	(52.0, 1.7269272054644835)	(53.0, 1.5306048723776924)	(54.0, 1.348393086358367)	(55.0, 1.1865765700112738)	(56.0, 1.0430192157251752)	(57.0, 0.9097596904807173)	(58.0, 0.7938994639104926)	(59.0, 0.7033362210754265)	(60.0, 0.6235491935501852)	(61.0, 0.5415275067361406)	(62.0, 0.45684533525981064)	(63.0, 0.37975862369987085)	(64.0, 0.3171163030151512)	(65.0, 0.26534546426190336)	(66.0, 0.22282041539228226)	(67.0, 0.18773725007484487)	(68.0, 0.15869201753626908)	(69.0, 0.13004920434775344)	(70.0, 0.10497601504706724)	(71.0, 0.09012140281397972)	(72.0, 0.07949917450035131)	(73.0, 0.06842525099787988)	(74.0, 0.05593341523443122)	(75.0, 0.04656484638583712)	(76.0, 0.040992570283473674)	(77.0, 0.035964792199661005)	(78.0, 0.0312593602278863)	(79.0, 0.026792505442218683)	(80.0, 0.022073522614778695)	(81.0, 0.017620218684776368)	(82.0, 0.014576203743964268)	(83.0, 0.011622527840920773)	(84.0, 0.0090474546325257)	(85.0, 0.006883013413987916)	(86.0, 0.005122223441479851)	(87.0, 0.00513166797724657)	(88.0, 0.004967415181303653)	(89.0, 0.004242239087215677)	(90.0, 0.003653392813760321)	(91.0, 0.00333966997350935)	(92.0, 0.0032271568082884524)	(93.0, 0.0032062145768057305)	(94.0, 0.0032345481841058836)	(95.0, 0.0034024966679575158)	(96.0, 0.003966294390031577)	(97.0, 0.005717229194783066)	(98.0, 0.009540623652344305)	(99.0, 0.01864022854758188)	(100.0, 0.07932670906461126)
raw_fastq | fastqc_results | Only_MNP_C3_S59_L002_R1_001	(0.0, 0.0006828009018224219)	(1.0, 0.0007191630800259828)	(2.0, 0.0008359260744796397)	(3.0, 0.0010076363604408995)	(4.0, 0.0013284315770367592)	(5.0, 0.0017991197726717422)	(6.0, 0.0023518248813658685)	(7.0, 0.0028859448767559522)	(8.0, 0.003578846383634919)	(9.0, 0.004761021199452911)	(10.0, 0.006327423031621863)	(11.0, 0.008499457142981236)	(12.0, 0.011828212545416108)	(13.0, 0.016579133139812473)	(14.0, 0.023560671354896173)	(15.0, 0.03433397670820675)	(16.0, 0.051126838651015714)	(17.0, 0.07742194580681967)	(18.0, 0.1170058129992161)	(19.0, 0.17436270484910857)	(20.0, 0.25594488786661784)	(21.0, 0.36774282889867954)	(22.0, 0.5181727561026088)	(23.0, 0.7096095237393005)	(24.0, 0.9419036428539178)	(25.0, 1.2209025557257958)	(26.0, 1.5292413021417222)	(27.0, 1.8537260677526364)	(28.0, 2.195828308703176)	(29.0, 2.534969456275339)	(30.0, 2.856289500309937)	(31.0, 3.16200532160478)	(32.0, 3.451834103218285)	(33.0, 3.7229905023000596)	(34.0, 3.96240191176172)	(35.0, 4.140917581385878)	(36.0, 4.230421870961336)	(37.0, 4.2265892973786805)	(38.0, 4.1537687832114205)	(39.0, 4.047002559594327)	(40.0, 3.9339351745187594)	(41.0, 3.812192985796428)	(42.0, 3.6717626575984785)	(43.0, 3.511491912900058)	(44.0, 3.333497030472617)	(45.0, 3.1436601986768813)	(46.0, 2.9466592097266404)	(47.0, 2.742359119538338)	(48.0, 2.532934386368547)	(49.0, 2.326890527723282)	(50.0, 2.131155346598727)	(51.0, 1.9325354326700233)	(52.0, 1.7261837075826354)	(53.0, 1.5293722059832549)	(54.0, 1.347415462228434)	(55.0, 1.187208957378174)	(56.0, 1.0470695266058523)	(57.0, 0.9152748117070456)	(58.0, 0.804419863163063)	(59.0, 0.7197751766924094)	(60.0, 0.642929369398015)	(61.0, 0.5594830187112699)	(62.0, 0.4676111473105573)	(63.0, 0.38518697785553446)	(64.0, 0.32054552963886196)	(65.0, 0.267432103985325)	(66.0, 0.2248414886796964)	(67.0, 0.19020408979559103)	(68.0, 0.16081779346828212)	(69.0, 0.13185127828712323)	(70.0, 0.1065561310319172)	(71.0, 0.0919175261355681)	(72.0, 0.08216276579615948)	(73.0, 0.07104523182252186)	(74.0, 0.058062318107041565)	(75.0, 0.04856451716027145)	(76.0, 0.042525567409064505)	(77.0, 0.03685023943989317)	(78.0, 0.03169569866743727)	(79.0, 0.02720294953828619)	(80.0, 0.022210826495139536)	(81.0, 0.017118101425629702)	(82.0, 0.01346935885500349)	(83.0, 0.009859402607794415)	(84.0, 0.0068599269302029)	(85.0, 0.004455578902542999)	(86.0, 0.0025691899021827104)	(87.0, 0.0027829187051791964)	(88.0, 0.0028398861176981084)	(89.0, 0.0020148686966795374)	(90.0, 0.0010056162394295905)	(91.0, 0.0003656419030469182)	(92.0, 0.00017736662479292498)	(93.0, 0.00017615455218613962)	(94.0, 0.00021615294821005662)	(95.0, 0.00035877349160846786)	(96.0, 0.0009603655287762703)	(97.0, 0.0036212689248724065)	(98.0, 0.01698719758409688)	(99.0, 0.01942790778996034)	(100.0, 0.005984406483901605)
raw_fastq | fastqc_results | Only_MNP_C3_S59_L002_R2_001	(0.0, 0.000620268850317089)	(1.0, 0.0006380601341593002)	(2.0, 0.0007403600162520143)	(3.0, 0.000980542348121865)	(4.0, 0.0012926985100806605)	(5.0, 0.001650545923725135)	(6.0, 0.002150319260747249)	(7.0, 0.0027309620697794127)	(8.0, 0.00346040470731007)	(9.0, 0.004502812201519624)	(10.0, 0.005960888781860838)	(11.0, 0.008078455906444015)	(12.0, 0.011221447936114638)	(13.0, 0.0159409903226212)	(14.0, 0.02285088235851998)	(15.0, 0.033473087507040145)	(16.0, 0.050049711879660334)	(17.0, 0.0760617818990532)	(18.0, 0.11559037547020592)	(19.0, 0.17283949209556104)	(20.0, 0.25434823728185124)	(21.0, 0.3662566256914396)	(22.0, 0.5157887272589838)	(23.0, 0.707199893601653)	(24.0, 0.9412175456201776)	(25.0, 1.218772490937393)	(26.0, 1.5259596281885313)	(27.0, 1.851151949035347)	(28.0, 2.1930709071253616)	(29.0, 2.534228479136402)	(30.0, 2.855397948098078)	(31.0, 3.157138930756699)	(32.0, 3.446600692785315)	(33.0, 3.7205298553249597)	(34.0, 3.9594643712416953)	(35.0, 4.136454893335531)	(36.0, 4.227215510467132)	(37.0, 4.22237102474637)	(38.0, 4.149670986798775)	(39.0, 4.045242215855396)	(40.0, 3.930631978385952)	(41.0, 3.8107826121723365)	(42.0, 3.6691437754203333)	(43.0, 3.5046374780680476)	(44.0, 3.327307708539128)	(45.0, 3.1366676326120753)	(46.0, 2.9390408386507136)	(47.0, 2.733666344923429)	(48.0, 2.524927276813166)	(49.0, 2.3186353189259274)	(50.0, 2.1191497401504145)	(51.0, 1.922343366982595)	(52.0, 1.7208659731114746)	(53.0, 1.5252394855402818)	(54.0, 1.3441339203632132)	(55.0, 1.183893487659458)	(56.0, 1.043575249385379)	(57.0, 0.9126382742118256)	(58.0, 0.8011144201416451)	(59.0, 0.716461469883604)	(60.0, 0.6390661503911051)	(61.0, 0.5561749415808032)	(62.0, 0.4667009577488831)	(63.0, 0.386569015323564)	(64.0, 0.3236687399941466)	(65.0, 0.27017156252269775)	(66.0, 0.22675557343202188)	(67.0, 0.1920880438233933)	(68.0, 0.16332600740829867)	(69.0, 0.1349634661849337)	(70.0, 0.10958379543665943)	(71.0, 0.09530629015328497)	(72.0, 0.08542282763157662)	(73.0, 0.07413911020201425)	(74.0, 0.06125579461609307)	(75.0, 0.05148716674463899)	(76.0, 0.04552304318389775)	(77.0, 0.03981284976526807)	(78.0, 0.03448031678092532)	(79.0, 0.02964149192320394)	(80.0, 0.024514771745126774)	(81.0, 0.01960033393107599)	(82.0, 0.01631177685178728)	(83.0, 0.013061632771703342)	(84.0, 0.010038731907967646)	(85.0, 0.00749538701325155)	(86.0, 0.005521767548846263)	(87.0, 0.0056572239144630975)	(88.0, 0.005594145726295258)	(89.0, 0.004774533627473394)	(90.0, 0.003918125918886958)	(91.0, 0.0035056916116356987)	(92.0, 0.003478600338512331)	(93.0, 0.003482239464752784)	(94.0, 0.00353925244251987)	(95.0, 0.003779839121749771)	(96.0, 0.004411429698148266)	(97.0, 0.00628113189102064)	(98.0, 0.01026718816639604)	(99.0, 0.020343928726208407)	(100.0, 0.09451376932758647)
raw_fastq | fastqc_results | Only_MNP_C4_S60_L002_R1_001	(0.0, 0.0007141766264446084)	(1.0, 0.0007141766264446084)	(2.0, 0.0008130941936705571)	(3.0, 0.0010261158425928282)	(4.0, 0.001281413464229924)	(5.0, 0.0017025314060300208)	(6.0, 0.0022751040461968185)	(7.0, 0.002841109544971023)	(8.0, 0.0036061815172082354)	(9.0, 0.004795655001941843)	(10.0, 0.00625684396179403)	(11.0, 0.008406351428857485)	(12.0, 0.011673914718010088)	(13.0, 0.01648927114412971)	(14.0, 0.02346357530306465)	(15.0, 0.03417294112903748)	(16.0, 0.05104310647393765)	(17.0, 0.07685156170049542)	(18.0, 0.11653761802861565)	(19.0, 0.17431327576897337)	(20.0, 0.25560135192650313)	(21.0, 0.36788141010103265)	(22.0, 0.5172194367076336)	(23.0, 0.7073862022446662)	(24.0, 0.9409708022061605)	(25.0, 1.2197857676164727)	(26.0, 1.5262303386507765)	(27.0, 1.8510185773799437)	(28.0, 2.191993998749181)	(29.0, 2.529859878669025)	(30.0, 2.853146704697311)	(31.0, 3.1573169925780915)	(32.0, 3.443936595087165)	(33.0, 3.7098951498824633)	(34.0, 3.9410043479852863)	(35.0, 4.113081101663744)	(36.0, 4.20232691140375)	(37.0, 4.206875067264459)	(38.0, 4.1477941901723225)	(39.0, 4.051959895830197)	(40.0, 3.9430807960043577)	(41.0, 3.82631209668799)	(42.0, 3.6861553441945727)	(43.0, 3.5244961289964536)	(44.0, 3.347116408643476)	(45.0, 3.155447819959225)	(46.0, 2.9561863844861236)	(47.0, 2.749238110012991)	(48.0, 2.538807608816435)	(49.0, 2.327956400124416)	(50.0, 2.1269522095042555)	(51.0, 1.9277987214177945)	(52.0, 1.7246031578041925)	(53.0, 1.5288982398415178)	(54.0, 1.3464876787354758)	(55.0, 1.1857384230665686)	(56.0, 1.0449561503555067)	(57.0, 0.9143783944758619)	(58.0, 0.8034876971522031)	(59.0, 0.7196162717493616)	(60.0, 0.6443777641534221)	(61.0, 0.5615542082490363)	(62.0, 0.46957113188733013)	(63.0, 0.38713955223481483)	(64.0, 0.32254268681923703)	(65.0, 0.26940999804344334)	(66.0, 0.22629466256937789)	(67.0, 0.19185985667731073)	(68.0, 0.16322137395688194)	(69.0, 0.1343292354001642)	(70.0, 0.10882656269469908)	(71.0, 0.09387195040475119)	(72.0, 0.0840848574981008)	(73.0, 0.0726871731649167)	(74.0, 0.05935998060132104)	(75.0, 0.04996281171485592)	(76.0, 0.04435980876796204)	(77.0, 0.03872807457747556)	(78.0, 0.03312055672087427)	(79.0, 0.028293707797317606)	(80.0, 0.023146710730871985)	(81.0, 0.017825273971185576)	(82.0, 0.01410457792594398)	(83.0, 0.010347762603043117)	(84.0, 0.007158184117927569)	(85.0, 0.004676215117864037)	(86.0, 0.0026646176200450563)	(87.0, 0.002917042117322892)	(88.0, 0.002964653892419199)	(89.0, 0.001985739378585641)	(90.0, 0.0009460788068705876)	(91.0, 0.0003398495670667447)	(92.0, 0.00014693978865929302)	(93.0, 0.0001613054104555926)	(94.0, 0.0002158947732815311)	(95.0, 0.00041906571011491103)	(96.0, 0.0012732045374891812)	(97.0, 0.005364944071412343)	(98.0, 0.026838675532520978)	(99.0, 0.03117216795895901)	(100.0, 0.009758361663057796)
raw_fastq | fastqc_results | Only_MNP_C4_S60_L002_R2_001	(0.0, 0.0005693756079193788)	(1.0, 0.0006170289777019531)	(2.0, 0.0007628647214331071)	(3.0, 0.00099086144754801)	(4.0, 0.0012529549813521683)	(5.0, 0.0016103552547214754)	(6.0, 0.002088532172194893)	(7.0, 0.0026874857337724216)	(8.0, 0.003425291355578485)	(9.0, 0.004483524808681169)	(10.0, 0.005888066802531354)	(11.0, 0.007955237119306471)	(12.0, 0.011201417533288384)	(13.0, 0.01600290534379466)	(14.0, 0.022933595012775785)	(15.0, 0.03328012752436126)	(16.0, 0.049827349376448254)	(17.0, 0.07608106968735133)	(18.0, 0.11575044600678482)	(19.0, 0.17306225007348067)	(20.0, 0.25440449826777534)	(21.0, 0.36638375518314614)	(22.0, 0.5162704461507308)	(23.0, 0.7075379267008025)	(24.0, 0.9407198324139437)	(25.0, 1.2186868680146425)	(26.0, 1.5262675973008277)	(27.0, 1.8509940911957654)	(28.0, 2.1919190335725713)	(29.0, 2.5317672562752382)	(30.0, 2.8542856737686124)	(31.0, 3.1583996204031157)	(32.0, 3.4444135026184783)	(33.0, 3.709082783220368)	(34.0, 3.9394876477289382)	(35.0, 4.108897842135461)	(36.0, 4.198431540273416)	(37.0, 4.20227996068827)	(38.0, 4.141689111814639)	(39.0, 4.045986767119312)	(40.0, 3.9374841521735107)	(41.0, 3.81743545437332)	(42.0, 3.6742457050798345)	(43.0, 3.513352318107211)	(44.0, 3.3379817552336584)	(45.0, 3.147385940714574)	(46.0, 2.9467451244892526)	(47.0, 2.7385783622775794)	(48.0, 2.526816646281705)	(49.0, 2.318161026224849)	(50.0, 2.118941184189854)	(51.0, 1.9211829860314662)	(52.0, 1.7182079762966225)	(53.0, 1.5229289857816641)	(54.0, 1.3409736309749665)	(55.0, 1.1817969977292513)	(56.0, 1.0438856807490098)	(57.0, 0.9129362746110552)	(58.0, 0.8017753410802266)	(59.0, 0.7168373174919072)	(60.0, 0.6399116329056509)	(61.0, 0.5581150344787741)	(62.0, 0.46874935554979447)	(63.0, 0.38861898184566)	(64.0, 0.3257161229277501)	(65.0, 0.272272868716593)	(66.0, 0.22881546030435684)	(67.0, 0.19438261419715155)	(68.0, 0.16636530839938132)	(69.0, 0.13785626912204432)	(70.0, 0.1121008551692987)	(71.0, 0.09762367926837025)	(72.0, 0.08796729900880827)	(73.0, 0.07642943225265843)	(74.0, 0.06292175594385822)	(75.0, 0.05305257873992232)	(76.0, 0.04732554746286311)	(77.0, 0.041730384562529824)	(78.0, 0.03619437756951283)	(79.0, 0.031420413688105116)	(80.0, 0.02605571234335824)	(81.0, 0.02064376843374071)	(82.0, 0.017117008264918295)	(83.0, 0.013699111397754345)	(84.0, 0.010526875867917807)	(85.0, 0.007985225877876541)	(86.0, 0.005877796679733385)	(87.0, 0.0058991585351531595)	(88.0, 0.00587286702079036)	(89.0, 0.005020857633470886)	(90.0, 0.00432290008812094)	(91.0, 0.00403205021048247)	(92.0, 0.003912095176202196)	(93.0, 0.003929348982502783)	(94.0, 0.0040735415065862625)	(95.0, 0.004417385217862251)	(96.0, 0.005278432313243938)	(97.0, 0.007608517773647052)	(98.0, 0.012352903701396623)	(99.0, 0.023569521016426)	(100.0, 0.10420559556713237)
raw_fastq | fastqc_results | Plasmid_Ko_P1_S61_L002_R1_001	(0.0, 0.0006803966389693701)	(1.0, 0.0007086140229453195)	(2.0, 0.0008071761528894805)	(3.0, 0.001020197530510732)	(4.0, 0.0013345630336794071)	(5.0, 0.001766169780128435)	(6.0, 0.0023189920492910484)	(7.0, 0.0029095699730693684)	(8.0, 0.0036785930433998193)	(9.0, 0.004727802813773147)	(10.0, 0.00624637498521121)	(11.0, 0.008618622378907571)	(12.0, 0.01205716894454016)	(13.0, 0.016937584088549423)	(14.0, 0.024004647776723106)	(15.0, 0.034559539095501454)	(16.0, 0.05126462783720678)	(17.0, 0.07787282607064037)	(18.0, 0.11783102634824458)	(19.0, 0.175718790860933)	(20.0, 0.2576636636388632)	(21.0, 0.37015643785239016)	(22.0, 0.5200380406899366)	(23.0, 0.7112493676374958)	(24.0, 0.9449660105514177)	(25.0, 1.2239703624629086)	(26.0, 1.5323112554387468)	(27.0, 1.8579664941934046)	(28.0, 2.1995514397723444)	(29.0, 2.538233969081195)	(30.0, 2.8622832015168838)	(31.0, 3.16441110345475)	(32.0, 3.451681161731477)	(33.0, 3.7222306315767097)	(34.0, 3.952706647040774)	(35.0, 4.124512362371747)	(36.0, 4.216409625706377)	(37.0, 4.220991969892894)	(38.0, 4.158623205319236)	(39.0, 4.060943762837196)	(40.0, 3.952676045089138)	(41.0, 3.8326901644321945)	(42.0, 3.688242593863707)	(43.0, 3.5248321464074945)	(44.0, 3.3463730898773476)	(45.0, 3.1533816831716437)	(46.0, 2.952449666158342)	(47.0, 2.742914526455922)	(48.0, 2.5297528567706773)	(49.0, 2.3195162567482916)	(50.0, 2.120100824766711)	(51.0, 1.9208447613904032)	(52.0, 1.7150533929140879)	(53.0, 1.5203923914184831)	(54.0, 1.340848356603064)	(55.0, 1.1816347482283447)	(56.0, 1.0422444482386448)	(57.0, 0.9112343138618586)	(58.0, 0.7989640992965927)	(59.0, 0.7144574059960009)	(60.0, 0.6379469629150726)	(61.0, 0.5530798024698867)	(62.0, 0.4620986105446162)	(63.0, 0.38165084882918465)	(64.0, 0.3184800746659005)	(65.0, 0.26536979145990064)	(66.0, 0.22210578554973381)	(67.0, 0.18738210871363986)	(68.0, 0.15855228827702939)	(69.0, 0.12999033427421883)	(70.0, 0.10475524958496699)	(71.0, 0.08975989585543818)	(72.0, 0.07920659424843314)	(73.0, 0.06834488855740926)	(74.0, 0.055926855040331604)	(75.0, 0.04700499514066841)	(76.0, 0.04126534078319431)	(77.0, 0.035320613606965444)	(78.0, 0.030212472251431963)	(79.0, 0.025953634410780226)	(80.0, 0.021159858558415425)	(81.0, 0.016205521816948034)	(82.0, 0.01282619201487061)	(83.0, 0.0093924145845579)	(84.0, 0.006424820131763339)	(85.0, 0.004217902762489442)	(86.0, 0.002430669301364876)	(87.0, 0.0026035504567104815)	(88.0, 0.0027215865558774806)	(89.0, 0.001960909472356818)	(90.0, 0.0009768778846884999)	(91.0, 0.0003696079872906041)	(92.0, 0.00019553454811502928)	(93.0, 0.0002050728187547868)	(94.0, 0.00028336612358946316)	(95.0, 0.0006088596091711888)	(96.0, 0.0017788874743147785)	(97.0, 0.006531728248517289)	(98.0, 0.028604876220689496)	(99.0, 0.03195439892701768)	(100.0, 0.009572449442883324)
raw_fastq | fastqc_results | Plasmid_Ko_P1_S61_L002_R2_001	(0.0, 0.0005783732671102572)	(1.0, 0.0006125824149585943)	(2.0, 0.0007390767058396547)	(3.0, 0.0009809274255116191)	(4.0, 0.0013265989310953974)	(5.0, 0.001728357527918891)	(6.0, 0.0021945566125497174)	(7.0, 0.002768554290981699)	(8.0, 0.0035259289131123247)	(9.0, 0.004586810277199709)	(10.0, 0.0059822252847807145)	(11.0, 0.008197864279143941)	(12.0, 0.011626336898967398)	(13.0, 0.016299067826576884)	(14.0, 0.023164366462791415)	(15.0, 0.034052819998285966)	(16.0, 0.050696365988079826)	(17.0, 0.07690653995174004)	(18.0, 0.11671485018511425)	(19.0, 0.1746233796573592)	(20.0, 0.2564445012563807)	(21.0, 0.3680617906313038)	(22.0, 0.5176373117902683)	(23.0, 0.7092145064527899)	(24.0, 0.9423892293373117)	(25.0, 1.2197534200645284)	(26.0, 1.5270609574595524)	(27.0, 1.8527236915791538)	(28.0, 2.193440837436757)	(29.0, 2.5342983999128545)	(30.0, 2.858486162867088)	(31.0, 3.160330976687679)	(32.0, 3.4472096861054116)	(33.0, 3.7161381396417017)	(34.0, 3.9466242621738172)	(35.0, 4.118257125859969)	(36.0, 4.209565319275071)	(37.0, 4.214224525655856)	(38.0, 4.153193814771267)	(39.0, 4.051768862551204)	(40.0, 3.9417156472383703)	(41.0, 3.8237899523317402)	(42.0, 3.680761505177843)	(43.0, 3.5173292902363573)	(44.0, 3.337263076044012)	(45.0, 3.1445076546846673)	(46.0, 2.945442634451249)	(47.0, 2.7372942899025197)	(48.0, 2.524356266874234)	(49.0, 2.3132488310366233)	(50.0, 2.112856814091321)	(51.0, 1.9142894176248593)	(52.0, 1.7114578111010237)	(53.0, 1.518629595857304)	(54.0, 1.3392726248116282)	(55.0, 1.1808146586357644)	(56.0, 1.0410157937072233)	(57.0, 0.9095583919226314)	(58.0, 0.7985003823369499)	(59.0, 0.7141263036345489)	(60.0, 0.6357603059682095)	(61.0, 0.5512247282655014)	(62.0, 0.4633700676599266)	(63.0, 0.38468345867770626)	(64.0, 0.32189893229470645)	(65.0, 0.26882065494248897)	(66.0, 0.2258476007523546)	(67.0, 0.19161577939904828)	(68.0, 0.16287452627540006)	(69.0, 0.1345219049825405)	(70.0, 0.10923020686052926)	(71.0, 0.09441605471904355)	(72.0, 0.08434265402007507)	(73.0, 0.0732755969103491)	(74.0, 0.06031709214924123)	(75.0, 0.05096089021272103)	(76.0, 0.045411848207089614)	(77.0, 0.03950201902589491)	(78.0, 0.03427995282876736)	(79.0, 0.029845492593729435)	(80.0, 0.024930910946447987)	(81.0, 0.020082360910129604)	(82.0, 0.016669799521863513)	(83.0, 0.013428681653628042)	(84.0, 0.010552726549634123)	(85.0, 0.008251166904861117)	(86.0, 0.006444048780733265)	(87.0, 0.006434899822587778)	(88.0, 0.0063330679406206365)	(89.0, 0.005588820084524837)	(90.0, 0.004785700671666784)	(91.0, 0.00437519089748674)	(92.0, 0.004231989813470445)	(93.0, 0.004227216444003235)	(94.0, 0.004319899367824892)	(95.0, 0.004528734282015322)	(96.0, 0.005249115290775071)	(97.0, 0.007343828925302317)	(98.0, 0.011679241743895641)	(99.0, 0.022726807594963847)	(100.0, 0.10525597899828812)
raw_fastq | fastqc_results | Plasmid_Ko_P2_S62_L002_R1_001	(0.0, 0.0006846957116601363)	(1.0, 0.0006919454309600672)	(2.0, 0.0007769282516425901)	(3.0, 0.0010234187078402392)	(4.0, 0.0013403925461205493)	(5.0, 0.0017383215832500875)	(6.0, 0.002248621269528554)	(7.0, 0.0028475286361395085)	(8.0, 0.003669163490131672)	(9.0, 0.004728830794471565)	(10.0, 0.006158636545291262)	(11.0, 0.008349260060420369)	(12.0, 0.011664798353588747)	(13.0, 0.01652372133327574)	(14.0, 0.023551115908008714)	(15.0, 0.034454290972921395)	(16.0, 0.05144521643885935)	(17.0, 0.07746244519539452)	(18.0, 0.11704873190830031)	(19.0, 0.17484309140516577)	(20.0, 0.25663966045536896)	(21.0, 0.36874408380111645)	(22.0, 0.5172626389038666)	(23.0, 0.7085162754687925)	(24.0, 0.9432718526929537)	(25.0, 1.2221669431125604)	(26.0, 1.5283950863416396)	(27.0, 1.8523922915748496)	(28.0, 2.1943228857829884)	(29.0, 2.5318460534189526)	(30.0, 2.852066960421265)	(31.0, 3.1561169657628985)	(32.0, 3.4421574600769533)	(33.0, 3.7099403418584997)	(34.0, 3.94338815027339)	(35.0, 4.1105396922635125)	(36.0, 4.19852913264459)	(37.0, 4.206078104246735)	(38.0, 4.145748759567993)	(39.0, 4.047294349377466)	(40.0, 3.936130778491976)	(41.0, 3.818158110135118)	(42.0, 3.6807936509374946)	(43.0, 3.5191494790422198)	(44.0, 3.341726293090645)	(45.0, 3.1514364664304266)	(46.0, 2.9553400173731466)	(47.0, 2.7535392475133715)	(48.0, 2.545295491006874)	(49.0, 2.33711134330351)	(50.0, 2.1394553990723786)	(51.0, 1.9399068753417816)	(52.0, 1.7335516707129164)	(53.0, 1.5367548182188266)	(54.0, 1.3524411768348512)	(55.0, 1.1903378560505804)	(56.0, 1.0485232774893498)	(57.0, 0.9167475463476065)	(58.0, 0.8052839176355363)	(59.0, 0.7214163454386529)	(60.0, 0.6457985510429074)	(61.0, 0.5623462266570367)	(62.0, 0.47070655260844396)	(63.0, 0.387456817600788)	(64.0, 0.3230043964513027)	(65.0, 0.2694035968072639)	(66.0, 0.22569020600178083)	(67.0, 0.19083959704046322)	(68.0, 0.1616594768582415)	(69.0, 0.1327536377228672)	(70.0, 0.10746983890217501)	(71.0, 0.09239726971543544)	(72.0, 0.08224282954933228)	(73.0, 0.07158252008096729)	(74.0, 0.058603105960991074)	(75.0, 0.04908623833109851)	(76.0, 0.04314791270008848)	(77.0, 0.03753300510229202)	(78.0, 0.03240020383794098)	(79.0, 0.02772373212730225)	(80.0, 0.022514003285935273)	(81.0, 0.017278900427018535)	(82.0, 0.013799840687418383)	(83.0, 0.010136718630036654)	(84.0, 0.0069029410600841635)	(85.0, 0.004544768476689987)	(86.0, 0.0026832016653410757)	(87.0, 0.0028519590201561327)	(88.0, 0.002812085564006513)	(89.0, 0.001850289470215686)	(90.0, 0.0008840629924082349)	(91.0, 0.0003125434542636858)	(92.0, 0.00012848113648210796)	(93.0, 0.00013250875831540286)	(94.0, 0.00015828553804849034)	(95.0, 0.00027871143086400843)	(96.0, 0.0008111630372255968)	(97.0, 0.003168932858436443)	(98.0, 0.014863535613591572)	(99.0, 0.016988106130654643)	(100.0, 0.005284642607466264)
raw_fastq | fastqc_results | Plasmid_Ko_P2_S62_L002_R2_001	(0.0, 0.0005804579425388479)	(1.0, 0.0006098839354592199)	(2.0, 0.0007404869725304607)	(3.0, 0.0009674299042314131)	(4.0, 0.0012697517493037295)	(5.0, 0.00164785560354084)	(6.0, 0.0021529346327083237)	(7.0, 0.0027422606827026265)	(8.0, 0.0034194616156646156)	(9.0, 0.004440100164628757)	(10.0, 0.005892454308356165)	(11.0, 0.008063125155975398)	(12.0, 0.01135803017147022)	(13.0, 0.016221784014993648)	(14.0, 0.023097388963524985)	(15.0, 0.03377015628616462)	(16.0, 0.050660676222458234)	(17.0, 0.0768764142439558)	(18.0, 0.11601258173225733)	(19.0, 0.17378991418771791)	(20.0, 0.2569505918512436)	(21.0, 0.3697537248762132)	(22.0, 0.5191712581057878)	(23.0, 0.7117410022136046)	(24.0, 0.9456768397389762)	(25.0, 1.2239254009318745)	(26.0, 1.5322150792259186)	(27.0, 1.8571743809614567)	(28.0, 2.199869897607904)	(29.0, 2.5400456624496224)	(30.0, 2.8603181693949526)	(31.0, 3.1618189083360533)	(32.0, 3.449072226458378)	(33.0, 3.717248633060847)	(34.0, 3.9452432416868577)	(35.0, 4.111759695377929)	(36.0, 4.199641834069897)	(37.0, 4.201734304333591)	(38.0, 4.139636591164151)	(39.0, 4.041413836083329)	(40.0, 3.930512105915968)	(41.0, 3.810260568820003)	(42.0, 3.6685478085860446)	(43.0, 3.506862861075022)	(44.0, 3.328016110158728)	(45.0, 3.1368104422158773)	(46.0, 2.9403258317622707)	(47.0, 2.7366834493047323)	(48.0, 2.5310126888146547)	(49.0, 2.323531222020491)	(50.0, 2.1236118323110698)	(51.0, 1.925953003811202)	(52.0, 1.7224738751500026)	(53.0, 1.5257413607834367)	(54.0, 1.34179706046343)	(55.0, 1.1821058247467109)	(56.0, 1.042242064917215)	(57.0, 0.9113024428584604)	(58.0, 0.8011444244299769)	(59.0, 0.7167917925052794)	(60.0, 0.6403132338094388)	(61.0, 0.5579575384453923)	(62.0, 0.46845253608907567)	(63.0, 0.38717068791872605)	(64.0, 0.3230454029083338)	(65.0, 0.26972066658709826)	(66.0, 0.22672808164305425)	(67.0, 0.1920610372165084)	(68.0, 0.16363270638487493)	(69.0, 0.1352664523054296)	(70.0, 0.10950500324312736)	(71.0, 0.09482304515903538)	(72.0, 0.08536520855779303)	(73.0, 0.07452273790611946)	(74.0, 0.06123992532102217)	(75.0, 0.05150435571810671)	(76.0, 0.045792488325207076)	(77.0, 0.04028579669116319)	(78.0, 0.03481659296590827)	(79.0, 0.03001007872505186)	(80.0, 0.024912529321339177)	(81.0, 0.019690423317456695)	(82.0, 0.016387053290299845)	(83.0, 0.013159868368101225)	(84.0, 0.010214447405510002)	(85.0, 0.00784625961911019)	(86.0, 0.005809013479116205)	(87.0, 0.005844889004731454)	(88.0, 0.005760641983904635)	(89.0, 0.004899629369138677)	(90.0, 0.004078523237922265)	(91.0, 0.003623024991346642)	(92.0, 0.00347831360150536)	(93.0, 0.003589971136285402)	(94.0, 0.00375846517793904)	(95.0, 0.003989842163367719)	(96.0, 0.00472992604010475)	(97.0, 0.00695662720301072)	(98.0, 0.01162004243719956)	(99.0, 0.023448485399602304)	(100.0, 0.09953725046319636)
raw_fastq | fastqc_results | Plasmid_Ko_P3_S63_L002_R1_001	(0.0, 0.0006948973588057115)	(1.0, 0.000718719842645752)	(2.0, 0.0008454734359078545)	(3.0, 0.001087294120925625)	(4.0, 0.001402380180772199)	(5.0, 0.0017853378455215303)	(6.0, 0.0023606733042998685)	(7.0, 0.0029850021732397993)	(8.0, 0.0037315898271701267)	(9.0, 0.004836413700355404)	(10.0, 0.006334083816487766)	(11.0, 0.00862868343919356)	(12.0, 0.01211485673472855)	(13.0, 0.017020939963295394)	(14.0, 0.024132625610788258)	(15.0, 0.03518625811256708)	(16.0, 0.0520112244352161)	(17.0, 0.07823618329648341)	(18.0, 0.1184997768327693)	(19.0, 0.1764383049358838)	(20.0, 0.2586258741840237)	(21.0, 0.37188919938025583)	(22.0, 0.5225574200519689)	(23.0, 0.7141203053413155)	(24.0, 0.9472817422236445)	(25.0, 1.2264399005928204)	(26.0, 1.5343738215174563)	(27.0, 1.8586549106454588)	(28.0, 2.1993150811155577)	(29.0, 2.5390771888929695)	(30.0, 2.8628481172821334)	(31.0, 3.1650250877723685)	(32.0, 3.4527027057397355)	(33.0, 3.720808130568787)	(34.0, 3.9524076215766977)	(35.0, 4.126599421338383)	(36.0, 4.218011685602545)	(37.0, 4.2182921616387)	(38.0, 4.150665074305923)	(39.0, 4.04813445230087)	(40.0, 3.934037789651063)	(41.0, 3.8129485537729644)	(42.0, 3.6732638465939917)	(43.0, 3.5129016729226907)	(44.0, 3.335510468633205)	(45.0, 3.1483385615444877)	(46.0, 2.9545224288685357)	(47.0, 2.7505394893628115)	(48.0, 2.541804189071413)	(49.0, 2.332888646968319)	(50.0, 2.132729890340163)	(51.0, 1.933256591973441)	(52.0, 1.7284025586246605)	(53.0, 1.5312975747363007)	(54.0, 1.3476068966540198)	(55.0, 1.185624794081596)	(56.0, 1.0438828131566633)	(57.0, 0.9119049042403573)	(58.0, 0.7999077665342645)	(59.0, 0.7144650571357553)	(60.0, 0.6370262528266726)	(61.0, 0.5536403676932959)	(62.0, 0.46349653832340953)	(63.0, 0.3826866278105474)	(64.0, 0.31902261293093415)	(65.0, 0.26594477049284226)	(66.0, 0.22275191040588568)	(67.0, 0.18788388471895537)	(68.0, 0.15938769923799515)	(69.0, 0.13110636559242247)	(70.0, 0.10613545823896109)	(71.0, 0.09179926725635555)	(72.0, 0.08196597520034483)	(73.0, 0.07075637285153782)	(74.0, 0.057610407099279975)	(75.0, 0.04835155154039327)	(76.0, 0.04261437826238803)	(77.0, 0.036788657261430185)	(78.0, 0.03159850215009154)	(79.0, 0.02706548800807627)	(80.0, 0.02173374643617889)	(81.0, 0.016546737690630437)	(82.0, 0.013248447380852745)	(83.0, 0.009779354356750236)	(84.0, 0.006757045274855278)	(85.0, 0.004448511746507197)	(86.0, 0.0026150794524784147)	(87.0, 0.0028618444265950615)	(88.0, 0.002885666910435102)	(89.0, 0.0020226637222675948)	(90.0, 0.0009987463979730213)	(91.0, 0.0003672258357983611)	(92.0, 0.00019372623651051852)	(93.0, 0.0002274372985483118)	(94.0, 0.000275981227882734)	(95.0, 0.00040093689783615434)	(96.0, 0.0009012090584770062)	(97.0, 0.003000284521363599)	(98.0, 0.012671763479592897)	(99.0, 0.013815692184742013)	(100.0, 0.003899695656531923)
raw_fastq | fastqc_results | Plasmid_Ko_P3_S63_L002_R2_001	(0.0, 0.0006252631025041441)	(1.0, 0.0006450556035906063)	(2.0, 0.000753014700425854)	(3.0, 0.000978379315069434)	(4.0, 0.0012644709216828411)	(5.0, 0.0016481755450181179)	(6.0, 0.002203715064149498)	(7.0, 0.002835275780635698)	(8.0, 0.003504172351444088)	(9.0, 0.004495596724047781)	(10.0, 0.005867127083425577)	(11.0, 0.008026309020130535)	(12.0, 0.011432418525282605)	(13.0, 0.016278432484474796)	(14.0, 0.02348785100521862)	(15.0, 0.033932893624028855)	(16.0, 0.05009571990897591)	(17.0, 0.07649036959648359)	(18.0, 0.1165418450336501)	(19.0, 0.17430850860234054)	(20.0, 0.2563304324229201)	(21.0, 0.3690383800302085)	(22.0, 0.5184861577792421)	(23.0, 0.7086817471400297)	(24.0, 0.9420906639865461)	(25.0, 1.2209301182700452)	(26.0, 1.5270472376872504)	(27.0, 1.8511170552490168)	(28.0, 2.192934898500928)	(29.0, 2.5316201286263365)	(30.0, 2.8530984780344872)	(31.0, 3.1547307966373275)	(32.0, 3.4418273225104428)	(33.0, 3.711439872651089)	(34.0, 3.94568907113464)	(35.0, 4.118268884698907)	(36.0, 4.208519091016613)	(37.0, 4.211509557998949)	(38.0, 4.148029609059823)	(39.0, 4.045698779806252)	(40.0, 3.931434871715826)	(41.0, 3.812107232154257)	(42.0, 3.669840983492618)	(43.0, 3.5064039559415865)	(44.0, 3.328969581656296)	(45.0, 3.1422106902114297)	(46.0, 2.948389924344829)	(47.0, 2.7437754979425537)	(48.0, 2.535570082081796)	(49.0, 2.328370035310317)	(50.0, 2.1279466710131)	(51.0, 1.9285655618299133)	(52.0, 1.725034325032552)	(53.0, 1.529039982683001)	(54.0, 1.346087099231148)	(55.0, 1.1842654096665146)	(56.0, 1.0425466035917441)	(57.0, 0.9094703730482058)	(58.0, 0.7973930864982633)	(59.0, 0.7126114582648327)	(60.0, 0.6347324647853058)	(61.0, 0.551442021576912)	(62.0, 0.4634090252104599)	(63.0, 0.3853766398475128)	(64.0, 0.32242524065330963)	(65.0, 0.2692355929608636)	(66.0, 0.2261482177547758)	(67.0, 0.19171916211487497)	(68.0, 0.1632310056079038)	(69.0, 0.13480492558161286)	(70.0, 0.10994914285357762)	(71.0, 0.09582179537354515)	(72.0, 0.08627191359932718)	(73.0, 0.0751525764548668)	(74.0, 0.061703571966615786)	(75.0, 0.05217033388649325)	(76.0, 0.04649573385909054)	(77.0, 0.04038884761477668)	(78.0, 0.034930615610614606)	(79.0, 0.030337405869844954)	(80.0, 0.025233189737388462)	(81.0, 0.020200496506585324)	(82.0, 0.01686815905093734)	(83.0, 0.01361229262221432)	(84.0, 0.010651064561937498)	(85.0, 0.00827371528371131)	(86.0, 0.006314707505721709)	(87.0, 0.006428064557398719)	(88.0, 0.006337198984229052)	(89.0, 0.005515810189140873)	(90.0, 0.004783937478511923)	(91.0, 0.004338606204066525)	(92.0, 0.0041537262507361635)	(93.0, 0.0041388818749213165)	(94.0, 0.00414697880718396)	(95.0, 0.004272481257254935)	(96.0, 0.004768193443556782)	(97.0, 0.006592252350502325)	(98.0, 0.01081300320719037)	(99.0, 0.021548185898745333)	(100.0, 0.09272651810136458)
raw_fastq | fastqc_results | Plasmid_Ko_P4_S64_L002_R1_001	(0.0, 0.0006770183768454657)	(1.0, 0.0007138038686276673)	(2.0, 0.0008377999083429541)	(3.0, 0.0010585128590361644)	(4.0, 0.0013689162784567656)	(5.0, 0.0017884362128268191)	(6.0, 0.002310459540028176)	(7.0, 0.002890347685763334)	(8.0, 0.003667802854778182)	(9.0, 0.004780873971289072)	(10.0, 0.006267173167342976)	(11.0, 0.008646243849346945)	(12.0, 0.012092507113167148)	(13.0, 0.016881647487103905)	(14.0, 0.02399075376411368)	(15.0, 0.03490612514025037)	(16.0, 0.0518948225416418)	(17.0, 0.07854363807711885)	(18.0, 0.11885805714961764)	(19.0, 0.1773817079744387)	(20.0, 0.2598680067943713)	(21.0, 0.3728544381433377)	(22.0, 0.5243982646820373)	(23.0, 0.7175526822283929)	(24.0, 0.9536415551664312)	(25.0, 1.234264845728612)	(26.0, 1.5440999499671846)	(27.0, 1.8709006056797353)	(28.0, 2.212944921194751)	(29.0, 2.5542287276661795)	(30.0, 2.8776095726033826)	(31.0, 3.1809290982750498)	(32.0, 3.4688326096490467)	(33.0, 3.7367938379556347)	(34.0, 3.9691500167781104)	(35.0, 4.142337352049114)	(36.0, 4.230543174860981)	(37.0, 4.231785615178927)	(38.0, 4.166035475159499)	(39.0, 4.062441743818966)	(40.0, 3.94848111691797)	(41.0, 3.8234141647396753)	(42.0, 3.6781995093881763)	(43.0, 3.516371864635623)	(44.0, 3.336620592342225)	(45.0, 3.140495643004424)	(46.0, 2.938352752539107)	(47.0, 2.7303708885635976)	(48.0, 2.52015130939136)	(49.0, 2.3112791538506943)	(50.0, 2.1136203735016146)	(51.0, 1.9139607103916627)	(52.0, 1.7075755020875538)	(53.0, 1.5145516937030317)	(54.0, 1.3335546745306277)	(55.0, 1.1725416837590041)	(56.0, 1.0321839532831527)	(57.0, 0.9021459998726725)	(58.0, 0.7922251639456004)	(59.0, 0.7087303640026502)	(60.0, 0.634269088873091)	(61.0, 0.5514318812607641)	(62.0, 0.46032165787863333)	(63.0, 0.37878144884172843)	(64.0, 0.31492100846756144)	(65.0, 0.26276992744384137)	(66.0, 0.22094317000694846)	(67.0, 0.1865842807219749)	(68.0, 0.15810900352149165)	(69.0, 0.13015905620926888)	(70.0, 0.10516889436504998)	(71.0, 0.0907886603191358)	(72.0, 0.08056229360368372)	(73.0, 0.06914887146802395)	(74.0, 0.05617599247287827)	(75.0, 0.047195372636432434)	(76.0, 0.04166101606380681)	(77.0, 0.03628992094347297)	(78.0, 0.03125361513037041)	(79.0, 0.02644256878941728)	(80.0, 0.02153439221735385)	(81.0, 0.016663001137072617)	(82.0, 0.01322211103497341)	(83.0, 0.009712196470766026)	(84.0, 0.006695786144625484)	(85.0, 0.004345234551756032)	(86.0, 0.002521666127676548)	(87.0, 0.0028010705371683273)	(88.0, 0.002859761995966897)	(89.0, 0.001981456714650282)	(90.0, 0.0009750221922945381)	(91.0, 0.00034305570987895996)	(92.0, 0.00013598232355443112)	(93.0, 0.00014796860739357552)	(94.0, 0.00017731433679286004)	(95.0, 0.00026865808604978797)	(96.0, 0.0007212436310105846)	(97.0, 0.002881667962983264)	(98.0, 0.01363171128616624)	(99.0, 0.01532467054841229)	(100.0, 0.004482043515575232)
raw_fastq | fastqc_results | Plasmid_Ko_P4_S64_L002_R2_001	(0.0, 0.000539425217858395)	(1.0, 0.000591547593203608)	(2.0, 0.0007437780227832777)	(3.0, 0.0009754330243175578)	(4.0, 0.0013142284640614422)	(5.0, 0.0017059736184417335)	(6.0, 0.0022371254433881903)	(7.0, 0.0028646622957587305)	(8.0, 0.003609681327478799)	(9.0, 0.004648819477218284)	(10.0, 0.006097490576098728)	(11.0, 0.008251468420721936)	(12.0, 0.011444998084730224)	(13.0, 0.016254735054085714)	(14.0, 0.023335932047413938)	(15.0, 0.034053285225539166)	(16.0, 0.05074444175572964)	(17.0, 0.07736863381599356)	(18.0, 0.11738703533104045)	(19.0, 0.17576161369980542)	(20.0, 0.25849885217635593)	(21.0, 0.37108731961847197)	(22.0, 0.5219625674391661)	(23.0, 0.7161258616537054)	(24.0, 0.9523618408433259)	(25.0, 1.2316393193180155)	(26.0, 1.5416991971305094)	(27.0, 1.8705727704247517)	(28.0, 2.2146942068556963)	(29.0, 2.554995404109554)	(30.0, 2.8760411067001654)	(31.0, 3.1805681530028003)	(32.0, 3.4700967789650274)	(33.0, 3.7385501774930283)	(34.0, 3.971493759973342)	(35.0, 4.1415032972511225)	(36.0, 4.228307322013537)	(37.0, 4.227425791998769)	(38.0, 4.159420156941216)	(39.0, 4.057046847727471)	(40.0, 3.941967261679571)	(41.0, 3.8184111709237434)	(42.0, 3.6737033238492534)	(43.0, 3.5070850503260766)	(44.0, 3.3257293820088645)	(45.0, 3.1299494668193324)	(46.0, 2.9279314133741985)	(47.0, 2.721202903674653)	(48.0, 2.5101714023216077)	(49.0, 2.3014837531805146)	(50.0, 2.1025798048274345)	(51.0, 1.9043220084607768)	(52.0, 1.7002711823771801)	(53.0, 1.5048652245472676)	(54.0, 1.3241503305110847)	(55.0, 1.165632535987987)	(56.0, 1.0269849492214926)	(57.0, 0.8975340660159089)	(58.0, 0.7886094706248449)	(59.0, 0.7052128427332128)	(60.0, 0.6301909568166907)	(61.0, 0.5484022628374938)	(62.0, 0.45968791165171335)	(63.0, 0.3800428537759999)	(64.0, 0.31675222533896097)	(65.0, 0.26438206187603547)	(66.0, 0.2220466966760002)	(67.0, 0.1877236988415318)	(68.0, 0.15994702314863485)	(69.0, 0.1323705635642068)	(70.0, 0.10732948523764231)	(71.0, 0.09309304438442402)	(72.0, 0.08344585457945804)	(73.0, 0.07260812353446411)	(74.0, 0.05964371684145637)	(75.0, 0.05032332605651197)	(76.0, 0.0448107643592873)	(77.0, 0.03917368809873795)	(78.0, 0.03399868083232037)	(79.0, 0.02946444784693244)	(80.0, 0.024625754002385158)	(81.0, 0.01964558513904374)	(82.0, 0.016199716991221323)	(83.0, 0.012889946156800294)	(84.0, 0.009931380851491062)	(85.0, 0.007621449550477813)	(86.0, 0.005718982850377538)	(87.0, 0.0057222922075423135)	(88.0, 0.005672238180425085)	(89.0, 0.004927219148705016)	(90.0, 0.004159448286477118)	(91.0, 0.0037151670871060157)	(92.0, 0.003584447479097387)	(93.0, 0.0036613900331784154)	(94.0, 0.0037308865336386993)	(95.0, 0.0039104191598277665)	(96.0, 0.004683154057802829)	(97.0, 0.0068801535455681176)	(98.0, 0.011430519647134332)	(99.0, 0.023143161992565768)	(100.0, 0.10089071720392612)
raw_fastq | fastqc_results | RNP_Cas1_S65_L002_R1_001	(0.0, 0.000712734714466489)	(1.0, 0.000711153670290654)	(2.0, 0.0008000083529725898)	(3.0, 0.0010242004171060152)	(4.0, 0.00135495485869073)	(5.0, 0.001797331019089407)	(6.0, 0.002320656641290844)	(7.0, 0.0029198723839323694)	(8.0, 0.00372082936341046)	(9.0, 0.004834833089703912)	(10.0, 0.006439592928176596)	(11.0, 0.008742858083533256)	(12.0, 0.01212439536680949)	(13.0, 0.017024999894228142)	(14.0, 0.024164362974629382)	(15.0, 0.035003053217649724)	(16.0, 0.05166125086308411)	(17.0, 0.07846469277601754)	(18.0, 0.11872724754900049)	(19.0, 0.17685971222377792)	(20.0, 0.259282074780746)	(21.0, 0.3726012026218848)	(22.0, 0.5241559866025859)	(23.0, 0.7173978461586973)	(24.0, 0.9523713667359778)	(25.0, 1.2325067817783193)	(26.0, 1.5417179154231042)	(27.0, 1.869333351901116)	(28.0, 2.2124357484991037)	(29.0, 2.5534407318934282)	(30.0, 2.8769052949922025)	(31.0, 3.1792354081749177)	(32.0, 3.4642360123551397)	(33.0, 3.7282242232296765)	(34.0, 3.9548498305585467)	(35.0, 4.119698982596176)	(36.0, 4.20583521792218)	(37.0, 4.20824820754334)	(38.0, 4.1481046546769)	(39.0, 4.052518202103093)	(40.0, 3.9439010996408883)	(41.0, 3.8249022287024794)	(42.0, 3.682410306146501)	(43.0, 3.5183807674096257)	(44.0, 3.336971442465464)	(45.0, 3.141899682380241)	(46.0, 2.94054674999326)	(47.0, 2.730802899956287)	(48.0, 2.5163718863556324)	(49.0, 2.306031666455534)	(50.0, 2.106696778854589)	(51.0, 1.9092989865778773)	(52.0, 1.7062518072520714)	(53.0, 1.5109824166448687)	(54.0, 1.3311968240692904)	(55.0, 1.1734977862124587)	(56.0, 1.035216184296729)	(57.0, 0.9069078090421675)	(58.0, 0.7994904029005863)	(59.0, 0.7165934108820324)	(60.0, 0.6402065263618975)	(61.0, 0.5565620166570087)	(62.0, 0.4658318993736972)	(63.0, 0.3853624425827207)	(64.0, 0.3221323752762155)	(65.0, 0.2684170318198864)	(66.0, 0.22500725051048595)	(67.0, 0.190522463573675)	(68.0, 0.1622963981113251)	(69.0, 0.13386827520330347)	(70.0, 0.10818990432589434)	(71.0, 0.09423529222113806)	(72.0, 0.08480910684480886)	(73.0, 0.07399444847326121)	(74.0, 0.06077881641629029)	(75.0, 0.051097450509981296)	(76.0, 0.04524126288268787)	(77.0, 0.03923803814704178)	(78.0, 0.03382169700946569)	(79.0, 0.029206312851367697)	(80.0, 0.023874715681616383)	(81.0, 0.01819181049599449)	(82.0, 0.01436252150212174)	(83.0, 0.01074161413062406)	(84.0, 0.007579209570118578)	(85.0, 0.004860446005352442)	(86.0, 0.0027026369141726183)	(87.0, 0.0029612957413392505)	(88.0, 0.0030507828416915204)	(89.0, 0.0021489552437951465)	(90.0, 0.0010858611399635863)	(91.0, 0.00038545857006861144)	(92.0, 0.00017802557419903874)	(93.0, 0.00021122750189157707)	(94.0, 0.0002757341042656515)	(95.0, 0.0005255390840476064)	(96.0, 0.0015111620232632437)	(97.0, 0.005763538438589484)	(98.0, 0.027315067808233687)	(99.0, 0.031105146906545724)	(100.0, 0.009491324396373619)
raw_fastq | fastqc_results | RNP_Cas1_S65_L002_R2_001	(0.0, 0.0006304729989794281)	(1.0, 0.0006523116721368481)	(2.0, 0.0007554914902429192)	(3.0, 0.0009795752669886195)	(4.0, 0.0012900642288354162)	(5.0, 0.0016983524661263111)	(6.0, 0.0022509658477618943)	(7.0, 0.002823835390007258)	(8.0, 0.0035555891920355906)	(9.0, 0.004669361523064007)	(10.0, 0.006148061247578008)	(11.0, 0.008273692101566883)	(12.0, 0.01150233420126023)	(13.0, 0.01636666127019338)	(14.0, 0.023554116759060766)	(15.0, 0.03423354443554864)	(16.0, 0.05115535110745384)	(17.0, 0.07768712347615238)	(18.0, 0.1176917746704314)	(19.0, 0.1759867893878139)	(20.0, 0.2582274344685431)	(21.0, 0.37172365187267364)	(22.0, 0.5229485509250686)	(23.0, 0.7156428747858373)	(24.0, 0.9503798094997348)	(25.0, 1.2304440181106409)	(26.0, 1.5397271053961363)	(27.0, 1.866054169322215)	(28.0, 2.2089976149985047)	(29.0, 2.54918210829924)	(30.0, 2.8706173094380563)	(31.0, 3.1727142072447228)	(32.0, 3.4582491617328173)	(33.0, 3.7208088825517773)	(34.0, 3.946317870097881)	(35.0, 4.1117477182803945)	(36.0, 4.196565643296209)	(37.0, 4.196951459855323)	(38.0, 4.1372872552817235)	(39.0, 4.0445070766337174)	(40.0, 3.93475603342483)	(41.0, 3.8151538496068884)	(42.0, 3.672966363211551)	(43.0, 3.508472412949712)	(44.0, 3.327383603108309)	(45.0, 3.131581224603977)	(46.0, 2.929585208490695)	(47.0, 2.720582459821486)	(48.0, 2.509072061769288)	(49.0, 2.2994616282817857)	(50.0, 2.1010436730387156)	(51.0, 1.9046488018365477)	(52.0, 1.7024264864289533)	(53.0, 1.5090355405447138)	(54.0, 1.329246606509942)	(55.0, 1.1723075711505315)	(56.0, 1.0358905585089055)	(57.0, 0.9076412096281544)	(58.0, 0.7984560729063025)	(59.0, 0.7149250470942283)	(60.0, 0.6379108079533321)	(61.0, 0.5561344720540802)	(62.0, 0.46873388656051884)	(63.0, 0.3882783156335266)	(64.0, 0.32491894426118934)	(65.0, 0.27204403501947083)	(66.0, 0.2293108156905524)	(67.0, 0.19558019374264346)	(68.0, 0.16738804920896194)	(69.0, 0.13839293780860834)	(70.0, 0.11302747718751985)	(71.0, 0.09934190867553667)	(72.0, 0.08985221393236388)	(73.0, 0.07897307317236393)	(74.0, 0.06548658473887377)	(75.0, 0.05531102905755418)	(76.0, 0.049389267104288564)	(77.0, 0.04337951745337422)	(78.0, 0.03774419027123129)	(79.0, 0.03286403807682175)	(80.0, 0.02751071463066811)	(81.0, 0.02202667564807948)	(82.0, 0.018304606136032252)	(83.0, 0.014926574851841772)	(84.0, 0.011788135967363856)	(85.0, 0.009078241480786616)	(86.0, 0.006829174648081888)	(87.0, 0.00685671036641081)	(88.0, 0.006815248537662664)	(89.0, 0.005925559983379946)	(90.0, 0.0051191115891030484)	(91.0, 0.004645307332339893)	(92.0, 0.0043746976866936025)	(93.0, 0.004352226008517127)	(94.0, 0.004474712479704396)	(95.0, 0.004696580738883401)	(96.0, 0.00542010547566401)	(97.0, 0.007756210498488889)	(98.0, 0.012825631193596069)	(99.0, 0.025367359636145673)	(100.0, 0.11120885376777294)
raw_fastq | fastqc_results | RNP_Cas2_S66_L002_R1_001	(0.0, 0.0006666602275699494)	(1.0, 0.0006897554888146168)	(2.0, 0.0007852388823186893)	(3.0, 0.0010155020839819396)	(4.0, 0.0013574498325597006)	(5.0, 0.0017548951492030054)	(6.0, 0.002208527444695277)	(7.0, 0.0028069360047063593)	(8.0, 0.003642157168823209)	(9.0, 0.0047724461482450626)	(10.0, 0.006174018270943829)	(11.0, 0.008352901051951921)	(12.0, 0.011853729010173435)	(13.0, 0.016764057315103078)	(14.0, 0.023730553281591536)	(15.0, 0.03440745808446207)	(16.0, 0.05094952512730297)	(17.0, 0.0771443772542397)	(18.0, 0.11710641802074012)	(19.0, 0.17507793668259708)	(20.0, 0.25701613181936794)	(21.0, 0.36936182367518117)	(22.0, 0.5193800230857474)	(23.0, 0.7112165017971801)	(24.0, 0.9451546076414663)	(25.0, 1.2238620156450608)	(26.0, 1.5308724939512994)	(27.0, 1.8561006522094883)	(28.0, 2.1981569829856387)	(29.0, 2.5365635730743477)	(30.0, 2.85807236015597)	(31.0, 3.1605089426195887)	(32.0, 3.450567843877633)	(33.0, 3.7229350856114793)	(34.0, 3.959857995442595)	(35.0, 4.139277151828407)	(36.0, 4.231632688608088)	(37.0, 4.229138055688273)	(38.0, 4.157704412658517)	(39.0, 4.048658585517558)	(40.0, 3.932187459533741)	(41.0, 3.8127208436959528)	(42.0, 3.671498147060296)	(43.0, 3.5107051465156136)	(44.0, 3.334738214627792)	(45.0, 3.146139208955314)	(46.0, 2.9518515302034207)	(47.0, 2.75130434624344)	(48.0, 2.5455090226946515)	(49.0, 2.3395858134455385)	(50.0, 2.140690113017247)	(51.0, 1.9385462536828584)	(52.0, 1.732434490584479)	(53.0, 1.5348955505779638)	(54.0, 1.3506363857871322)	(55.0, 1.1865056029345074)	(56.0, 1.0418075865396157)	(57.0, 0.9095179301301612)	(58.0, 0.7980433087992029)	(59.0, 0.7122981873163706)	(60.0, 0.634368915885204)	(61.0, 0.5506989208604749)	(62.0, 0.46197968125795624)	(63.0, 0.382108684355279)	(64.0, 0.31795866625238595)	(65.0, 0.2648616265347206)	(66.0, 0.2217100267787141)	(67.0, 0.18652422391976758)	(68.0, 0.15748279466807769)	(69.0, 0.12908079391801255)	(70.0, 0.10364877482293329)	(71.0, 0.08885505352685287)	(72.0, 0.07892926177252159)	(73.0, 0.06779941408494221)	(74.0, 0.05509736510576689)	(75.0, 0.04621396245597104)	(76.0, 0.04068109621361051)	(77.0, 0.03519235226138905)	(78.0, 0.03019481349235641)	(79.0, 0.025919777224350973)	(80.0, 0.02116835810500031)	(81.0, 0.016182539319285857)	(82.0, 0.012682745477239478)	(83.0, 0.00929187853897392)	(84.0, 0.006436339074036245)	(85.0, 0.004193341090169822)	(86.0, 0.0023950130616111733)	(87.0, 0.0025642634089414968)	(88.0, 0.002621139798573886)	(89.0, 0.0019100125754731594)	(90.0, 0.0010058503330140191)	(91.0, 0.0003829676901914239)	(92.0, 0.00017683386594797524)	(93.0, 0.00018338326839049282)	(94.0, 0.00026059727613385824)	(95.0, 0.000477416967520362)	(96.0, 0.0012878193434339874)	(97.0, 0.004490821843216805)	(98.0, 0.01828248456559203)	(99.0, 0.019964302171752202)	(100.0, 0.005822074066006436)
raw_fastq | fastqc_results | RNP_Cas2_S66_L002_R2_001	(0.0, 0.0005782628237449358)	(1.0, 0.0006048297911842915)	(2.0, 0.0007176531464137628)	(3.0, 0.0009360543202983359)	(4.0, 0.0012317412176428527)	(5.0, 0.0016133394772263245)	(6.0, 0.00215399451589477)	(7.0, 0.002751923796055852)	(8.0, 0.0034205833142048293)	(9.0, 0.0044725662196930804)	(10.0, 0.005905802359213643)	(11.0, 0.008055656568494489)	(12.0, 0.011421380820064803)	(13.0, 0.016185838656039637)	(14.0, 0.0231063611612162)	(15.0, 0.033839761032267046)	(16.0, 0.050393396925843735)	(17.0, 0.07644144593625403)	(18.0, 0.11614077590387922)	(19.0, 0.17397602894270298)	(20.0, 0.25570637155269577)	(21.0, 0.36793697288527344)	(22.0, 0.5170307941549374)	(23.0, 0.7080590209126438)	(24.0, 0.9428461482729297)	(25.0, 1.2223451368080998)	(26.0, 1.5287706094069347)	(27.0, 1.8534824362172742)	(28.0, 2.195201262495415)	(29.0, 2.5335626451352136)	(30.0, 2.8559231228143944)	(31.0, 3.158896614773869)	(32.0, 3.4472631049994145)	(33.0, 3.7196173044211536)	(34.0, 3.9582535368301857)	(35.0, 4.136938819520678)	(36.0, 4.225754606849302)	(37.0, 4.22128549088512)	(38.0, 4.151762152275184)	(39.0, 4.044189740908824)	(40.0, 3.927539362265881)	(41.0, 3.8047513240933446)	(42.0, 3.6607124721737327)	(43.0, 3.4988168228538106)	(44.0, 3.3229648899894486)	(45.0, 3.1365441344419382)	(46.0, 2.9430869278040626)	(47.0, 2.739138184206499)	(48.0, 2.53299956343572)	(49.0, 2.3284225283094933)	(50.0, 2.128272171004655)	(51.0, 1.9290802946809409)	(52.0, 1.7265720327594725)	(53.0, 1.5297052836250282)	(54.0, 1.34539884465503)	(55.0, 1.1826330408950816)	(56.0, 1.0402499665954887)	(57.0, 0.907712886449362)	(58.0, 0.796367620681062)	(59.0, 0.7111428592889161)	(60.0, 0.6316462120971361)	(61.0, 0.5478191492127412)	(62.0, 0.460563912452016)	(63.0, 0.3829300582109514)	(64.0, 0.32068434355164344)	(65.0, 0.26809865427372614)	(66.0, 0.2246916797333306)	(67.0, 0.18985790008817024)	(68.0, 0.16094027356875837)	(69.0, 0.13213133009796202)	(70.0, 0.1068609686798674)	(71.0, 0.09239473737081151)	(72.0, 0.08289963420287558)	(73.0, 0.07212345116348085)	(74.0, 0.059107017220401216)	(75.0, 0.04961605435907921)	(76.0, 0.04395798034559878)	(77.0, 0.03843067101600816)	(78.0, 0.03341675970654431)	(79.0, 0.028908310829530545)	(80.0, 0.0239851412400219)	(81.0, 0.019302799485223256)	(82.0, 0.01612200892907495)	(83.0, 0.012891879719110697)	(84.0, 0.010094067524750502)	(85.0, 0.007889699278386305)	(86.0, 0.0060251811999151635)	(87.0, 0.005985848287082872)	(88.0, 0.005859913960909302)	(89.0, 0.005234037611104222)	(90.0, 0.004624377462203684)	(91.0, 0.004167563632467231)	(92.0, 0.00404749474066339)	(93.0, 0.0041648034280579475)	(94.0, 0.004236568742699324)	(95.0, 0.004503618519297522)	(96.0, 0.005324779331059424)	(97.0, 0.007789986894100931)	(98.0, 0.012966750263712518)	(99.0, 0.025748221806451865)	(100.0, 0.1110716605062297)
raw_fastq | fastqc_results | RNP_Cas3_S67_L002_R1_001	(0.0, 0.0006760262557741029)	(1.0, 0.0006768656923499814)	(2.0, 0.000793267564205125)	(3.0, 0.0010249520591475742)	(4.0, 0.0012958102609643505)	(5.0, 0.0016749557810694458)	(6.0, 0.0022110759408638086)	(7.0, 0.0028216261437193934)	(8.0, 0.003619930327379789)	(9.0, 0.004659432620509256)	(10.0, 0.006127887003912605)	(11.0, 0.00835211411779851)	(12.0, 0.011658374977991721)	(13.0, 0.01653801979357309)	(14.0, 0.023552351821613325)	(15.0, 0.03425572778844734)	(16.0, 0.05090231471250071)	(17.0, 0.07683474903892137)	(18.0, 0.11618221928445535)	(19.0, 0.17383332425482675)	(20.0, 0.25565180824473843)	(21.0, 0.36773533854137136)	(22.0, 0.5166645382752286)	(23.0, 0.7073366804299849)	(24.0, 0.9417644541024048)	(25.0, 1.2203804489412577)	(26.0, 1.5270937850357218)	(27.0, 1.8512447371209086)	(28.0, 2.191513151275154)	(29.0, 2.5317810058050143)	(30.0, 2.8566776573817734)	(31.0, 3.160900664967798)	(32.0, 3.451106200985421)	(33.0, 3.7244681622958504)	(34.0, 3.96108350768501)	(35.0, 4.1378654928187055)	(36.0, 4.230297533061832)	(37.0, 4.23310600803253)	(38.0, 4.167226465933205)	(39.0, 4.063524150222335)	(40.0, 3.951581365458258)	(41.0, 3.829103092042522)	(42.0, 3.686165230962901)	(43.0, 3.52454626851149)	(44.0, 3.3467398909430304)	(45.0, 3.155402355395794)	(46.0, 2.956416433393538)	(47.0, 2.7498753023961835)	(48.0, 2.5386635462906417)	(49.0, 2.330080066104175)	(50.0, 2.130647004219168)	(51.0, 1.930110363049072)	(52.0, 1.7237821691297988)	(53.0, 1.5280096103400052)	(54.0, 1.3469543334107044)	(55.0, 1.1852964770646104)	(56.0, 1.0423236394609947)	(57.0, 0.9118200725676691)	(58.0, 0.7999063882715556)	(59.0, 0.7126774557379154)	(60.0, 0.6354171123550236)	(61.0, 0.5513506172149096)	(62.0, 0.4607325994122562)	(63.0, 0.380319612062557)	(64.0, 0.3170921299186251)	(65.0, 0.2639580331630556)	(66.0, 0.22034454623890737)	(67.0, 0.18506442601569636)	(68.0, 0.1555092632399763)	(69.0, 0.1268198393861789)	(70.0, 0.10214907823330355)	(71.0, 0.08769314096010095)	(72.0, 0.07742487295176392)	(73.0, 0.06646099183421561)	(74.0, 0.05403649107463884)	(75.0, 0.04515637135061279)	(76.0, 0.039160275889113104)	(77.0, 0.03338858980556492)	(78.0, 0.028747065165341066)	(79.0, 0.024492240974405218)	(80.0, 0.019674154841054937)	(81.0, 0.014995974803684397)	(82.0, 0.011932590926112012)	(83.0, 0.008940838969681255)	(84.0, 0.006190844747103488)	(85.0, 0.003980048618431639)	(86.0, 0.002333074056558142)	(87.0, 0.0025667172368443072)	(88.0, 0.002612046811941743)	(89.0, 0.001798912582107495)	(90.0, 0.0008553858708201294)	(91.0, 0.00032010514760164477)	(92.0, 0.00017935961504602648)	(93.0, 0.00018719435642089192)	(94.0, 0.0002328037437102871)	(95.0, 0.0003953746272387448)	(96.0, 0.001069162385477172)	(97.0, 0.0041305875777058396)	(98.0, 0.018954477883335156)	(99.0, 0.02149573221071115)	(100.0, 0.006623434395872844)
raw_fastq | fastqc_results | RNP_Cas3_S67_L002_R2_001	(0.0, 0.0005913985433355446)	(1.0, 0.0006420818465286001)	(2.0, 0.0007616496391442619)	(3.0, 0.0009515020124309566)	(4.0, 0.0012298401526182345)	(5.0, 0.0016115050269394219)	(6.0, 0.0021186180771196636)	(7.0, 0.0026629735545080626)	(8.0, 0.003404181861425291)	(9.0, 0.004434649020267528)	(10.0, 0.005853221473173715)	(11.0, 0.008078526503423512)	(12.0, 0.011329538382270896)	(13.0, 0.01609852919266278)	(14.0, 0.02291977375499889)	(15.0, 0.03348822253462489)	(16.0, 0.05012942709517796)	(17.0, 0.07616328380492807)	(18.0, 0.1155752924116474)	(19.0, 0.17317672648143032)	(20.0, 0.2547412823045399)	(21.0, 0.36644672250553517)	(22.0, 0.5159176640050998)	(23.0, 0.707692922612384)	(24.0, 0.9413552711353569)	(25.0, 1.219250982488132)	(26.0, 1.5264408030317442)	(27.0, 1.852348723493826)	(28.0, 2.193153334820921)	(29.0, 2.53332230472123)	(30.0, 2.8580608689726255)	(31.0, 3.1624353860339007)	(32.0, 3.4519202126864053)	(33.0, 3.721643591422112)	(34.0, 3.958721322536498)	(35.0, 4.1351451406412805)	(36.0, 4.225513190216248)	(37.0, 4.2274954394057715)	(38.0, 4.162445519894358)	(39.0, 4.061623268985634)	(40.0, 3.9492989884528344)	(41.0, 3.8244144893303957)	(42.0, 3.6791802239485714)	(43.0, 3.5165531850240384)	(44.0, 3.3374229905360466)	(45.0, 3.144749433383772)	(46.0, 2.9456880999196735)	(47.0, 2.7395260636800534)	(48.0, 2.5286199582542634)	(49.0, 2.320028203662123)	(50.0, 2.1201721784054177)	(51.0, 1.9207513015087236)	(52.0, 1.7175963812524748)	(53.0, 1.5232782769197972)	(54.0, 1.3418317714704082)	(55.0, 1.1811455390344445)	(56.0, 1.0398760520499155)	(57.0, 0.9085850153929252)	(58.0, 0.7966984033843834)	(59.0, 0.7100422757272444)	(60.0, 0.6308323933657393)	(61.0, 0.5475745671867821)	(62.0, 0.4611113721036764)	(63.0, 0.3822361115505453)	(64.0, 0.31858292306856173)	(65.0, 0.2654923029829608)	(66.0, 0.22263971014235706)	(67.0, 0.18763294863968827)	(68.0, 0.15817418871803615)	(69.0, 0.12987218418583438)	(70.0, 0.10495252009158243)	(71.0, 0.0907121920038319)	(72.0, 0.08074298227853263)	(73.0, 0.06969122199994965)	(74.0, 0.057340457061076135)	(75.0, 0.04820794186583681)	(76.0, 0.0423737616336417)	(77.0, 0.03654686187593841)	(78.0, 0.03175770975156918)	(79.0, 0.027395865476219854)	(80.0, 0.022465584154009184)	(81.0, 0.01799621287078067)	(82.0, 0.014992457106405486)	(83.0, 0.012113869499639674)	(84.0, 0.009453696127628464)	(85.0, 0.007340958433752195)	(86.0, 0.005573763259987696)	(87.0, 0.005595884701712841)	(88.0, 0.0055174795918009325)	(89.0, 0.004713547196954176)	(90.0, 0.00396309828779733)	(91.0, 0.003625116260427064)	(92.0, 0.0035117088693044805)	(93.0, 0.003499668084568009)	(94.0, 0.0036001946362050645)	(95.0, 0.0037953673562357813)	(96.0, 0.0042968800414223155)	(97.0, 0.00599267056151704)	(98.0, 0.009584464650231543)	(99.0, 0.018850548550570796)	(100.0, 0.0872928891569236)
raw_fastq | fastqc_results | RNP_Cas4_S68_L002_R1_001	(0.0, 0.0006816239575455552)	(1.0, 0.0006834546396159551)	(2.0, 0.0008088563614383469)	(3.0, 0.0010755257163599294)	(4.0, 0.0013617223466991105)	(5.0, 0.0017437246720558854)	(6.0, 0.0023274071388350473)	(7.0, 0.002981570865324604)	(8.0, 0.0037394732424701543)	(9.0, 0.004882429081756479)	(10.0, 0.006362840649353182)	(11.0, 0.008473617076524245)	(12.0, 0.011806984013044024)	(13.0, 0.0167010074145797)	(14.0, 0.023883383404115232)	(15.0, 0.034764347403215316)	(16.0, 0.05152881846290222)	(17.0, 0.07816066588204447)	(18.0, 0.11828921686520984)	(19.0, 0.17633129702091643)	(20.0, 0.25821618046151107)	(21.0, 0.37083821586411964)	(22.0, 0.5221157134105785)	(23.0, 0.7134360249965723)	(24.0, 0.9464595792599539)	(25.0, 1.2253264637029324)	(26.0, 1.5336267493601217)	(27.0, 1.8595607749467595)	(28.0, 2.2017549186826892)	(29.0, 2.540647122190974)	(30.0, 2.861681937443543)	(31.0, 3.1643168723202018)	(32.0, 3.452435108605946)	(33.0, 3.722755758916941)	(34.0, 3.958033187922663)	(35.0, 4.133547085399146)	(36.0, 4.224342813817413)	(37.0, 4.223217554571473)	(38.0, 4.1547839127568205)	(39.0, 4.048488714589514)	(40.0, 3.932260845735574)	(41.0, 3.81058761306323)	(42.0, 3.669701372062039)	(43.0, 3.507746726453651)	(44.0, 3.3276927374425767)	(45.0, 3.1360807371800323)	(46.0, 2.937207336485247)	(47.0, 2.732790630481291)	(48.0, 2.5262366031601426)	(49.0, 2.3203153816079967)	(50.0, 2.122043054859659)	(51.0, 1.9227937541130848)	(52.0, 1.7190788095694485)	(53.0, 1.524152054304767)	(54.0, 1.3438298703703788)	(55.0, 1.1860479594277893)	(56.0, 1.047417728964688)	(57.0, 0.9163854393211031)	(58.0, 0.8040111562253551)	(59.0, 0.7198455480387208)	(60.0, 0.6456791253206104)	(61.0, 0.563445802059283)	(62.0, 0.4710762972878299)	(63.0, 0.38797248470202733)	(64.0, 0.32362431504114997)	(65.0, 0.27039082645702706)	(66.0, 0.2270964159467835)	(67.0, 0.19201841168217298)	(68.0, 0.16347594240889007)	(69.0, 0.13501890496555913)	(70.0, 0.10963314180900241)	(71.0, 0.09504535173102097)	(72.0, 0.08496866738818322)	(73.0, 0.07342926807109598)	(74.0, 0.05968481220021209)	(75.0, 0.0502024893028975)	(76.0, 0.044401973162835486)	(77.0, 0.03861579736565826)	(78.0, 0.03325372958145702)	(79.0, 0.028395099366615738)	(80.0, 0.023095885000164885)	(81.0, 0.017887899623555626)	(82.0, 0.014251859918063063)	(83.0, 0.01035616847225212)	(84.0, 0.007134778255705131)	(85.0, 0.004704547807249291)	(86.0, 0.002651437865295826)	(87.0, 0.0029452623375950068)	(88.0, 0.0030810379244829975)	(89.0, 0.0021004025621054623)	(90.0, 0.0010022984335439343)	(91.0, 0.0003874943715679746)	(92.0, 0.00020473127820638657)	(93.0, 0.0002074773013119864)	(94.0, 0.00026239776342398276)	(95.0, 0.00042715914975997193)	(96.0, 0.001049896167374331)	(97.0, 0.0037095721019869566)	(98.0, 0.015598326580842177)	(99.0, 0.017566920033878847)	(100.0, 0.005547576900668435)
raw_fastq | fastqc_results | RNP_Cas4_S68_L002_R2_001	(0.0, 0.0006059371530292081)	(1.0, 0.0006294538671336682)	(2.0, 0.0007464266139129963)	(3.0, 0.0009748746937848953)	(4.0, 0.0012485237306367957)	(5.0, 0.001647086222926673)	(6.0, 0.002185221940485879)	(7.0, 0.002777110147426708)	(8.0, 0.003563851128375922)	(9.0, 0.004655087745197173)	(10.0, 0.0060807503612961365)	(11.0, 0.008222909227902418)	(12.0, 0.01149753531398063)	(13.0, 0.01628639345888889)	(14.0, 0.023300177087576267)	(15.0, 0.034264463273941476)	(16.0, 0.0510385994915943)	(17.0, 0.07707618318330403)	(18.0, 0.11698007666424365)	(19.0, 0.17513813229205966)	(20.0, 0.2575208467424415)	(21.0, 0.37014666635490223)	(22.0, 0.5200043309846671)	(23.0, 0.7116765457633912)	(24.0, 0.9462505769535664)	(25.0, 1.2259675368681606)	(26.0, 1.5335450839353675)	(27.0, 1.8586273124168224)	(28.0, 2.199822155002291)	(29.0, 2.5375554594363314)	(30.0, 2.859277546507692)	(31.0, 3.1618173247547294)	(32.0, 3.449051081650349)	(33.0, 3.720428159590261)	(34.0, 3.956086097512342)	(35.0, 4.1271405676707555)	(36.0, 4.215284266252987)	(37.0, 4.212614966496195)	(38.0, 4.141887685297353)	(39.0, 4.039691681096156)	(40.0, 3.925484133401267)	(41.0, 3.8013293210520627)	(42.0, 3.658877588893973)	(43.0, 3.497119245279866)	(44.0, 3.317440554694416)	(45.0, 3.123878756666805)	(46.0, 2.9244295339925492)	(47.0, 2.7214036328913145)	(48.0, 2.5167364483927113)	(49.0, 2.310637187628708)	(50.0, 2.111715411256509)	(51.0, 1.9142657201048752)	(52.0, 1.7124049652933615)	(53.0, 1.5185029384409143)	(54.0, 1.3380182659266122)	(55.0, 1.1802928860754835)	(56.0, 1.0417415689281486)	(57.0, 0.9119543508449903)	(58.0, 0.8024272400806316)	(59.0, 0.7181011898919812)	(60.0, 0.6417641034376744)	(61.0, 0.5595365382180078)	(62.0, 0.46999222079313896)	(63.0, 0.389330196826712)	(64.0, 0.32579780849634815)	(65.0, 0.2725804007135692)	(66.0, 0.2295274054257323)	(67.0, 0.19545290833585544)	(68.0, 0.16736417851524238)	(69.0, 0.13875105651128702)	(70.0, 0.1131816692185661)	(71.0, 0.09885571456274903)	(72.0, 0.08892280426639372)	(73.0, 0.07733425621471013)	(74.0, 0.06356048622254064)	(75.0, 0.05370606677715735)	(76.0, 0.04788277862352433)	(77.0, 0.04183623439183468)	(78.0, 0.036512600059953576)	(79.0, 0.0318529311366841)	(80.0, 0.026444086892658255)	(81.0, 0.021259720374174985)	(82.0, 0.01771113983937339)	(83.0, 0.014142707532925172)	(84.0, 0.011025368560662507)	(85.0, 0.008495031205396887)	(86.0, 0.006516573101907366)	(87.0, 0.006583458301762908)	(88.0, 0.006476564146742634)	(89.0, 0.005676690455319502)	(90.0, 0.004860629934707584)	(91.0, 0.004409231188650543)	(92.0, 0.004325853747734729)	(93.0, 0.004386630710160542)	(94.0, 0.004520706521743114)	(95.0, 0.0048572704041212325)	(96.0, 0.005664473980460042)	(97.0, 0.008307813728175665)	(98.0, 0.0140697140956399)	(99.0, 0.02849920337589089)	(100.0, 0.11794914853247031)
trimmed_fastp | fastqc_results | Control_MNP_III_S56_L002_R1_filtered	(0.0, 0.0007253018519487636)	(1.0, 0.0007131755931909996)	(2.0, 0.000770775322290379)	(3.0, 0.0009538060404153805)	(4.0, 0.001285762373909172)	(5.0, 0.0017492128258074678)	(6.0, 0.0022884523949417888)	(7.0, 0.0028936284960714522)	(8.0, 0.003669709056568353)	(9.0, 0.004720904112632026)	(10.0, 0.006152181591634367)	(11.0, 0.008385307930993856)	(12.0, 0.011731018511378201)	(13.0, 0.016597816674689576)	(14.0, 0.023616267876331715)	(15.0, 0.03404143989773319)	(16.0, 0.0506824563692473)	(17.0, 0.07710708998475994)	(18.0, 0.11660951472493497)	(19.0, 0.17396861337708994)	(20.0, 0.25617403727831733)	(21.0, 0.3689785593724176)	(22.0, 0.5182190785233233)	(23.0, 0.7088756976246137)	(24.0, 0.9433149318619836)	(25.0, 1.2224701242141949)	(26.0, 1.5305456858125008)	(27.0, 1.8565226369019563)	(28.0, 2.1995699498120675)	(29.0, 2.5412000062298654)	(30.0, 2.8653292186411066)	(31.0, 3.171518010165822)	(32.0, 3.4604526512605838)	(33.0, 3.722969100814798)	(34.0, 3.946059293691659)	(35.0, 4.112049965642899)	(36.0, 4.200347318787558)	(37.0, 4.206897393244681)	(38.0, 4.151588011268174)	(39.0, 4.061787002037553)	(40.0, 3.9593845362840967)	(41.0, 3.8441566571663746)	(42.0, 3.705065058704545)	(43.0, 3.5412843974119075)	(44.0, 3.3624391332862658)	(45.0, 3.1699597859154487)	(46.0, 2.9667543837278036)	(47.0, 2.7577954507051854)	(48.0, 2.543837088564093)	(49.0, 2.3305665126619175)	(50.0, 2.1285176524032936)	(51.0, 1.9255187755601164)	(52.0, 1.71832156056765)	(53.0, 1.5226132178569922)	(54.0, 1.339942876984448)	(55.0, 1.1789035080622379)	(56.0, 1.0377856875511031)	(57.0, 0.9071222178715058)	(58.0, 0.7958778147557091)	(59.0, 0.711102002943422)	(60.0, 0.6359949877625207)	(61.0, 0.5524336965539408)	(62.0, 0.460935011097232)	(63.0, 0.3807414093130349)	(64.0, 0.31719261345621375)	(65.0, 0.2643130305782941)	(66.0, 0.222054534589831)	(67.0, 0.18728248760194252)	(68.0, 0.15872590611858048)	(69.0, 0.1300829250415694)	(70.0, 0.10487887515914295)	(71.0, 0.09003443971170881)	(72.0, 0.07932846901094785)	(73.0, 0.06830077350751997)	(74.0, 0.05555380187959284)	(75.0, 0.0464799498185097)	(76.0, 0.04105420691558263)	(77.0, 0.035885010174499514)	(78.0, 0.030765834250792174)	(79.0, 0.026092677282018847)	(80.0, 0.021182300376296755)	(81.0, 0.016180218638719077)	(82.0, 0.01271324547075709)	(83.0, 0.009302356249549766)	(84.0, 0.006362117446378158)	(85.0, 0.004101328079227518)	(86.0, 0.002311947021284957)	(87.0, 0.0025313565156832507)	(88.0, 0.002603356177057475)	(89.0, 0.0018352334738703565)	(90.0, 0.000887111617247678)	(91.0, 0.00026412507356754874)	(92.0, 9.094694068323055e-05)	(93.0, 0.000101178471510094)	(94.0, 0.0001208836419914606)	(95.0, 0.0001277046625427029)	(96.0, 0.00012505204343944202)	(97.0, 0.0001417256492313676)	(98.0, 0.00016408343881599513)	(99.0, 0.00014778877861024964)	(100.0, 9.58732333035722e-05)
trimmed_fastp | fastqc_results | Control_MNP_III_S56_L002_R2_filtered	(0.0, 0.0006237590094712993)	(1.0, 0.0006536964102903957)	(2.0, 0.0007613194714628435)	(3.0, 0.0009598915984148246)	(4.0, 0.0012456232467388583)	(5.0, 0.0016628520860024673)	(6.0, 0.002213093933968644)	(7.0, 0.0027512092398308827)	(8.0, 0.0034522749552147853)	(9.0, 0.0045485901522989095)	(10.0, 0.005916994637840138)	(11.0, 0.007960695936794401)	(12.0, 0.011283747427714099)	(13.0, 0.016172259713364015)	(14.0, 0.02308135707708256)	(15.0, 0.03350298315209484)	(16.0, 0.050345992225582906)	(17.0, 0.07691486702086982)	(18.0, 0.11619349480440576)	(19.0, 0.1732568334466887)	(20.0, 0.2556062861023264)	(21.0, 0.3689871810475001)	(22.0, 0.5197409418936878)	(23.0, 0.7124877811824897)	(24.0, 0.9477430769533233)	(25.0, 1.2277422814521612)	(26.0, 1.5374204398415054)	(27.0, 1.8646510100174178)	(28.0, 2.2078401096021127)	(29.0, 2.5512186864071817)	(30.0, 2.878058175600242)	(31.0, 3.181994795257813)	(32.0, 3.4692574195224686)	(33.0, 3.734844986639658)	(34.0, 3.957754325685361)	(35.0, 4.121525929480126)	(36.0, 4.208587301652025)	(37.0, 4.213209408965829)	(38.0, 4.157238217021781)	(39.0, 4.068004299041074)	(40.0, 3.9622176510884914)	(41.0, 3.8428435916628874)	(42.0, 3.7008467100335056)	(43.0, 3.5377432029177793)	(44.0, 3.3575037549458666)	(45.0, 3.1609362969854433)	(46.0, 2.957823537924419)	(47.0, 2.7483394178510974)	(48.0, 2.533985354259723)	(49.0, 2.321690908053814)	(50.0, 2.1204463943856777)	(51.0, 1.9181487663267025)	(52.0, 1.7113480226483184)	(53.0, 1.514711594979678)	(54.0, 1.3319198888493278)	(55.0, 1.170990822314614)	(56.0, 1.0306620981334054)	(57.0, 0.900288507110648)	(58.0, 0.7897933502317708)	(59.0, 0.7060000811568831)	(60.0, 0.6296036238109566)	(61.0, 0.5465481790322052)	(62.0, 0.45695539119610923)	(63.0, 0.37701912041915514)	(64.0, 0.31460987148123937)	(65.0, 0.26238237045734236)	(66.0, 0.21951239143883713)	(67.0, 0.18490854563636916)	(68.0, 0.15678747345177824)	(69.0, 0.12895933304988552)	(70.0, 0.10382252708618551)	(71.0, 0.08930175082560152)	(72.0, 0.07941710319312924)	(73.0, 0.06809659718466257)	(74.0, 0.055205325019295225)	(75.0, 0.046191893646102725)	(76.0, 0.04073040224604175)	(77.0, 0.03529619556571464)	(78.0, 0.03027997563353262)	(79.0, 0.025697658536007136)	(80.0, 0.02090653754162947)	(81.0, 0.01622000797289827)	(82.0, 0.012985631821113617)	(83.0, 0.009897153129016964)	(84.0, 0.007143670162541594)	(85.0, 0.004973777034818228)	(86.0, 0.003187385801131895)	(87.0, 0.0033382096685496206)	(88.0, 0.003367389160487221)	(89.0, 0.002766746371901553)	(90.0, 0.002179745943182815)	(91.0, 0.0018311078576946041)	(92.0, 0.0018026862746384996)	(93.0, 0.001886814160484568)	(94.0, 0.001933425556696579)	(95.0, 0.001987994996164299)	(96.0, 0.0021672404466381292)	(97.0, 0.002495414992325945)	(98.0, 0.00282775803686199)	(99.0, 0.003231344516258669)	(100.0, 0.005890088872547026)
trimmed_fastp | fastqc_results | Control_MNP_II_S55_L002_R1_filtered	(0.0, 0.0007033675501689989)	(1.0, 0.0007311216248656336)	(2.0, 0.0008254854788341914)	(3.0, 0.0010602056534114448)	(4.0, 0.0013746196710461777)	(5.0, 0.0017647626639245852)	(6.0, 0.0023745593336877875)	(7.0, 0.003035502798249073)	(8.0, 0.0037559192800174336)	(9.0, 0.004864099833975918)	(10.0, 0.0063461674227762105)	(11.0, 0.008542704191624156)	(12.0, 0.012080159255100935)	(13.0, 0.017080254055090362)	(14.0, 0.024166265811922577)	(15.0, 0.035136262079158126)	(16.0, 0.05229581349052458)	(17.0, 0.07894805142170287)	(18.0, 0.11912643589967677)	(19.0, 0.1778159952267432)	(20.0, 0.2605076748382407)	(21.0, 0.37356548406210766)	(22.0, 0.5253731358906345)	(23.0, 0.7202142735098562)	(24.0, 0.9562484052806044)	(25.0, 1.238502190617221)	(26.0, 1.5492487055241846)	(27.0, 1.877224553516037)	(28.0, 2.221363185150866)	(29.0, 2.5634198646966655)	(30.0, 2.8876655650492906)	(31.0, 3.1903586404528532)	(32.0, 3.478355933304548)	(33.0, 3.743673389287715)	(34.0, 3.970591496980963)	(35.0, 4.136259137226208)	(36.0, 4.221679438867166)	(37.0, 4.225061867599123)	(38.0, 4.16243281561226)	(39.0, 4.06374011896459)	(40.0, 3.9539319154009176)	(41.0, 3.833046664139037)	(42.0, 3.689452632473589)	(43.0, 3.525140184047102)	(44.0, 3.343663822854654)	(45.0, 3.1475202261585977)	(46.0, 2.9464839825803057)	(47.0, 2.7387399756346187)	(48.0, 2.5265156680593317)	(49.0, 2.314288188589794)	(50.0, 2.1105514735435196)	(51.0, 1.9081263367700516)	(52.0, 1.7022228214635327)	(53.0, 1.5067595960843252)	(54.0, 1.3254588785360286)	(55.0, 1.1654824095507195)	(56.0, 1.0256026660532434)	(57.0, 0.8960113580458099)	(58.0, 0.7865480979819386)	(59.0, 0.7040851912432976)	(60.0, 0.6296416261448586)	(61.0, 0.5473277984360166)	(62.0, 0.457334418258616)	(63.0, 0.3770847007336409)	(64.0, 0.31427445428768697)	(65.0, 0.2616856370657222)	(66.0, 0.21925282874881877)	(67.0, 0.184996370837544)	(68.0, 0.15654963373383757)	(69.0, 0.12886177232969345)	(70.0, 0.10425580267721989)	(71.0, 0.08956002012535184)	(72.0, 0.07901029984637961)	(73.0, 0.06781430611375718)	(74.0, 0.05507359988087634)	(75.0, 0.046056697498721114)	(76.0, 0.04071126271214927)	(77.0, 0.03539873632843202)	(78.0, 0.030251148445769042)	(79.0, 0.025747455096067996)	(80.0, 0.021011420492477978)	(81.0, 0.016071591683258384)	(82.0, 0.012680836728892387)	(83.0, 0.009336470727947906)	(84.0, 0.006496039426138038)	(85.0, 0.004227342063078843)	(86.0, 0.002327377406703508)	(87.0, 0.002577560565754601)	(88.0, 0.0026798541553507685)	(89.0, 0.0018476284012331086)	(90.0, 0.0008790111943205584)	(91.0, 0.00029538265212846913)	(92.0, 0.000129651177511422)	(93.0, 0.00013480550566936846)	(94.0, 0.0001566122786452957)	(95.0, 0.00017683310449570096)	(96.0, 0.00017921202518398393)	(97.0, 0.00020419069241095513)	(98.0, 0.0002275834125124044)	(99.0, 0.00019903636425300873)	(100.0, 0.00012727225682313903)
trimmed_fastp | fastqc_results | Control_MNP_II_S55_L002_R2_filtered	(0.0, 0.0006629392773631993)	(1.0, 0.0006930728808797083)	(2.0, 0.0008207442010417599)	(3.0, 0.0010411953004520105)	(4.0, 0.0013484787573637804)	(5.0, 0.0017580578683184364)	(6.0, 0.0022758800550626576)	(7.0, 0.0029098752132586843)	(8.0, 0.0036925559151216956)	(9.0, 0.004710754518153212)	(10.0, 0.006113553060803332)	(11.0, 0.008333923846230315)	(12.0, 0.01173902104359584)	(13.0, 0.016500130399204272)	(14.0, 0.023374556948799453)	(15.0, 0.03430433214006378)	(16.0, 0.051506258305376224)	(17.0, 0.07813207247569376)	(18.0, 0.1182787552449123)	(19.0, 0.17671058792690514)	(20.0, 0.2598226348784851)	(21.0, 0.37381607450752335)	(22.0, 0.5261461982208739)	(23.0, 0.720672882732132)	(24.0, 0.9569266782180927)	(25.0, 1.2392119320442199)	(26.0, 1.5517794749305232)	(27.0, 1.8816785977762163)	(28.0, 2.226928016150089)	(29.0, 2.569616871214625)	(30.0, 2.8942735400380117)	(31.0, 3.199832244643244)	(32.0, 3.488595033741072)	(33.0, 3.7514746433973496)	(34.0, 3.976918405116546)	(35.0, 4.1439005970450165)	(36.0, 4.231054908310423)	(37.0, 4.232776488658694)	(38.0, 4.166649881720849)	(39.0, 4.067002019839585)	(40.0, 3.957517915378878)	(41.0, 3.8338833086036894)	(42.0, 3.688669076762849)	(43.0, 3.5235853018559196)	(44.0, 3.3396688177407374)	(45.0, 3.14326552342101)	(46.0, 2.941078163205246)	(47.0, 2.7321646654887703)	(48.0, 2.5182450246407235)	(49.0, 2.30507119047971)	(50.0, 2.1029191182996425)	(51.0, 1.9015215756918373)	(52.0, 1.6952673684856936)	(53.0, 1.4992244879238157)	(54.0, 1.3171168130091904)	(55.0, 1.1581128891064993)	(56.0, 1.0204118369108477)	(57.0, 0.8917615711292926)	(58.0, 0.7837659080843891)	(59.0, 0.701089212404666)	(60.0, 0.6236779674446697)	(61.0, 0.5411130832937843)	(62.0, 0.45380968998992777)	(63.0, 0.3745261966640769)	(64.0, 0.31193434071767334)	(65.0, 0.2595871169773166)	(66.0, 0.2173088782540882)	(67.0, 0.183690085594025)	(68.0, 0.15573720338463173)	(69.0, 0.1283128487211267)	(70.0, 0.10347601901221032)	(71.0, 0.08870024442475997)	(72.0, 0.07865068765200421)	(73.0, 0.0676253572180099)	(74.0, 0.054698437804210624)	(75.0, 0.045502534299494905)	(76.0, 0.04022598172584092)	(77.0, 0.034890747924286376)	(78.0, 0.029904429531870346)	(79.0, 0.025534264032410308)	(80.0, 0.020619711195737547)	(81.0, 0.015892303896693633)	(82.0, 0.012977670746037605)	(83.0, 0.00994408916044799)	(84.0, 0.007163074751700693)	(85.0, 0.005116765176059861)	(86.0, 0.0034558485296038548)	(87.0, 0.0036766961237972174)	(88.0, 0.0037548055960702734)	(89.0, 0.0031196209535249114)	(90.0, 0.0025129839353636107)	(91.0, 0.002283809950724897)	(92.0, 0.0022738975811470983)	(93.0, 0.002414256734368732)	(94.0, 0.0025978338189495704)	(95.0, 0.0026890276190653217)	(96.0, 0.0029281139732818344)	(97.0, 0.0034193710095575544)	(98.0, 0.003919747425844849)	(99.0, 0.004425674769095712)	(100.0, 0.00758494520093182)
trimmed_fastp | fastqc_results | Control_MNP_I_S54_L002_R1_filtered	(0.0, 0.0006688269561948554)	(1.0, 0.0007003296751460623)	(2.0, 0.0008206862167801608)	(3.0, 0.0010375703203288546)	(4.0, 0.0013324034592311763)	(5.0, 0.0017766725726456336)	(6.0, 0.0023324128454258997)	(7.0, 0.002939446006754926)	(8.0, 0.003821926018400916)	(9.0, 0.004884133080473663)	(10.0, 0.006315487387692604)	(11.0, 0.008565508506630733)	(12.0, 0.01180140317633676)	(13.0, 0.016725520477017725)	(14.0, 0.02404020948888066)	(15.0, 0.034850084780278796)	(16.0, 0.05187165003923543)	(17.0, 0.0785164881757614)	(18.0, 0.11838115960345283)	(19.0, 0.17656587374430768)	(20.0, 0.25967368126670143)	(21.0, 0.3738783073230461)	(22.0, 0.5257577619589612)	(23.0, 0.7192922925496279)	(24.0, 0.9557832037163385)	(25.0, 1.2391638926368598)	(26.0, 1.5499220598500287)	(27.0, 1.876619795090484)	(28.0, 2.221083852176383)	(29.0, 2.5647789198150632)	(30.0, 2.891563085592128)	(31.0, 3.194320773834727)	(32.0, 3.4783198045849186)	(33.0, 3.7402273517300704)	(34.0, 3.9592637371927517)	(35.0, 4.120769291873321)	(36.0, 4.209142092270688)	(37.0, 4.21540951781793)	(38.0, 4.161981310357695)	(39.0, 4.070777304064841)	(40.0, 3.9637003701117126)	(41.0, 3.8458143686292114)	(42.0, 3.704582832998804)	(43.0, 3.541156420224235)	(44.0, 3.3566058188688332)	(45.0, 3.1567311641487295)	(46.0, 2.9505527345902878)	(47.0, 2.736712278349495)	(48.0, 2.522948963382031)	(49.0, 2.3132652505187488)	(50.0, 2.110920055647049)	(51.0, 1.9074326852728616)	(52.0, 1.7003798533230177)	(53.0, 1.5063130075582778)	(54.0, 1.325953479466423)	(55.0, 1.1673671767419982)	(56.0, 1.0284781509823218)	(57.0, 0.8975968740514351)	(58.0, 0.7870788738744059)	(59.0, 0.7024367223866835)	(60.0, 0.6255046594217629)	(61.0, 0.5426714909876618)	(62.0, 0.45398487504381907)	(63.0, 0.3739679689077534)	(64.0, 0.3108813509218883)	(65.0, 0.2593174582139454)	(66.0, 0.21726011677104753)	(67.0, 0.18367741060703657)	(68.0, 0.15567270510245015)	(69.0, 0.12744424951710775)	(70.0, 0.10262778072278836)	(71.0, 0.08833160453412334)	(72.0, 0.0784025937303224)	(73.0, 0.06737664209739998)	(74.0, 0.05460955942090507)	(75.0, 0.0455020425959087)	(76.0, 0.040150215303313266)	(77.0, 0.034910666932108037)	(78.0, 0.029672734084951587)	(79.0, 0.025232062355867994)	(80.0, 0.020675880657296638)	(81.0, 0.016028825730981414)	(82.0, 0.012711347096812008)	(83.0, 0.009253721751410947)	(84.0, 0.0063203339598389445)	(85.0, 0.004122817372486162)	(86.0, 0.0023097955087429817)	(87.0, 0.002504062275608758)	(88.0, 0.002672076776681862)	(89.0, 0.0018732001345602288)	(90.0, 0.0008727868673533108)	(91.0, 0.0002944292578901266)	(92.0, 0.00011631773151214878)	(93.0, 0.00011106727835361427)	(94.0, 0.00012681863782921775)	(95.0, 0.00014943597451213557)	(96.0, 0.00016801450107310377)	(97.0, 0.0002088064833047948)	(98.0, 0.00024192472630478164)	(99.0, 0.00020557543520723513)	(100.0, 0.00013166520997555728)
trimmed_fastp | fastqc_results | Control_MNP_I_S54_L002_R2_filtered	(0.0, 0.0006429920650255613)	(1.0, 0.0006761110030482348)	(2.0, 0.000787180612270615)	(3.0, 0.0009903370247755505)	(4.0, 0.0013098136098479243)	(5.0, 0.0017383403567022716)	(6.0, 0.002218161068542954)	(7.0, 0.0028421703276286904)	(8.0, 0.0036220809291138407)	(9.0, 0.004600705158735031)	(10.0, 0.005973929418211733)	(11.0, 0.00818441658648114)	(12.0, 0.011470865350999351)	(13.0, 0.01641568435357972)	(14.0, 0.023611379473237635)	(15.0, 0.034249828589301264)	(16.0, 0.05121480264667166)	(17.0, 0.07776447814570135)	(18.0, 0.11794703942543004)	(19.0, 0.17656917528351426)	(20.0, 0.2596690335667707)	(21.0, 0.3743267970012659)	(22.0, 0.5269897534852431)	(23.0, 0.7212436338938888)	(24.0, 0.9587859857456091)	(25.0, 1.2420272215052734)	(26.0, 1.5537236833687356)	(27.0, 1.8820559493567819)	(28.0, 2.229223197732015)	(29.0, 2.575175950416588)	(30.0, 2.9018288439131914)	(31.0, 3.205731450325147)	(32.0, 3.4897901584086886)	(33.0, 3.749283096158656)	(34.0, 3.9700087013951313)	(35.0, 4.132784646771178)	(36.0, 4.216718536847322)	(37.0, 4.223436834592068)	(38.0, 4.169245770307725)	(39.0, 4.077331023947092)	(40.0, 3.969850780605291)	(41.0, 3.8492295888792745)	(42.0, 3.7053003386855696)	(43.0, 3.538189043544457)	(44.0, 3.351040387010139)	(45.0, 3.1503242747921907)	(46.0, 2.945409731345637)	(47.0, 2.732435573164419)	(48.0, 2.5165166567256003)	(49.0, 2.30204204909616)	(50.0, 2.099062136297516)	(51.0, 1.8974788733486574)	(52.0, 1.690134530741806)	(53.0, 1.4964711367647354)	(54.0, 1.3184467476556638)	(55.0, 1.1595695475080665)	(56.0, 1.019471996887789)	(57.0, 0.8899030374428173)	(58.0, 0.781116211607073)	(59.0, 0.6960421415060748)	(60.0, 0.617898007241577)	(61.0, 0.5356959952903254)	(62.0, 0.4484683864388773)	(63.0, 0.37042805177281635)	(64.0, 0.3083256001959349)	(65.0, 0.2566834824708731)	(66.0, 0.21568708387266042)	(67.0, 0.1819659466232577)	(68.0, 0.15377809536056994)	(69.0, 0.12590002733524056)	(70.0, 0.10128619415258494)	(71.0, 0.08769369732069407)	(72.0, 0.07786019995437664)	(73.0, 0.06681664968176738)	(74.0, 0.05401375679907564)	(75.0, 0.044732780252453544)	(76.0, 0.0394034584572197)	(77.0, 0.03398083819023905)	(78.0, 0.029055809772574676)	(79.0, 0.02494663812083469)	(80.0, 0.02037299355780111)	(81.0, 0.015785212862684684)	(82.0, 0.0125892353434967)	(83.0, 0.009538254150529935)	(84.0, 0.006953765316297168)	(85.0, 0.004864848883940256)	(86.0, 0.00316608969706996)	(87.0, 0.0033753044518961156)	(88.0, 0.003471834039547566)	(89.0, 0.002868019254865899)	(90.0, 0.0022839950551002196)	(91.0, 0.0020117735401333674)	(92.0, 0.0019855207234080775)	(93.0, 0.002044084699179878)	(94.0, 0.002132940386557782)	(95.0, 0.002239163321923186)	(96.0, 0.00248270868323626)	(97.0, 0.0029253715621734553)	(98.0, 0.003396710594764429)	(99.0, 0.00387006907479581)	(100.0, 0.006776861720517521)
trimmed_fastp | fastqc_results | Only_MNP_C1_S57_L002_R1_filtered	(0.0, 0.0007305062093691893)	(1.0, 0.0007367044438729279)	(2.0, 0.0008203806096733986)	(3.0, 0.0010324487759084543)	(4.0, 0.0013835344874416464)	(5.0, 0.0017970452750482055)	(6.0, 0.002346031759665051)	(7.0, 0.0030039300791333025)	(8.0, 0.0038163415301590373)	(9.0, 0.004799204430037583)	(10.0, 0.006185838034731098)	(11.0, 0.008429598925084464)	(12.0, 0.011849253447004231)	(13.0, 0.016805184663779206)	(14.0, 0.023906590480919684)	(15.0, 0.034647245413826674)	(16.0, 0.0514683683949012)	(17.0, 0.07799282749157849)	(18.0, 0.11808522191693949)	(19.0, 0.17638050288667276)	(20.0, 0.258457966916215)	(21.0, 0.3716368434924094)	(22.0, 0.5221910741261475)	(23.0, 0.7142323019485877)	(24.0, 0.9487633127562279)	(25.0, 1.2281106581431496)	(26.0, 1.537087335382086)	(27.0, 1.8642894784482296)	(28.0, 2.205963170887495)	(29.0, 2.5454449019676164)	(30.0, 2.8710762353180983)	(31.0, 3.1772212048508974)	(32.0, 3.467011247183511)	(33.0, 3.739279323305092)	(34.0, 3.9752191042692244)	(35.0, 4.146885849815804)	(36.0, 4.233698322275167)	(37.0, 4.231725512778834)	(38.0, 4.160973108649694)	(39.0, 4.055166146553624)	(40.0, 3.9435266457895373)	(41.0, 3.8246095322559888)	(42.0, 3.6825601648234523)	(43.0, 3.516853464483253)	(44.0, 3.337069688122992)	(45.0, 3.147237245439062)	(46.0, 2.9475345570389653)	(47.0, 2.738804140084173)	(48.0, 2.5282943870957717)	(49.0, 2.3199610998802545)	(50.0, 2.1212217942144527)	(51.0, 1.9219538676916896)	(52.0, 1.7148504872941284)	(53.0, 1.5181304778834375)	(54.0, 1.3352041966297807)	(55.0, 1.1732708929092508)	(56.0, 1.0330384936483814)	(57.0, 0.903307674560989)	(58.0, 0.7939787870736882)	(59.0, 0.7111628476761291)	(60.0, 0.6352229639983961)	(61.0, 0.5514697629976645)	(62.0, 0.4622833667233702)	(63.0, 0.381438023166964)	(64.0, 0.3165035475816548)	(65.0, 0.2643467324258026)	(66.0, 0.22238822668378028)	(67.0, 0.18736775900662136)	(68.0, 0.15848664260541548)	(69.0, 0.13014742899225074)	(70.0, 0.10525044918384083)	(71.0, 0.09145185098541081)	(72.0, 0.08164447307635246)	(73.0, 0.0702937347758632)	(74.0, 0.0569954226480921)	(75.0, 0.04765424051992208)	(76.0, 0.042118331646011566)	(77.0, 0.03661784125497956)	(78.0, 0.03170883952801861)	(79.0, 0.027235927871499265)	(80.0, 0.02226228741328504)	(81.0, 0.01712395100968576)	(82.0, 0.013435116017889345)	(83.0, 0.009904778736974245)	(84.0, 0.00688358214743767)	(85.0, 0.004493720015210467)	(86.0, 0.002454058132444495)	(87.0, 0.00269269016083843)	(88.0, 0.0028139984646973135)	(89.0, 0.001936948282418305)	(90.0, 0.0009111404720495706)	(91.0, 0.0002705086629845907)	(92.0, 8.500435890841476e-05)	(93.0, 9.341624859205996e-05)	(94.0, 0.00010315633138364916)	(95.0, 0.00010492725552757448)	(96.0, 0.00011511006935514497)	(97.0, 0.0001186519176429956)	(98.0, 0.0001337047728663607)	(99.0, 0.00013060565561449143)	(100.0, 8.677528305234005e-05)
trimmed_fastp | fastqc_results | Only_MNP_C1_S57_L002_R2_filtered	(0.0, 0.0006092162706736556)	(1.0, 0.0006269260459839364)	(2.0, 0.0007535509394524432)	(3.0, 0.001005472493241186)	(4.0, 0.0013370880359261919)	(5.0, 0.0016970392191076468)	(6.0, 0.0021743176637197114)	(7.0, 0.002784862167541638)	(8.0, 0.0035485962277974925)	(9.0, 0.004578862406473072)	(10.0, 0.006043460824633284)	(11.0, 0.008193870291684117)	(12.0, 0.011385614546979454)	(13.0, 0.01617920797908968)	(14.0, 0.023289682766167375)	(15.0, 0.034174996160631396)	(16.0, 0.05113431974213894)	(17.0, 0.07770739485083235)	(18.0, 0.11752206895902263)	(19.0, 0.17543746166746804)	(20.0, 0.2585494371986153)	(21.0, 0.3718388698584809)	(22.0, 0.5231954645477948)	(23.0, 0.7165286541663015)	(24.0, 0.9519190181916628)	(25.0, 1.233565987094329)	(26.0, 1.5430505090628426)	(27.0, 1.8696842919530665)	(28.0, 2.2128266846431512)	(29.0, 2.5545584937297723)	(30.0, 2.8789161277482425)	(31.0, 3.185032250452741)	(32.0, 3.4764647557031023)	(33.0, 3.7485542016151925)	(34.0, 3.986196363571256)	(35.0, 4.157890421482514)	(36.0, 4.2426498488619)	(37.0, 4.238389762411011)	(38.0, 4.16699678794706)	(39.0, 4.061338054724011)	(40.0, 3.9458619075577093)	(41.0, 3.8231508744327742)	(42.0, 3.679307651918847)	(43.0, 3.514741335825595)	(44.0, 3.335401525168506)	(45.0, 3.141649942108294)	(46.0, 2.9407073047833427)	(47.0, 2.732842359033985)	(48.0, 2.5214071225820747)	(49.0, 2.312106799543819)	(50.0, 2.1118898202622067)	(51.0, 1.9122652329647227)	(52.0, 1.706246088547079)	(53.0, 1.5085815306320605)	(54.0, 1.3256364524661814)	(55.0, 1.165551152270813)	(56.0, 1.0264244856663962)	(57.0, 0.8975247715592839)	(58.0, 0.7890625809046181)	(59.0, 0.7057836907411714)	(60.0, 0.6288843043888706)	(61.0, 0.5462434088809768)	(62.0, 0.4582674435608609)	(63.0, 0.3782777014169162)	(64.0, 0.3145043577802127)	(65.0, 0.26221934538728825)	(66.0, 0.21982391427200731)	(67.0, 0.18606465508678474)	(68.0, 0.15801856941665873)	(69.0, 0.1297635083978714)	(70.0, 0.1046891230248105)	(71.0, 0.09033756385774178)	(72.0, 0.08067068300462507)	(73.0, 0.06990800980418474)	(74.0, 0.05695153818718339)	(75.0, 0.04750204482600037)	(76.0, 0.04201688466802369)	(77.0, 0.03626342141409625)	(78.0, 0.03107224352627022)	(79.0, 0.026573075108693413)	(80.0, 0.021621421931938934)	(81.0, 0.016915491887614598)	(82.0, 0.013505031907237293)	(83.0, 0.010095900160008262)	(84.0, 0.007274732953080549)	(85.0, 0.005110155665781492)	(86.0, 0.0031988281654194493)	(87.0, 0.0033413918566672085)	(88.0, 0.0034910394580390807)	(89.0, 0.00283799149347248)	(90.0, 0.00214332555692672)	(91.0, 0.0017483975675074608)	(92.0, 0.0017280313259006382)	(93.0, 0.0018108245254762003)	(94.0, 0.001962685848761857)	(95.0, 0.002158378865940459)	(96.0, 0.0023779800797879393)	(97.0, 0.0028140832968036014)	(98.0, 0.0032019273760987483)	(99.0, 0.0035910996885421664)	(100.0, 0.006546861187828013)
trimmed_fastp | fastqc_results | Only_MNP_C2_S58_L002_R1_filtered	(0.0, 0.0006873041981984761)	(1.0, 0.0006956049735390374)	(2.0, 0.0008242669913177376)	(3.0, 0.0010450676153766685)	(4.0, 0.0013268789381887247)	(5.0, 0.0017585192558979127)	(6.0, 0.002305540350840903)	(7.0, 0.002931003772752197)	(8.0, 0.003686789367510304)	(9.0, 0.004779171402328171)	(10.0, 0.006254219180345915)	(11.0, 0.008512445111745618)	(12.0, 0.011855582380156684)	(13.0, 0.01659574013838422)	(14.0, 0.02364475855758888)	(15.0, 0.034419164949637454)	(16.0, 0.051478503390792026)	(17.0, 0.0776284359461623)	(18.0, 0.1172330952510484)	(19.0, 0.1747421119267582)	(20.0, 0.25638231259501376)	(21.0, 0.3699203177032113)	(22.0, 0.5200639119857502)	(23.0, 0.7121135555363457)	(24.0, 0.9460468362615784)	(25.0, 1.2242033276911857)	(26.0, 1.533698151302781)	(27.0, 1.8610603938349346)	(28.0, 2.203756658653707)	(29.0, 2.54532443306493)	(30.0, 2.8703769848585723)	(31.0, 3.174756455666547)	(32.0, 3.463200097975711)	(33.0, 3.730845732630333)	(34.0, 3.9635546489928326)	(35.0, 4.13581109374386)	(36.0, 4.222819405824857)	(37.0, 4.224007246776091)	(38.0, 4.160876945039753)	(39.0, 4.064393712946273)	(40.0, 3.9568621488745057)	(41.0, 3.836328250309283)	(42.0, 3.6948249330787344)	(43.0, 3.533239135027998)	(44.0, 3.35414824690032)	(45.0, 3.1612955033355252)	(46.0, 2.961707925698166)	(47.0, 2.757712636354969)	(48.0, 2.5485169112609096)	(49.0, 2.337827461644317)	(50.0, 2.1358583915617504)	(51.0, 1.932750040063692)	(52.0, 1.7237236507865807)	(53.0, 1.5251242804535152)	(54.0, 1.3426437707155185)	(55.0, 1.1803192036594732)	(56.0, 1.0366668156932533)	(57.0, 0.9035912756659766)	(58.0, 0.7895593744250158)	(59.0, 0.7007182511488231)	(60.0, 0.622514156432793)	(61.0, 0.5403003721885046)	(62.0, 0.45233124536183805)	(63.0, 0.37379345947711723)	(64.0, 0.3116982644257473)	(65.0, 0.2611075289576283)	(66.0, 0.21890763224251572)	(67.0, 0.18331681285355805)	(68.0, 0.153902185356745)	(69.0, 0.12539068221698502)	(70.0, 0.10051284348255576)	(71.0, 0.08581798089716008)	(72.0, 0.07534115730107063)	(73.0, 0.06397324547217192)	(74.0, 0.05197737998875975)	(75.0, 0.04356537425863493)	(76.0, 0.03789677477856561)	(77.0, 0.03265317499593303)	(78.0, 0.028250443755299316)	(79.0, 0.023986335462852976)	(80.0, 0.019183506850804204)	(81.0, 0.014688637003890259)	(82.0, 0.011617765166649602)	(83.0, 0.008551458755846257)	(84.0, 0.005834199948113513)	(85.0, 0.0037552707640699343)	(86.0, 0.0020976059285598416)	(87.0, 0.0022789778697511064)	(88.0, 0.0023599104293215794)	(89.0, 0.0015875232838823499)	(90.0, 0.0007470697806505175)	(91.0, 0.00023449690337085688)	(92.0, 8.508294724075339e-05)	(93.0, 8.300775340561306e-05)	(94.0, 7.595209436613595e-05)	(95.0, 8.342279217264111e-05)	(96.0, 8.923333491103404e-05)	(97.0, 9.711907148456726e-05)	(98.0, 0.00011372062216568989)	(99.0, 0.00010334465298998826)	(100.0, 6.101069875312559e-05)
trimmed_fastp | fastqc_results | Only_MNP_C2_S58_L002_R2_filtered	(0.0, 0.000587703223966813)	(1.0, 0.0006238121084901978)	(2.0, 0.0007445901015511742)	(3.0, 0.0009633186319399527)	(4.0, 0.0012733569852614282)	(5.0, 0.0016705547150186598)	(6.0, 0.002220488875863312)	(7.0, 0.0027588017865165303)	(8.0, 0.0034523413961553323)	(9.0, 0.00453228757465932)	(10.0, 0.0059899243843849195)	(11.0, 0.008153552143240143)	(12.0, 0.011380939339261285)	(13.0, 0.016148557230297147)	(14.0, 0.0230752373890416)	(15.0, 0.03387635935268026)	(16.0, 0.05053127105560418)	(17.0, 0.07695176832118004)	(18.0, 0.11684710518372382)	(19.0, 0.17472591167286222)	(20.0, 0.256882339901206)	(21.0, 0.3699048086379989)	(22.0, 0.5203219702229287)	(23.0, 0.7128902363414896)	(24.0, 0.9481591261098767)	(25.0, 1.2282665345186639)	(26.0, 1.5385344075314202)	(27.0, 1.8665379685149037)	(28.0, 2.2104198926617338)	(29.0, 2.5528682525885205)	(30.0, 2.8788712983604787)	(31.0, 3.1857129777900104)	(32.0, 3.4764654513741515)	(33.0, 3.744253504490719)	(34.0, 3.9726870239232936)	(35.0, 4.142755304537289)	(36.0, 4.2335396809434735)	(37.0, 4.233659213802586)	(38.0, 4.168271419511182)	(39.0, 4.071030193489706)	(40.0, 3.9587473343186685)	(41.0, 3.8366162956996894)	(42.0, 3.695818623960719)	(43.0, 3.53172574116837)	(44.0, 3.3496842524999995)	(45.0, 3.1585615868963233)	(46.0, 2.959291594819152)	(47.0, 2.7518277912677207)	(48.0, 2.540255875773617)	(49.0, 2.3285569566167066)	(50.0, 2.1264534547160743)	(51.0, 1.9226013697062803)	(52.0, 1.7147631958808245)	(53.0, 1.5169076759698108)	(54.0, 1.3338314809897536)	(55.0, 1.17194165519798)	(56.0, 1.0288068670365824)	(57.0, 0.8967002302622061)	(58.0, 0.7825546507033411)	(59.0, 0.6940459641114295)	(60.0, 0.6157369997857498)	(61.0, 0.5336635804873449)	(62.0, 0.44864043886356414)	(63.0, 0.37166003246155516)	(64.0, 0.3094099757218387)	(65.0, 0.2581229083591416)	(66.0, 0.21609631722041878)	(67.0, 0.18157829883931145)	(68.0, 0.15300454993112272)	(69.0, 0.12465949062491542)	(70.0, 0.09979292052779418)	(71.0, 0.0852306639486278)	(72.0, 0.07490310793029008)	(73.0, 0.06395256989276155)	(74.0, 0.051650646475829114)	(75.0, 0.04250928806631706)	(76.0, 0.037107066905898954)	(77.0, 0.03220289932511374)	(78.0, 0.02767268697370289)	(79.0, 0.023461228913257092)	(80.0, 0.01898206705375861)	(81.0, 0.014643190285856733)	(82.0, 0.011624570548631709)	(83.0, 0.00873751996535971)	(84.0, 0.00629539724655976)	(85.0, 0.004335141366054634)	(86.0, 0.002739294687980908)	(87.0, 0.0028795797795775064)	(88.0, 0.002897011654864658)	(89.0, 0.00231594914529295)	(90.0, 0.001805444226169235)	(91.0, 0.0015389855610656376)	(92.0, 0.0015178182839312396)	(93.0, 0.00159626172272342)	(94.0, 0.001654367973680591)	(95.0, 0.0017548087789065576)	(96.0, 0.0019685567734990072)	(97.0, 0.002332135886631019)	(98.0, 0.002710656607152017)	(99.0, 0.003049748085952078)	(100.0, 0.005333738793218584)
trimmed_fastp | fastqc_results | Only_MNP_C3_S59_L002_R1_filtered	(0.0, 0.0006858415287615308)	(1.0, 0.0007230355568409703)	(2.0, 0.0008427921527450993)	(3.0, 0.0010132307209772557)	(4.0, 0.001336532657360075)	(5.0, 0.0018110630595603954)	(6.0, 0.002365703676085662)	(7.0, 0.0029048127204458875)	(8.0, 0.003599646212039811)	(9.0, 0.004784541677999094)	(10.0, 0.006354047917834779)	(11.0, 0.008536233807022987)	(12.0, 0.011876339273673302)	(13.0, 0.01665475006792304)	(14.0, 0.023679107942354307)	(15.0, 0.03452137149030254)	(16.0, 0.05141113876861764)	(17.0, 0.07782543831435226)	(18.0, 0.11757277511260768)	(19.0, 0.17514708695166342)	(20.0, 0.25708266973158533)	(21.0, 0.36944705473632167)	(22.0, 0.5205610773905012)	(23.0, 0.7128562461891192)	(24.0, 0.94626471268535)	(25.0, 1.226395418058689)	(26.0, 1.5360058648524417)	(27.0, 1.8617740514048364)	(28.0, 2.2051885562902167)	(29.0, 2.545858468883801)	(30.0, 2.8687680287066613)	(31.0, 3.1764836236962792)	(32.0, 3.468672142502273)	(33.0, 3.7400708345141926)	(34.0, 3.9775804535131605)	(35.0, 4.153206158122858)	(36.0, 4.239474232085659)	(37.0, 4.233595123295608)	(38.0, 4.159589634282688)	(39.0, 4.052464293804571)	(40.0, 3.939231775660925)	(41.0, 3.8169488469264774)	(42.0, 3.6756736665132674)	(43.0, 3.514606358454797)	(44.0, 3.336232383023055)	(45.0, 3.1455901004832634)	(46.0, 2.9472188171634484)	(47.0, 2.7413515066460845)	(48.0, 2.530013404196376)	(49.0, 2.3219867964224887)	(50.0, 2.1242429068730244)	(51.0, 1.923274581196981)	(52.0, 1.7155716840850592)	(53.0, 1.518314995430877)	(54.0, 1.3361210706977016)	(55.0, 1.1760575926717924)	(56.0, 1.0364937462758204)	(57.0, 0.9057538764975077)	(58.0, 0.7965963524192691)	(59.0, 0.7142512266048899)	(60.0, 0.6389030740508617)	(61.0, 0.5553309540354444)	(62.0, 0.4630979389101004)	(63.0, 0.3807895983982175)	(64.0, 0.31655592063060894)	(65.0, 0.26415525722484495)	(66.0, 0.22197518575484418)	(67.0, 0.18773133893559593)	(68.0, 0.1588373012760376)	(69.0, 0.1302436769201978)	(70.0, 0.10525582966014718)	(71.0, 0.09073503586258405)	(72.0, 0.08102657708268379)	(73.0, 0.0700571998783322)	(74.0, 0.05714147144635105)	(75.0, 0.047643506341845415)	(76.0, 0.041676930276970066)	(77.0, 0.03612234960005159)	(78.0, 0.031056604720748605)	(79.0, 0.026707355788953942)	(80.0, 0.021809597124383365)	(81.0, 0.01679289931507524)	(82.0, 0.013189983298369108)	(83.0, 0.009618130425993054)	(84.0, 0.006681437110050504)	(85.0, 0.004309193824632193)	(86.0, 0.002434369574078473)	(87.0, 0.0026779700217196365)	(88.0, 0.0027568540592947115)	(89.0, 0.0019344981857141392)	(90.0, 0.0009253547205697889)	(91.0, 0.00028610790830337996)	(92.0, 0.00010013776790618298)	(93.0, 9.44156097401154e-05)	(94.0, 9.809413998973028e-05)	(95.0, 9.972904232289244e-05)	(96.0, 0.00011280826098818982)	(97.0, 0.00012997473548639261)	(98.0, 0.0001459150332347238)	(99.0, 0.0001422365029851089)	(100.0, 0.00010136394465605462)
trimmed_fastp | fastqc_results | Only_MNP_C3_S59_L002_R2_filtered	(0.0, 0.0006294518261409095)	(1.0, 0.0006486623688867685)	(2.0, 0.0007537072515609333)	(3.0, 0.000992817198504071)	(4.0, 0.001306316906718407)	(5.0, 0.0016692735441295287)	(6.0, 0.002174469944850415)	(7.0, 0.002757734721410855)	(8.0, 0.003492640165177969)	(9.0, 0.0045459501365838935)	(10.0, 0.006011673674597725)	(11.0, 0.008142817714531948)	(12.0, 0.011311739797694592)	(13.0, 0.016086581507420636)	(14.0, 0.02306368713873578)	(15.0, 0.03378194378606894)	(16.0, 0.05053517200026608)	(17.0, 0.07672690772696056)	(18.0, 0.11650049717497729)	(19.0, 0.1742118287282018)	(20.0, 0.2564092450532597)	(21.0, 0.36926464392594827)	(22.0, 0.5200559599022837)	(23.0, 0.7130340364834774)	(24.0, 0.9488835047141956)	(25.0, 1.2285902332987577)	(26.0, 1.5380679895850247)	(27.0, 1.8655652349669074)	(28.0, 2.209982472423419)	(29.0, 2.553747368896476)	(30.0, 2.877472399405985)	(31.0, 3.181969720301651)	(32.0, 3.474278564927496)	(33.0, 3.7491965548139627)	(34.0, 3.986940100812432)	(35.0, 4.161176862372709)	(36.0, 4.24828073306205)	(37.0, 4.240587932529713)	(38.0, 4.16564229172374)	(39.0, 4.059323382204068)	(40.0, 3.9431425157615863)	(41.0, 3.8219615946508037)	(42.0, 3.678985290957465)	(43.0, 3.513284550135583)	(44.0, 3.3347932664595263)	(45.0, 3.142887710392485)	(46.0, 2.9438378760987436)	(47.0, 2.7361289918460443)	(48.0, 2.5245702330800848)	(49.0, 2.3152615602251023)	(50.0, 2.113038716498678)	(51.0, 1.9136414574957035)	(52.0, 1.7096422516677152)	(53.0, 1.5123687794755378)	(54.0, 1.3302540604496513)	(55.0, 1.1696441134554219)	(56.0, 1.0298326444957249)	(57.0, 0.90021216409523)	(58.0, 0.7907934086992899)	(59.0, 0.7085019833352629)	(60.0, 0.6324200593626208)	(61.0, 0.5491836387894783)	(62.0, 0.4590232481287858)	(63.0, 0.3786328490266948)	(64.0, 0.31596192756542235)	(65.0, 0.26307530338607277)	(66.0, 0.22007352528684762)	(67.0, 0.185829711004974)	(68.0, 0.15750192641892083)	(69.0, 0.1293151553913213)	(70.0, 0.10417141608165625)	(71.0, 0.09022088343359431)	(72.0, 0.08054776205862628)	(73.0, 0.06940401232621995)	(74.0, 0.05667600591970831)	(75.0, 0.04707563936620332)	(76.0, 0.04129163105989163)	(77.0, 0.035821122461794266)	(78.0, 0.03072378887490902)	(79.0, 0.025995134214763446)	(80.0, 0.0210424928009002)	(81.0, 0.016369017359279963)	(82.0, 0.013211948589726468)	(83.0, 0.010045070181324021)	(84.0, 0.007149183046123798)	(85.0, 0.004778111589342359)	(86.0, 0.0029294034012674664)	(87.0, 0.0031922199754288987)	(88.0, 0.0032633398570837803)	(89.0, 0.002568899173568582)	(90.0, 0.001846255778362655)	(91.0, 0.001524990106059567)	(92.0, 0.001546244323565624)	(93.0, 0.00161368559065215)	(94.0, 0.0016762220383142012)	(95.0, 0.0017865804753648803)	(96.0, 0.001974598553303074)	(97.0, 0.0023069000693112292)	(98.0, 0.0026498286940724136)	(99.0, 0.003012376596531496)	(100.0, 0.00597161764929785)
trimmed_fastp | fastqc_results | Only_MNP_C4_S60_L002_R1_filtered	(0.0, 0.0007208019707573883)	(1.0, 0.0007220490329905325)	(2.0, 0.0008213983242310261)	(3.0, 0.0010313204668103116)	(4.0, 0.0012890466616601274)	(5.0, 0.0017201145069169971)	(6.0, 0.002291269009697073)	(7.0, 0.0028578509509556197)	(8.0, 0.003634355034793452)	(9.0, 0.004832366153434048)	(10.0, 0.00629683290255647)	(11.0, 0.008450509379196624)	(12.0, 0.011736102676120729)	(13.0, 0.016585096325996702)	(14.0, 0.023608966510476278)	(15.0, 0.0343889881411864)	(16.0, 0.05136524632097935)	(17.0, 0.07730621920743541)	(18.0, 0.11718602236115604)	(19.0, 0.17526171055868472)	(20.0, 0.25692474952131517)	(21.0, 0.36981090130258976)	(22.0, 0.5199995942890868)	(23.0, 0.7111260148904219)	(24.0, 0.9458148134199527)	(25.0, 1.2259972735894085)	(26.0, 1.5338620212102008)	(27.0, 1.8600552581589256)	(28.0, 2.202472774760857)	(29.0, 2.5418279222055977)	(30.0, 2.8667878146057424)	(31.0, 3.172930784969974)	(32.0, 3.4614149384254707)	(33.0, 3.727603697589404)	(34.0, 3.9574401769697705)	(35.0, 4.127144562530153)	(36.0, 4.213397621885576)	(37.0, 4.2160181153248235)	(38.0, 4.156114233893506)	(39.0, 4.0599154375413455)	(40.0, 3.950629554427158)	(41.0, 3.832980456290094)	(42.0, 3.691608077604516)	(43.0, 3.528939617163534)	(44.0, 3.350705741615855)	(45.0, 3.1578808222529773)	(46.0, 2.956809911717139)	(47.0, 2.7479249092284186)	(48.0, 2.5357568075672403)	(49.0, 2.3232046107382534)	(50.0, 2.1206505275197953)	(51.0, 1.91966815840251)	(52.0, 1.7149441868983806)	(53.0, 1.51841757114012)	(54.0, 1.3357952835940068)	(55.0, 1.1751628600923376)	(56.0, 1.0345960836093706)	(57.0, 0.9048696034317157)	(58.0, 0.7953833589854034)	(59.0, 0.7131512439570482)	(60.0, 0.6391908927211388)	(61.0, 0.5565227215985941)	(62.0, 0.4644080540599815)	(63.0, 0.38216554684635)	(64.0, 0.31799297139097904)	(65.0, 0.2656375576568831)	(66.0, 0.22312437475417285)	(67.0, 0.18908664247532211)	(68.0, 0.16086022020292362)	(69.0, 0.13234822067913513)	(70.0, 0.10713345369978008)	(71.0, 0.09240149185223576)	(72.0, 0.08277458709977303)	(73.0, 0.07154562306513099)	(74.0, 0.05839077925510312)	(75.0, 0.04903407131982167)	(76.0, 0.04346178157472201)	(77.0, 0.03796057437691159)	(78.0, 0.03249179079716292)	(79.0, 0.027767503370601375)	(80.0, 0.02274184257102996)	(81.0, 0.017525381249787482)	(82.0, 0.01387107321926372)	(83.0, 0.010145682641450736)	(84.0, 0.006981470068552674)	(85.0, 0.004536396716767808)	(86.0, 0.0025435912682032634)	(87.0, 0.00280547433716356)	(88.0, 0.0028753098222196395)	(89.0, 0.0019142405278764552)	(90.0, 0.0008750220002562298)	(91.0, 0.0002735223164696433)	(92.0, 7.814923327704095e-05)	(93.0, 7.066685987817533e-05)	(94.0, 6.983548505607914e-05)	(95.0, 7.60707962218005e-05)	(96.0, 8.978848078638747e-05)	(97.0, 0.00010309047793992637)	(98.0, 0.00012470622331442704)	(99.0, 0.00010392185276202253)	(100.0, 5.1545238969963184e-05)
trimmed_fastp | fastqc_results | Only_MNP_C4_S60_L002_R2_filtered	(0.0, 0.0005794866185045666)	(1.0, 0.0006264607848539325)	(2.0, 0.000772787391535143)	(3.0, 0.0010022541156488596)	(4.0, 0.0012658082879099034)	(5.0, 0.001629546301677117)	(6.0, 0.0021163316892444392)	(7.0, 0.002720760342978758)	(8.0, 0.0034602916875408982)	(9.0, 0.0045228223883283245)	(10.0, 0.005941192791726876)	(11.0, 0.008026346936934126)	(12.0, 0.011293753552031612)	(13.0, 0.016138328194823734)	(14.0, 0.023143714489686686)	(15.0, 0.03360357266387026)	(16.0, 0.05031806187250126)	(17.0, 0.07680858178943348)	(18.0, 0.11681103359149655)	(19.0, 0.17464122077461192)	(20.0, 0.25675372635565213)	(21.0, 0.36974821285640946)	(22.0, 0.5209696939514588)	(23.0, 0.713999014498618)	(24.0, 0.9492493808815268)	(25.0, 1.2295841387445605)	(26.0, 1.5397682772687997)	(27.0, 1.8671620044009807)	(28.0, 2.2108154442994365)	(29.0, 2.5532874631291764)	(30.0, 2.878447215305946)	(31.0, 3.1853988660644097)	(32.0, 3.474004818510216)	(33.0, 3.739701095896909)	(34.0, 3.969214378476387)	(35.0, 4.136147263263244)	(36.0, 4.222344027113156)	(37.0, 4.223438151058568)	(38.0, 4.160944218988076)	(39.0, 4.06360792650397)	(40.0, 3.9532764179645756)	(41.0, 3.831449541088376)	(42.0, 3.6862669424230368)	(43.0, 3.5235854275410907)	(44.0, 3.346534806163285)	(45.0, 3.1541290364968693)	(46.0, 2.951622989664166)	(47.0, 2.7406960960373112)	(48.0, 2.525995472480195)	(49.0, 2.314623363524489)	(50.0, 2.1128073796664757)	(51.0, 1.9121121245914519)	(52.0, 1.7064076774411203)	(53.0, 1.5094337740223756)	(54.0, 1.3266032516806618)	(55.0, 1.167251914202475)	(56.0, 1.0296907701021736)	(57.0, 0.8993910838584273)	(58.0, 0.7896112099981978)	(59.0, 0.7069092409845611)	(60.0, 0.6314990759703424)	(61.0, 0.5495291556906988)	(62.0, 0.4597611080964735)	(63.0, 0.37955209550405056)	(64.0, 0.3169014443121985)	(65.0, 0.26407421369558426)	(66.0, 0.22104047321193201)	(67.0, 0.18706651132489993)	(68.0, 0.15949475418075798)	(69.0, 0.1313584756392493)	(70.0, 0.10591552120196665)	(71.0, 0.09178253263961496)	(72.0, 0.08243010082963237)	(73.0, 0.0711546381034359)	(74.0, 0.057822704572546416)	(75.0, 0.04823498623022983)	(76.0, 0.04279304984368514)	(77.0, 0.037419704054022285)	(78.0, 0.032090422526598654)	(79.0, 0.027477808811443225)	(80.0, 0.022287786980719038)	(81.0, 0.017064924803609015)	(82.0, 0.013657011390050593)	(83.0, 0.010328081088053054)	(84.0, 0.007349586381033528)	(85.0, 0.004891133108554326)	(86.0, 0.0029065785054404087)	(87.0, 0.003151010450691976)	(88.0, 0.0032258365563812316)	(89.0, 0.002487968014167741)	(90.0, 0.0018465420081759576)	(91.0, 0.0015451590824831234)	(92.0, 0.0015081617302256584)	(93.0, 0.0016029414640987153)	(94.0, 0.001698552599146097)	(95.0, 0.0018103760570928173)	(96.0, 0.0020140693448024573)	(97.0, 0.002447229356625813)	(98.0, 0.0028949388889998578)	(99.0, 0.0032861131415197987)	(100.0, 0.006191028844611556)
trimmed_fastp | fastqc_results | Plasmid_Ko_P1_S61_L002_R1_filtered	(0.0, 0.0006902186755720823)	(1.0, 0.0007180046082526386)	(2.0, 0.0008182755827085597)	(3.0, 0.0010333145399754743)	(4.0, 0.0013490271663748397)	(5.0, 0.0017791050809086695)	(6.0, 0.002334018345166738)	(7.0, 0.002926382214342078)	(8.0, 0.00369915329860277)	(9.0, 0.004754616045787384)	(10.0, 0.006278010007099628)	(11.0, 0.008667600217627478)	(12.0, 0.0121174855114583)	(13.0, 0.017019085114179062)	(14.0, 0.02413832430054945)	(15.0, 0.03476865837158318)	(16.0, 0.051595658125057536)	(17.0, 0.07830196637783753)	(18.0, 0.11838538909026107)	(19.0, 0.17659208571990836)	(20.0, 0.2589854300112887)	(21.0, 0.3720749814105063)	(22.0, 0.5227532620010453)	(23.0, 0.7149018457699765)	(24.0, 0.9497751266346901)	(25.0, 1.2300993475552933)	(26.0, 1.5397276600869698)	(27.0, 1.8668752045210755)	(28.0, 2.2101313414057264)	(29.0, 2.550132497219987)	(30.0, 2.875813024947495)	(31.0, 3.180143486314745)	(32.0, 3.4695770635131296)	(33.0, 3.7405096391877044)	(34.0, 3.9695808951529763)	(35.0, 4.139079111451135)	(36.0, 4.227964296622853)	(37.0, 4.230412277561478)	(38.0, 4.166565439292354)	(39.0, 4.06824431246019)	(40.0, 3.9597837363676827)	(41.0, 3.8388303633251915)	(42.0, 3.6934922168401143)	(43.0, 3.529359101717361)	(44.0, 3.3499707041636295)	(45.0, 3.155901669482328)	(46.0, 2.953338595988983)	(47.0, 2.741848989601002)	(48.0, 2.52688050390248)	(49.0, 2.315089681896455)	(50.0, 2.1137701295642337)	(51.0, 1.9124324559715689)	(52.0, 1.7052706092722536)	(53.0, 1.509881541441287)	(54.0, 1.3300203803373096)	(55.0, 1.1706004037086617)	(56.0, 1.031701345101296)	(57.0, 0.9019982221271647)	(58.0, 0.7915080648649471)	(59.0, 0.7087535034487195)	(60.0, 0.633275232142709)	(61.0, 0.5484427661955875)	(62.0, 0.4571055731384803)	(63.0, 0.37691698220110065)	(64.0, 0.3143507130033417)	(65.0, 0.2617821445397882)	(66.0, 0.21911905972951473)	(67.0, 0.1849725646331701)	(68.0, 0.1564706408177437)	(69.0, 0.12818697751699645)	(70.0, 0.10320218900638137)	(71.0, 0.0883596686188459)	(72.0, 0.07787511002071594)	(73.0, 0.0671569885101987)	(74.0, 0.05489533830454273)	(75.0, 0.046050149734565615)	(76.0, 0.04040557845364737)	(77.0, 0.03454435743675609)	(78.0, 0.02956463506678854)	(79.0, 0.025435806548328475)	(80.0, 0.020720654580841012)	(81.0, 0.0158548948043314)	(82.0, 0.012552395762110488)	(83.0, 0.009183854792938687)	(84.0, 0.006243780959594595)	(85.0, 0.0040454707204184)	(86.0, 0.002272808754334208)	(87.0, 0.0024733507032460495)	(88.0, 0.0026142938400314807)	(89.0, 0.0018600467108911597)	(90.0, 0.0008851228990125068)	(91.0, 0.0002806781895412727)	(92.0, 0.00010228444783856996)	(93.0, 9.825750107327192e-05)	(94.0, 0.0001099356466926362)	(95.0, 0.0001236272656946495)	(96.0, 0.00012564073907729852)	(97.0, 0.000136916190020133)	(98.0, 0.00016752098543639803)	(99.0, 0.00017315871090781528)	(100.0, 0.00011798954022323226)
trimmed_fastp | fastqc_results | Plasmid_Ko_P1_S61_L002_R2_filtered	(0.0, 0.0005895581376931232)	(1.0, 0.0006237879476001693)	(2.0, 0.0007510422997251878)	(3.0, 0.0009950807091801282)	(4.0, 0.001345432881169894)	(5.0, 0.001751358156302864)	(6.0, 0.002218897089268517)	(7.0, 0.002796374117582683)	(8.0, 0.0035599002303327936)	(9.0, 0.0046290784103705275)	(10.0, 0.006036930356665035)	(11.0, 0.008270727480834267)	(12.0, 0.01172552205957013)	(13.0, 0.016452860159556177)	(14.0, 0.023407149421730045)	(15.0, 0.03442230224981748)	(16.0, 0.05121907132302798)	(17.0, 0.0776787143811746)	(18.0, 0.11785847065735726)	(19.0, 0.17628392372493334)	(20.0, 0.2588740117723001)	(21.0, 0.37155854598629584)	(22.0, 0.5225881186654566)	(23.0, 0.7160388961142424)	(24.0, 0.9513946122585262)	(25.0, 1.2312949894976097)	(26.0, 1.541280953423111)	(27.0, 1.8696539631197397)	(28.0, 2.213282192332824)	(29.0, 2.557046535378244)	(30.0, 2.884001625537429)	(31.0, 3.188731501475792)	(32.0, 3.47868819416192)	(33.0, 3.7489712029280615)	(34.0, 3.978772427683546)	(35.0, 4.148297373414599)	(36.0, 4.236211606365272)	(37.0, 4.237639190790219)	(38.0, 4.1738992577068394)	(39.0, 4.070338779999479)	(40.0, 3.9585981831316253)	(41.0, 3.8388143863429085)	(42.0, 3.69380805209645)	(43.0, 3.5284390079917585)	(44.0, 3.3464858223389267)	(45.0, 3.1517584743324307)	(46.0, 2.9502560401862157)	(47.0, 2.7395393439166695)	(48.0, 2.523733681673061)	(49.0, 2.3093040577877155)	(50.0, 2.1058871705085815)	(51.0, 1.9043875552878884)	(52.0, 1.698858487385667)	(53.0, 1.5040336850968474)	(54.0, 1.3234017701064273)	(55.0, 1.1647832472190514)	(56.0, 1.0257272620453755)	(57.0, 0.8952154401281442)	(58.0, 0.7860070437861204)	(59.0, 0.7040081246910307)	(60.0, 0.6268722548246173)	(61.0, 0.541958164036385)	(62.0, 0.45330698341359527)	(63.0, 0.3744862014924632)	(64.0, 0.3118984035401903)	(65.0, 0.2593548399255826)	(66.0, 0.21703068673463505)	(67.0, 0.18336506463558624)	(68.0, 0.15510453087268303)	(69.0, 0.12701393804837716)	(70.0, 0.10190415761150605)	(71.0, 0.08747085623646558)	(72.0, 0.07770126578534867)	(73.0, 0.06685484578492067)	(74.0, 0.05428042443965579)	(75.0, 0.04525301680805283)	(76.0, 0.03992887190474628)	(77.0, 0.03429665871227632)	(78.0, 0.02933092005387885)	(79.0, 0.0251528697269894)	(80.0, 0.020477480397332867)	(81.0, 0.015838737099459176)	(82.0, 0.012681943218737593)	(83.0, 0.009628644175029082)	(84.0, 0.00690435401007418)	(85.0, 0.004786938239588904)	(86.0, 0.003138269513007179)	(87.0, 0.003328748337548741)	(88.0, 0.0034177458433070607)	(89.0, 0.0028277850019679724)	(90.0, 0.002173391577274444)	(91.0, 0.001856463807899794)	(92.0, 0.0018524367714401416)	(93.0, 0.001970428939707959)	(94.0, 0.0020666751110936534)	(95.0, 0.0021476185439326684)	(96.0, 0.002374340696611103)	(97.0, 0.0027665740477812546)	(98.0, 0.003105247814038028)	(99.0, 0.0034970784615622145)	(100.0, 0.006367147346356538)
trimmed_fastp | fastqc_results | Plasmid_Ko_P2_S62_L002_R1_filtered	(0.0, 0.0006949194516375926)	(1.0, 0.0006981819842743887)	(2.0, 0.0007821921996718911)	(3.0, 0.0010297368634888035)	(4.0, 0.0013515041447928298)	(5.0, 0.0017552425585963607)	(6.0, 0.002265421099675368)	(7.0, 0.0028702130872214652)	(8.0, 0.003698080743808503)	(9.0, 0.004758403850767271)	(10.0, 0.006191879128059605)	(11.0, 0.008395312107635845)	(12.0, 0.011730843912180369)	(13.0, 0.016625458500533884)	(14.0, 0.02369332764157327)	(15.0, 0.034669710881494516)	(16.0, 0.051758856833033065)	(17.0, 0.07786768207557433)	(18.0, 0.11761674845598094)	(19.0, 0.17568656685831668)	(20.0, 0.2578554903989272)	(21.0, 0.3705250159277863)	(22.0, 0.5198319673347076)	(23.0, 0.7120147148378251)	(24.0, 0.9479300810708774)	(25.0, 1.2280160610403543)	(26.0, 1.5353674340721168)	(27.0, 1.8607067807968551)	(28.0, 2.2041217817791834)	(29.0, 2.542939874276266)	(30.0, 2.86460724051829)	(31.0, 3.170446429672898)	(32.0, 3.4581149433068683)	(33.0, 3.725886493838758)	(34.0, 3.95805524915503)	(35.0, 4.122756868625253)	(36.0, 4.20762880045545)	(37.0, 4.213167357422991)	(38.0, 4.151805643590127)	(39.0, 4.05327960485836)	(40.0, 3.9417111840944195)	(41.0, 3.8227894225837202)	(42.0, 3.6843870786987103)	(43.0, 3.521777558281832)	(44.0, 3.3438745083133923)	(45.0, 3.1527794076280666)	(46.0, 2.9555144499099795)	(47.0, 2.7523063811773887)	(48.0, 2.542227826528285)	(49.0, 2.3323331971565806)	(50.0, 2.132768153929552)	(51.0, 1.9310245545343034)	(52.0, 1.7230829587623013)	(53.0, 1.525683013756367)	(54.0, 1.3414115000809006)	(55.0, 1.1796172050066418)	(56.0, 1.0382280124926453)	(57.0, 0.9073433594359734)	(58.0, 0.797251642506763)	(59.0, 0.7150105354315632)	(60.0, 0.640849498247969)	(61.0, 0.5576671505070536)	(62.0, 0.46585988992418786)	(63.0, 0.3828141607374384)	(64.0, 0.31865115481930617)	(65.0, 0.2656745576795889)	(66.0, 0.22251165871135467)	(67.0, 0.18811314585529385)	(68.0, 0.15940734463386277)	(69.0, 0.13079167087652324)	(70.0, 0.10584226816978343)	(71.0, 0.09107237510642738)	(72.0, 0.08105762336120183)	(73.0, 0.07040708556838059)	(74.0, 0.05747685309559802)	(75.0, 0.04810074211402531)	(76.0, 0.042295065286846456)	(77.0, 0.036770374083011675)	(78.0, 0.031783185131089076)	(79.0, 0.02722787393696236)	(80.0, 0.022097949182179923)	(81.0, 0.01693009748549473)	(82.0, 0.013516264897667097)	(83.0, 0.009917283582701279)	(84.0, 0.006727342297073784)	(85.0, 0.004405642509413681)	(86.0, 0.0025598646701462256)	(87.0, 0.0027515384625580027)	(88.0, 0.0027348179827944227)	(89.0, 0.0017829740860091283)	(90.0, 0.0008229738576318439)	(91.0, 0.0002569244451477015)	(92.0, 7.544606722591233e-05)	(93.0, 7.911641644230808e-05)	(94.0, 7.177571800951661e-05)	(95.0, 7.503825064631281e-05)	(96.0, 8.768056461389812e-05)	(97.0, 0.00010073069516108296)	(98.0, 0.00012397624019825596)	(99.0, 0.00011704335834506401)	(100.0, 7.177571800951661e-05)
trimmed_fastp | fastqc_results | Plasmid_Ko_P2_S62_L002_R2_filtered	(0.0, 0.0005889021151700043)	(1.0, 0.0006186734824881555)	(2.0, 0.0007512172410963628)	(3.0, 0.000981639467599862)	(4.0, 0.0012895488145204664)	(5.0, 0.00167086701236254)	(6.0, 0.0021790193915189283)	(7.0, 0.00277199977618457)	(8.0, 0.0034555177436533563)	(9.0, 0.004487319926049555)	(10.0, 0.0059501951941346)	(11.0, 0.008141857221090005)	(12.0, 0.01146116076358908)	(13.0, 0.016364464178193622)	(14.0, 0.023308125821465433)	(15.0, 0.03410004256082046)	(16.0, 0.051172086496507126)	(17.0, 0.0776098763289245)	(18.0, 0.11706101629497045)	(19.0, 0.17532602909828973)	(20.0, 0.25923683179797363)	(21.0, 0.3730707134410464)	(22.0, 0.5238418897330543)	(23.0, 0.7181718390271141)	(24.0, 0.9541368416021335)	(25.0, 1.2346838549956598)	(26.0, 1.5454806167191757)	(27.0, 1.8729774842003764)	(28.0, 2.218346959919257)	(29.0, 2.5611087901226273)	(30.0, 2.8838189926967983)	(31.0, 3.1881419094229395)	(32.0, 3.4780995296776487)	(33.0, 3.746837505919608)	(34.0, 3.9738539695673003)	(35.0, 4.1379541540519)	(36.0, 4.222482406753223)	(37.0, 4.221979963951361)	(38.0, 4.1578972997125145)	(39.0, 4.057819421078226)	(40.0, 3.9452534734213467)	(41.0, 3.823544861209148)	(42.0, 3.6800786812377257)	(43.0, 3.5167651949388348)	(44.0, 3.3362817862363627)	(45.0, 3.1435183002555767)	(46.0, 2.945315218421511)	(47.0, 2.7394364255697057)	(48.0, 2.530999742090237)	(49.0, 2.3204170732021643)	(50.0, 2.1173478002059034)	(51.0, 1.9168266299905174)	(52.0, 1.7108988979047648)	(53.0, 1.5121330148803003)	(54.0, 1.327022401608078)	(55.0, 1.1672121488059397)	(56.0, 1.027998380437618)	(57.0, 0.8979297235863126)	(58.0, 0.7893135799359581)	(59.0, 0.7068835968901401)	(60.0, 0.6317100787579092)	(61.0, 0.5493535045630127)	(62.0, 0.4593901421048536)	(63.0, 0.37801357606975866)	(64.0, 0.31398841543080147)	(65.0, 0.26126210042950704)	(66.0, 0.21900347974266446)	(67.0, 0.184842670966359)	(68.0, 0.15673075150598256)	(69.0, 0.12865798343276427)	(70.0, 0.10327524191886821)	(71.0, 0.08904330485994326)	(72.0, 0.0799185846904047)	(73.0, 0.0693893085065687)	(74.0, 0.05631152171490906)	(75.0, 0.046805075520578866)	(76.0, 0.041411564112598734)	(77.0, 0.036048639725835885)	(78.0, 0.03073016847657548)	(79.0, 0.02621878676050167)	(80.0, 0.021336690347274437)	(81.0, 0.016302882308809503)	(82.0, 0.013182598317697521)	(83.0, 0.010065576942182046)	(84.0, 0.007215682218630807)	(85.0, 0.004958767879745209)	(86.0, 0.003090920450743395)	(87.0, 0.0032348833639393865)	(88.0, 0.003247118172426298)	(89.0, 0.0025415775496810712)	(90.0, 0.001853981312716648)	(91.0, 0.0015338371573091318)	(92.0, 0.0015077362325370538)	(93.0, 0.0016317156252044231)	(94.0, 0.001791991616382963)	(95.0, 0.001922088413293788)	(96.0, 0.0021790193915189283)	(97.0, 0.002625182074341633)	(98.0, 0.0030052767913350147)	(99.0, 0.003469791686888086)	(100.0, 0.006790318710235853)
trimmed_fastp | fastqc_results | Plasmid_Ko_P3_S63_L002_R1_filtered	(0.0, 0.0007030488208439222)	(1.0, 0.0007267266308723445)	(2.0, 0.0008533118460242942)	(3.0, 0.0010946433713139823)	(4.0, 0.0014161151766998693)	(5.0, 0.0018031563021644638)	(6.0, 0.0023782538803547963)	(7.0, 0.0030020731061036134)	(8.0, 0.0037533882320054733)	(9.0, 0.004863968590838586)	(10.0, 0.006365232815140666)	(11.0, 0.008668355182905277)	(12.0, 0.012166296272104119)	(13.0, 0.017106307060533982)	(14.0, 0.024275674731639916)	(15.0, 0.03540196873249564)	(16.0, 0.052317487285300605)	(17.0, 0.07866132765442309)	(18.0, 0.11908663485294861)	(19.0, 0.1772639247777832)	(20.0, 0.25988582150196043)	(21.0, 0.37378564993118296)	(22.0, 0.5252029683504406)	(23.0, 0.7177664011465889)	(24.0, 0.9520032349352608)	(25.0, 1.232353969781787)	(26.0, 1.541489180800365)	(27.0, 1.866993954713593)	(28.0, 2.2091569786668166)	(29.0, 2.550430263373973)	(30.0, 2.8760925857923896)	(31.0, 3.1801917087549225)	(32.0, 3.4698300645850972)	(33.0, 3.7383318768824)	(34.0, 3.9685457596787432)	(35.0, 4.140486275282637)	(36.0, 4.228390145013154)	(37.0, 4.226240017725573)	(38.0, 4.157428659042973)	(39.0, 4.053880131678676)	(40.0, 3.9391971141485134)	(41.0, 3.817352925112255)	(42.0, 3.6768128283460544)	(43.0, 3.516241759638309)	(44.0, 3.3382538402846564)	(45.0, 3.1497452324558757)	(46.0, 2.9546528274116914)	(47.0, 2.7488179820946126)	(48.0, 2.5378282043288456)	(49.0, 2.3266949936754067)	(50.0, 2.124341241775006)	(51.0, 1.9224482964851588)	(52.0, 1.7157492111020425)	(53.0, 1.518104611342295)	(54.0, 1.3343866619617644)	(55.0, 1.1727783230377737)	(56.0, 1.032004180226292)	(57.0, 0.9012334568093181)	(58.0, 0.7912022182647394)	(59.0, 0.7083030179577292)	(60.0, 0.6323978784591147)	(61.0, 0.5490428803090573)	(62.0, 0.4586596706630636)	(63.0, 0.37805767327131096)	(64.0, 0.3147582355578279)	(65.0, 0.26221216633725297)	(66.0, 0.21955613622854972)	(67.0, 0.18526930127989263)	(68.0, 0.15723067612373579)	(69.0, 0.129266271795168)	(70.0, 0.10449973784793887)	(71.0, 0.09039322718100577)	(72.0, 0.08062886259928488)	(73.0, 0.06941650886582584)	(74.0, 0.05640327554270508)	(75.0, 0.04730052361427836)	(76.0, 0.04168478455503737)	(77.0, 0.03600074412071439)	(78.0, 0.03095372784465608)	(79.0, 0.02650867435432035)	(80.0, 0.021287717243053242)	(81.0, 0.016198809456944647)	(82.0, 0.012970886470569928)	(83.0, 0.009543068126455261)	(84.0, 0.006548735842860939)	(85.0, 0.004267925257623111)	(86.0, 0.002442001830431318)	(87.0, 0.002704279110746149)	(88.0, 0.002755277470807366)	(89.0, 0.0019165365848005625)	(90.0, 0.0009065869185882443)	(91.0, 0.00028094632283724095)	(92.0, 0.00011702302264047151)	(93.0, 0.00013296001015960187)	(94.0, 0.00013614740766342795)	(95.0, 0.00015936987519130362)	(96.0, 0.000169842752703875)	(97.0, 0.00017439617770934082)	(98.0, 0.000189422480227378)	(99.0, 0.00017894960271480664)	(100.0, 0.00013569206516288136)
trimmed_fastp | fastqc_results | Plasmid_Ko_P3_S63_L002_R2_filtered	(0.0, 0.000634761189316614)	(1.0, 0.0006534306360612203)	(2.0, 0.0007613491452922371)	(3.0, 0.0009922127916218808)	(4.0, 0.0012831829494219643)	(5.0, 0.0016670449885854547)	(6.0, 0.0022298605050813905)	(7.0, 0.0028691752179942505)	(8.0, 0.0035389985390019544)	(9.0, 0.004537586263658578)	(10.0, 0.005928232369951935)	(11.0, 0.008102084534799507)	(12.0, 0.011538173440526316)	(13.0, 0.016435943420647907)	(14.0, 0.023717483003403986)	(15.0, 0.034283023803772274)	(16.0, 0.05062243252417978)	(17.0, 0.07726919725704846)	(18.0, 0.11765439803214923)	(19.0, 0.17593540189285423)	(20.0, 0.25872893397686764)	(21.0, 0.3724896139818674)	(22.0, 0.5233378329735671)	(23.0, 0.715315298495994)	(24.0, 0.950913243308654)	(25.0, 1.2322827519584136)	(26.0, 1.5409907055753114)	(27.0, 1.8676937290922118)	(28.0, 2.212328073178767)	(29.0, 2.5539885110046145)	(30.0, 2.878419326246988)	(31.0, 3.182863360368362)	(32.0, 3.4730507674622504)	(33.0, 3.7442841325867677)	(34.0, 3.9777883672498744)	(35.0, 4.147746814070297)	(36.0, 4.2341644955845625)	(37.0, 4.233860320208333)	(38.0, 4.16719627940694)	(39.0, 4.062200221619994)	(40.0, 3.9461832706730537)	(41.0, 3.825194327311374)	(42.0, 3.681298428146422)	(43.0, 3.516502311027063)	(44.0, 3.3377719563508337)	(45.0, 3.149728279863203)	(46.0, 2.9540720226273693)	(47.0, 2.7465256045770197)	(48.0, 2.534669276442824)	(49.0, 2.323553806597737)	(50.0, 2.119477628880086)	(51.0, 1.9169555687658335)	(52.0, 1.7106158344684887)	(53.0, 1.5123658901922339)	(54.0, 1.3284008047897604)	(55.0, 1.1666072811297656)	(56.0, 1.0258988484821854)	(57.0, 0.8944905324275767)	(58.0, 0.7847014357032223)	(59.0, 0.7027589571793471)	(60.0, 0.6265051956842614)	(61.0, 0.5430031353286722)	(62.0, 0.454142943757381)	(63.0, 0.37580503451229375)	(64.0, 0.31314581771379874)	(65.0, 0.260450621248608)	(66.0, 0.21782235474999675)	(67.0, 0.1837046238527682)	(68.0, 0.1556676683659658)	(69.0, 0.12758745440499902)	(70.0, 0.10294059723560135)	(71.0, 0.08923221444910448)	(72.0, 0.07996715998782387)	(73.0, 0.0690195785577306)	(74.0, 0.05582984210884606)	(75.0, 0.04660668006465093)	(76.0, 0.04125128096310667)	(77.0, 0.03537359270507306)	(78.0, 0.030138406626469678)	(79.0, 0.025742890299013957)	(80.0, 0.020874718222267958)	(81.0, 0.016110821835875984)	(82.0, 0.012985738591772739)	(83.0, 0.009933511725209423)	(84.0, 0.007167701492849943)	(85.0, 0.004993849328002372)	(86.0, 0.0032252607632206436)	(87.0, 0.0034615886378657817)	(88.0, 0.003558123338106185)	(89.0, 0.002976183022506018)	(90.0, 0.0024170103248870784)	(91.0, 0.002132870452481363)	(92.0, 0.0021142010057367566)	(93.0, 0.0022171106390119037)	(94.0, 0.0023559931086973894)	(95.0, 0.0023937873545462267)	(96.0, 0.0024844024741115106)	(97.0, 0.0028737287415904955)	(98.0, 0.0032953850266028233)	(99.0, 0.0037384428725175042)	(100.0, 0.006683661934569053)
trimmed_fastp | fastqc_results | Plasmid_Ko_P4_S64_L002_R1_filtered	(0.0, 0.0006794084932437385)	(1.0, 0.0007199889266456121)	(2.0, 0.0008480055516040998)	(3.0, 0.0010672235629709218)	(4.0, 0.0013776429607460783)	(5.0, 0.001802273269023415)	(6.0, 0.002325635353412526)	(7.0, 0.002909240555429161)	(8.0, 0.0036936561495375417)	(9.0, 0.004815684215350169)	(10.0, 0.006302517826796133)	(11.0, 0.00868714123288561)	(12.0, 0.012157395821221086)	(13.0, 0.01698563068607699)	(14.0, 0.024133643934576073)	(15.0, 0.03509579956786775)	(16.0, 0.05217597848022127)	(17.0, 0.07894609552096855)	(18.0, 0.1194290522116809)	(19.0, 0.1782409774405673)	(20.0, 0.2611246300664682)	(21.0, 0.3746912738940207)	(22.0, 0.5270511386338302)	(23.0, 0.7211226686509634)	(24.0, 0.958336637989074)	(25.0, 1.2401761150647563)	(26.0, 1.5511577819377695)	(27.0, 1.8792769423558793)	(28.0, 2.2228995017534388)	(29.0, 2.5657221664224994)	(30.0, 2.8905480364103044)	(31.0, 3.195531747884527)	(32.0, 3.4854676489563587)	(33.0, 3.7535842458624713)	(34.0, 3.9841656152917846)	(35.0, 4.15489377393822)	(36.0, 4.240523090320992)	(37.0, 4.23990559836531)	(38.0, 4.172578057446782)	(39.0, 4.0680098109598575)	(40.0, 3.9536001818405038)	(41.0, 3.827994955007051)	(42.0, 3.681822142118585)	(43.0, 3.5191347662554904)	(44.0, 3.3388936336386927)	(45.0, 3.1418082743202493)	(46.0, 2.9380752543136017)	(47.0, 2.7285216614211785)	(48.0, 2.516577588152896)	(49.0, 2.3059638837322223)	(50.0, 2.1064022812662975)	(51.0, 1.904886124317346)	(52.0, 1.6969745747352563)	(53.0, 1.5031921280117386)	(54.0, 1.3220000745173897)	(55.0, 1.1610141483722891)	(56.0, 1.02110954820197)	(57.0, 0.891717372057654)	(58.0, 0.7832496387692977)	(59.0, 0.7016833859865154)	(60.0, 0.6287473781588593)	(61.0, 0.5463540375736492)	(62.0, 0.4550924080476873)	(63.0, 0.3737499751810906)	(64.0, 0.3104432440092173)	(65.0, 0.2590140291745872)	(66.0, 0.21772573914059026)	(67.0, 0.18397118564990197)	(68.0, 0.15594349352868014)	(69.0, 0.1282136701557277)	(70.0, 0.10358511227564217)	(71.0, 0.0894735803263783)	(72.0, 0.07933809414053099)	(73.0, 0.06796427720345122)	(74.0, 0.05506471964145773)	(75.0, 0.04620437944539299)	(76.0, 0.040803416608092086)	(77.0, 0.035516664681293365)	(78.0, 0.030602248689831423)	(79.0, 0.025922111489143182)	(80.0, 0.021103917143891867)	(81.0, 0.016319609552306033)	(82.0, 0.012950178514999956)	(83.0, 0.009485362541450298)	(84.0, 0.006509603543640746)	(85.0, 0.004181876415310598)	(86.0, 0.0023871335359906235)	(87.0, 0.002690022544062339)	(88.0, 0.0027619796012285478)	(89.0, 0.001903933530019861)	(90.0, 0.000907830314248099)	(91.0, 0.00028071619394491907)	(92.0, 7.823238191907581e-05)	(93.0, 8.827290152366308e-05)	(94.0, 0.00010124190601292163)	(95.0, 0.00010249697096349503)	(96.0, 0.0001209045902385717)	(97.0, 0.0001485160191511867)	(98.0, 0.0001510261490523335)	(99.0, 0.00012969004489258557)	(100.0, 8.65994815895652e-05)
trimmed_fastp | fastqc_results | Plasmid_Ko_P4_S64_L002_R2_filtered	(0.0, 0.0005438832924855365)	(1.0, 0.0005982716217340901)	(2.0, 0.0007530691742107428)	(3.0, 0.000986520618216073)	(4.0, 0.0013283303489550601)	(5.0, 0.0017207630630715475)	(6.0, 0.0022583707791053276)	(7.0, 0.002892622372496153)	(8.0, 0.0036440180596530947)	(9.0, 0.004697059788257783)	(10.0, 0.006155085383882471)	(11.0, 0.008324342977372862)	(12.0, 0.011553336247683146)	(13.0, 0.016416907997794196)	(14.0, 0.02355809562812929)	(15.0, 0.03437049548274175)	(16.0, 0.051232969408610635)	(17.0, 0.07808323244333122)	(18.0, 0.11842765833638143)	(19.0, 0.17728210615976822)	(20.0, 0.2607213339187916)	(21.0, 0.37429922677325583)	(22.0, 0.5264924150224297)	(23.0, 0.7223874625663433)	(24.0, 0.9605752933056957)	(25.0, 1.242100999905586)	(26.0, 1.5545945844360758)	(27.0, 1.8859379087688242)	(28.0, 2.232713293968204)	(29.0, 2.5755522192452793)	(30.0, 2.8990745018320854)	(31.0, 3.206399103225146)	(32.0, 3.4986874234397973)	(33.0, 3.7680949919113464)	(34.0, 3.9998311116865306)	(35.0, 4.1673484208873655)	(36.0, 4.251113978621881)	(37.0, 4.247275836063986)	(38.0, 4.176607406384287)	(39.0, 4.07241777590165)	(40.0, 3.956002485747465)	(41.0, 3.8309110019628454)	(42.0, 3.684533599597396)	(43.0, 3.5163088237445654)	(44.0, 3.333361545535915)	(45.0, 3.1362917100802328)	(46.0, 2.932720377420531)	(47.0, 2.7235583428858416)	(48.0, 2.5099950373996536)	(49.0, 2.2987808893652395)	(50.0, 2.09705164758001)	(51.0, 1.8957738289275432)	(52.0, 1.6891437803052554)	(53.0, 1.492339610919364)	(54.0, 1.3107742146453907)	(55.0, 1.1519293337291185)	(56.0, 1.0137829774377924)	(57.0, 0.8847880851001805)	(58.0, 0.7769452323790944)	(59.0, 0.6958417741754147)	(60.0, 0.6224125092287058)	(61.0, 0.5404526440252431)	(62.0, 0.4511917731778072)	(63.0, 0.3712986644857895)	(64.0, 0.30831865270301817)	(65.0, 0.2568087211870034)	(66.0, 0.2150255147994472)	(67.0, 0.18114953474110382)	(68.0, 0.15372610239045617)	(69.0, 0.12639429345600417)	(70.0, 0.1016354708667722)	(71.0, 0.08772879344968049)	(72.0, 0.07837149058834855)	(73.0, 0.06771430665797619)	(74.0, 0.05494769229628685)	(75.0, 0.04573305420629151)	(76.0, 0.04045738626918181)	(77.0, 0.035116870708737286)	(78.0, 0.030155399965978845)	(79.0, 0.025759986219168814)	(80.0, 0.020990548115834104)	(81.0, 0.016194334219638572)	(82.0, 0.01288626868603616)	(83.0, 0.009684887952113603)	(84.0, 0.006899368751060755)	(85.0, 0.004694549557677081)	(86.0, 0.002888020283098199)	(87.0, 0.003039470861467248)	(88.0, 0.0030984612801137567)	(89.0, 0.0024541687644001205)	(90.0, 0.0017981618393098737)	(91.0, 0.0014559337368074362)	(92.0, 0.001415351675752746)	(93.0, 0.00149024022141037)	(94.0, 0.0015362611153899152)	(95.0, 0.0016006903669612787)	(96.0, 0.001779335109954605)	(97.0, 0.0021069202007362783)	(98.0, 0.002448311559711815)	(99.0, 0.0028859284242809466)	(100.0, 0.006367199867951831)
trimmed_fastp | fastqc_results | RNP_Cas1_S65_L002_R1_filtered	(0.0, 0.0007204613744905055)	(1.0, 0.0007172564751377897)	(2.0, 0.0008069936570138315)	(3.0, 0.0010335800412508364)	(4.0, 0.0013649666343216473)	(5.0, 0.0018126910738960405)	(6.0, 0.002339256037547242)	(7.0, 0.0029398541762461774)	(8.0, 0.0037458863634541937)	(9.0, 0.004871126526192701)	(10.0, 0.006480306491191291)	(11.0, 0.008794243823852079)	(12.0, 0.012194962527018783)	(13.0, 0.017121213322078197)	(14.0, 0.024301790321837883)	(15.0, 0.035210626738611826)	(16.0, 0.05198058309163237)	(17.0, 0.07890494255379757)	(18.0, 0.11933538886817759)	(19.0, 0.17771359204770118)	(20.0, 0.26053940846961127)	(21.0, 0.37454280628467557)	(22.0, 0.5268771208481559)	(23.0, 0.7210171040382665)	(24.0, 0.9571399867892125)	(25.0, 1.2385657243404724)	(26.0, 1.5491557255115107)	(27.0, 1.8781883200077516)	(28.0, 2.2227214102234027)	(29.0, 2.565207851712409)	(30.0, 2.890229194178791)	(31.0, 3.194462277483718)	(32.0, 3.4813651880287693)	(33.0, 3.745532222075719)	(34.0, 3.9708017131686932)	(35.0, 4.1333333764926445)	(36.0, 4.2168097874831565)	(37.0, 4.217554926582663)	(38.0, 4.156471147369576)	(39.0, 4.060370317338783)	(40.0, 3.9512418919291337)	(41.0, 3.831241486445268)	(42.0, 3.6878501230356053)	(43.0, 3.523108681607957)	(44.0, 3.3409665596346727)	(45.0, 3.144798836624099)	(46.0, 2.9419178109393913)	(47.0, 2.730409516687108)	(48.0, 2.514170470500281)	(49.0, 2.3023945671520463)	(50.0, 2.1015608311738534)	(51.0, 1.9022773050125692)	(52.0, 1.6975057091996946)	(53.0, 1.5013367042293797)	(54.0, 1.3210553468202828)	(55.0, 1.16334289065301)	(56.0, 1.0254645951098895)	(57.0, 0.8974477748750755)	(58.0, 0.7909037803034572)	(59.0, 0.7096166360607858)	(60.0, 0.6345210368776263)	(61.0, 0.551205191344686)	(62.0, 0.4604312245280408)	(63.0, 0.380181826695779)	(64.0, 0.3173728501611258)	(65.0, 0.26433657322270887)	(66.0, 0.221538988246413)	(67.0, 0.1875763493157487)	(68.0, 0.15984115031734641)	(69.0, 0.13175854022910974)	(70.0, 0.10642188790627992)	(71.0, 0.09266421645487694)	(72.0, 0.08330815377449377)	(73.0, 0.07258295809063045)	(74.0, 0.05951626293967297)	(75.0, 0.04998553324456681)	(76.0, 0.04427344112822149)	(77.0, 0.03837097799032485)	(78.0, 0.03304924261514031)	(79.0, 0.0285864202664836)	(80.0, 0.023389355476119703)	(81.0, 0.017816676481617517)	(82.0, 0.014039702594441983)	(83.0, 0.010452138259011947)	(84.0, 0.007361974303123399)	(85.0, 0.004699984900757679)	(86.0, 0.0025661629117195183)	(87.0, 0.002836976907024001)	(88.0, 0.002946904954822152)	(89.0, 0.002062032243537328)	(90.0, 0.0010031334974000368)	(91.0, 0.00030286298883164047)	(92.0, 9.614698058147317e-05)	(93.0, 0.00010736412831597835)	(94.0, 0.00011153049747450886)	(95.0, 0.00011633784650358252)	(96.0, 0.00013108038352607507)	(97.0, 0.00014614341048383922)	(98.0, 0.00015768104815361598)	(99.0, 0.00014582292054856762)	(100.0, 0.00010031334974000365)
trimmed_fastp | fastqc_results | RNP_Cas1_S65_L002_R2_filtered	(0.0, 0.0006390811671734862)	(1.0, 0.0006605548071938591)	(2.0, 0.0007643974843073042)	(3.0, 0.0009906719597458605)	(4.0, 0.001306366518254328)	(5.0, 0.0017210962225283958)	(6.0, 0.0022813338755972292)	(7.0, 0.0028582376373385908)	(8.0, 0.0035953924440081083)	(9.0, 0.004724521306571896)	(10.0, 0.006209407488876189)	(11.0, 0.008350040947026498)	(12.0, 0.011609867702955048)	(13.0, 0.016519318715374036)	(14.0, 0.02378349858196735)	(15.0, 0.0345937135707309)	(16.0, 0.0517030766335304)	(17.0, 0.07848551327028326)	(18.0, 0.11884602094379879)	(19.0, 0.17769693518530466)	(20.0, 0.2607345396378171)	(21.0, 0.37539480328809244)	(22.0, 0.5281387277655442)	(23.0, 0.7227117004922329)	(24.0, 0.9597028043093148)	(25.0, 1.2423628919142022)	(26.0, 1.5544037265983075)	(27.0, 1.8835084130484527)	(28.0, 2.2294910600525215)	(29.0, 2.572659057703472)	(30.0, 2.896981532470871)	(31.0, 3.201982538751283)	(32.0, 3.49021968322176)	(33.0, 3.753769192714785)	(34.0, 3.9784507727667555)	(35.0, 4.141438905542285)	(36.0, 4.222977842222629)	(37.0, 4.220753237216936)	(38.0, 4.158680956470285)	(39.0, 4.063899834943347)	(40.0, 3.952381132777843)	(41.0, 3.830945775450095)	(42.0, 3.686642594011099)	(43.0, 3.5200629148166405)	(44.0, 3.3371943579094143)	(45.0, 3.139633664701085)	(46.0, 2.935477038483513)	(47.0, 2.7233908700608054)	(48.0, 2.508795811278703)	(49.0, 2.296428242021102)	(50.0, 2.0948128768740006)	(51.0, 1.8951766121317617)	(52.0, 1.6903815457511957)	(53.0, 1.495081353782623)	(54.0, 1.3139297265707572)	(55.0, 1.156400385389661)	(56.0, 1.0200418097540234)	(57.0, 0.8926390240152408)	(58.0, 0.7852961435784749)	(59.0, 0.7038245123370004)	(60.0, 0.6280844199684263)	(61.0, 0.5461224205294716)	(62.0, 0.4581798520937982)	(63.0, 0.3776674836072636)	(64.0, 0.31456639115217316)	(65.0, 0.26224923251447807)	(66.0, 0.21998301941467693)	(67.0, 0.1867421451652295)	(68.0, 0.1590671102082268)	(69.0, 0.13048633634529017)	(70.0, 0.10542114990598744)	(71.0, 0.09203922614821684)	(72.0, 0.0829638889718455)	(73.0, 0.07248026561264555)	(74.0, 0.05928679708371046)	(75.0, 0.04935315531070393)	(76.0, 0.043690203885032745)	(77.0, 0.03803558551369783)	(78.0, 0.03272230186805989)	(79.0, 0.028069893531705668)	(80.0, 0.02294987264625108)	(81.0, 0.017746521217433857)	(82.0, 0.014261701994426173)	(83.0, 0.011052835070784776)	(84.0, 0.008128574002935787)	(85.0, 0.005590197451273795)	(86.0, 0.0035306510218571334)	(87.0, 0.0037550024847565516)	(88.0, 0.003859806668139566)	(89.0, 0.0031784192251050466)	(90.0, 0.002509210861485067)	(91.0, 0.002149607516666285)	(92.0, 0.0020319832496890184)	(93.0, 0.0020829430819761722)	(94.0, 0.002230374043310076)	(95.0, 0.0023624209043308763)	(96.0, 0.002596387429925984)	(97.0, 0.003097652698461256)	(98.0, 0.0036556468369010955)	(99.0, 0.004291522983176018)	(100.0, 0.007590130491977183)
trimmed_fastp | fastqc_results | RNP_Cas2_S66_L002_R1_filtered	(0.0, 0.0006744253014128676)	(1.0, 0.0006981628379015192)	(2.0, 0.0007952074723698305)	(3.0, 0.0010235067203636272)	(4.0, 0.0013683991622869777)	(5.0, 0.0017705409569182529)	(6.0, 0.002223299557297388)	(7.0, 0.002824766842149547)	(8.0, 0.0036573260263471083)	(9.0, 0.004790095230842324)	(10.0, 0.006204922221849753)	(11.0, 0.008394011800089966)	(12.0, 0.011897043839260837)	(13.0, 0.01683898948734674)	(14.0, 0.02386495120656868)	(15.0, 0.03461281901464362)	(16.0, 0.05124829403474207)	(17.0, 0.07754704089423545)	(18.0, 0.11767045918843574)	(19.0, 0.17587559682144752)	(20.0, 0.25816176705935845)	(21.0, 0.37108716251999657)	(22.0, 0.5218686924587498)	(23.0, 0.7146356409803867)	(24.0, 0.9496204963099284)	(25.0, 1.2294626630560617)	(26.0, 1.537790222669996)	(27.0, 1.8643722969251222)	(28.0, 2.2078240798324633)	(29.0, 2.5476541430181894)	(30.0, 2.870701418825021)	(31.0, 3.175108445022719)	(32.0, 3.467222918133485)	(33.0, 3.7400447084630994)	(34.0, 3.9754533486352472)	(35.0, 4.151908769693572)	(36.0, 4.241003423926699)	(37.0, 4.2363875203239125)	(38.0, 4.163845259733175)	(39.0, 4.05421554194885)	(40.0, 3.937360536955084)	(41.0, 3.8175547467269264)	(42.0, 3.6756472155393203)	(43.0, 3.514026358460727)	(44.0, 3.337235121077372)	(45.0, 3.1477540759523186)	(46.0, 2.9522740666425964)	(47.0, 2.7499848751748206)	(48.0, 2.542221388895059)	(49.0, 2.3342659078348746)	(50.0, 2.133420517115879)	(51.0, 1.9291188712678524)	(52.0, 1.7214642983908033)	(53.0, 1.523454496037945)	(54.0, 1.3390749267694382)	(55.0, 1.1753145496740958)	(56.0, 1.0316668476130202)	(57.0, 0.900791685589934)	(58.0, 0.7907898470130086)	(59.0, 0.7066556397431722)	(60.0, 0.6299886331061118)	(61.0, 0.5466461424944558)	(62.0, 0.4577787402650661)	(63.0, 0.37795638668210957)	(64.0, 0.31430662615772287)	(65.0, 0.2618386416451668)	(66.0, 0.21902659826220777)	(67.0, 0.1841687240914607)	(68.0, 0.15546864615100506)	(69.0, 0.1273613084599278)	(70.0, 0.10221802109716142)	(71.0, 0.08765224981002204)	(72.0, 0.07783538214628878)	(73.0, 0.06676845392129284)	(74.0, 0.05409994014615083)	(75.0, 0.045296106760212666)	(76.0, 0.03992199831546572)	(77.0, 0.03451682162443216)	(78.0, 0.029592330047293794)	(79.0, 0.025433024940495496)	(80.0, 0.020751144949527907)	(81.0, 0.01580954838286095)	(82.0, 0.012378078034574986)	(83.0, 0.009070182508597587)	(84.0, 0.0062642660630713816)	(85.0, 0.004035730284489732)	(86.0, 0.002243895361015483)	(87.0, 0.002436937385695253)	(88.0, 0.0025140843792833705)	(89.0, 0.0018092889944217874)	(90.0, 0.0009201786203542023)	(91.0, 0.0002970682875270965)	(92.0, 9.495014595460663e-05)	(93.0, 9.599739021145891e-05)	(94.0, 0.00011694227534850447)	(95.0, 0.00013404726487709168)	(96.0, 0.00014242521893190993)	(97.0, 0.00015534123143308803)	(98.0, 0.00017419162805642905)	(99.0, 0.00015883204562259563)	(100.0, 9.77427973062127e-05)
trimmed_fastp | fastqc_results | RNP_Cas2_S66_L002_R2_filtered	(0.0, 0.0005857765174126137)	(1.0, 0.0006144020683231228)	(2.0, 0.0007289042719651593)	(3.0, 0.0009491813771423699)	(4.0, 0.0012476551091970688)	(5.0, 0.0016271182048034519)	(6.0, 0.0021751927771144195)	(7.0, 0.0027815657274992286)	(8.0, 0.0034486807005478016)	(9.0, 0.004510269728826561)	(10.0, 0.005960049154818566)	(11.0, 0.008129307366500318)	(12.0, 0.011523529701901297)	(13.0, 0.01632773496568699)	(14.0, 0.02331027483534557)	(15.0, 0.03416983139295676)	(16.0, 0.05090740046558202)	(17.0, 0.07717134342597415)	(18.0, 0.11718078720467477)	(19.0, 0.17552035814446093)	(20.0, 0.258016403131874)	(21.0, 0.3712342969958647)	(22.0, 0.52166889796436)	(23.0, 0.7144371978086554)	(24.0, 0.9512682496221627)	(25.0, 1.2331587113054856)	(26.0, 1.5421278968738974)	(27.0, 1.8693532020815287)	(28.0, 2.2136780848531776)	(29.0, 2.554749080307304)	(30.0, 2.879812458237023)	(31.0, 3.185778753696505)	(32.0, 3.477247254896068)	(33.0, 3.750671535351566)	(34.0, 3.988215782293246)	(35.0, 4.16442245547539)	(36.0, 4.249630596865532)	(37.0, 4.242030513098792)	(38.0, 4.170102881870705)	(39.0, 4.060662513450649)	(40.0, 3.9425004283970786)	(41.0, 3.8181677916618724)	(42.0, 3.672566719692241)	(43.0, 3.509055478338908)	(44.0, 3.3317201904483036)	(45.0, 3.144343966937712)	(46.0, 2.949324023149846)	(47.0, 2.742848971708596)	(48.0, 2.5337990170537386)	(49.0, 2.3256018943607626)	(50.0, 2.1219468087762827)	(51.0, 1.9196507386758832)	(52.0, 1.7144826879981572)	(53.0, 1.5159491323820682)	(54.0, 1.330621730314084)	(55.0, 1.1676987091227526)	(56.0, 1.0259627847102093)	(57.0, 0.8943840435817171)	(58.0, 0.7847900746445801)	(59.0, 0.7017686460703337)	(60.0, 0.6235084844335074)	(61.0, 0.5395504417971527)	(62.0, 0.45195206690598355)	(63.0, 0.3741369976766072)	(64.0, 0.312078897855129)	(65.0, 0.2600736027845037)	(66.0, 0.21726618595034292)	(67.0, 0.18282336454748352)	(68.0, 0.15410111512963032)	(69.0, 0.12568711402219157)	(70.0, 0.10074099367993568)	(71.0, 0.08662370979187482)	(72.0, 0.07740139510951104)	(73.0, 0.06677049386709964)	(74.0, 0.054052371052811)	(75.0, 0.04486426739470612)	(76.0, 0.03939539080246178)	(77.0, 0.03401832542838163)	(78.0, 0.029147094484415235)	(79.0, 0.02486827280746267)	(80.0, 0.020130395039689136)	(81.0, 0.015586263378687947)	(82.0, 0.012574645967651822)	(83.0, 0.009550112149497539)	(84.0, 0.006916212373646426)	(85.0, 0.004764408766178398)	(86.0, 0.0030405920540309086)	(87.0, 0.003209901714904042)	(88.0, 0.003258774606702473)	(89.0, 0.0027473547032403275)	(90.0, 0.0022509457594019865)	(91.0, 0.0019580575006956794)	(92.0, 0.0019831921307634434)	(93.0, 0.002155992712479322)	(94.0, 0.0022404729968737514)	(95.0, 0.0024240954332021393)	(96.0, 0.0027689984124653465)	(97.0, 0.0032874001576129815)	(98.0, 0.0038113873761090084)	(99.0, 0.004329440029172369)	(100.0, 0.007630803870156331)
trimmed_fastp | fastqc_results | RNP_Cas3_S67_L002_R1_filtered	(0.0, 0.0006823721072218371)	(1.0, 0.0006826552491750412)	(2.0, 0.000799876017801531)	(3.0, 0.0010334681291948985)	(4.0, 0.0013052844042708168)	(5.0, 0.0016875260410963275)	(6.0, 0.0022254957521840825)	(7.0, 0.0028365160871984913)	(8.0, 0.003645452647502553)	(9.0, 0.00468854760310639)	(10.0, 0.00615635548851635)	(11.0, 0.008395725196407433)	(12.0, 0.011718962301163741)	(13.0, 0.016616185523781538)	(14.0, 0.02367321556544007)	(15.0, 0.03444705002680859)	(16.0, 0.0511864023002339)	(17.0, 0.07725641449954652)	(18.0, 0.11675754839104797)	(19.0, 0.1746869763068371)	(20.0, 0.25692867117644785)	(21.0, 0.369520068868051)	(22.0, 0.5192211835143938)	(23.0, 0.7109224429312174)	(24.0, 0.9464645529563014)	(25.0, 1.2262535391505405)	(26.0, 1.5342848026090739)	(27.0, 1.8598470832421912)	(28.0, 2.2015600640280226)	(29.0, 2.5433656322325517)	(30.0, 2.870003002861985)	(31.0, 3.1763538188282516)	(32.0, 3.4688768312258915)	(33.0, 3.742727198093628)	(34.0, 3.977901223579546)	(35.0, 4.1519672695830065)	(36.0, 4.241119326962517)	(37.0, 4.241472121836209)	(38.0, 4.17426045126853)	(39.0, 4.069996541562613)	(40.0, 3.957431476072657)	(41.0, 3.834350801582656)	(42.0, 3.6904764651912996)	(43.0, 3.5278284015927466)	(44.0, 3.349216511530595)	(45.0, 3.1568079635146677)	(46.0, 2.9565204243669303)	(47.0, 2.748399763083802)	(48.0, 2.5353127919414744)	(49.0, 2.3246676370035786)	(50.0, 2.123088121123371)	(51.0, 1.9204932581989735)	(52.0, 1.7125124690407278)	(53.0, 1.5160343217313983)	(54.0, 1.334743059366076)	(55.0, 1.1732564440595665)	(56.0, 1.030991203388269)	(57.0, 0.9016202472658857)	(58.0, 0.7914814251729364)	(59.0, 0.7063465858254863)	(60.0, 0.630483512877657)	(61.0, 0.5466236617454849)	(62.0, 0.4559466018060181)	(63.0, 0.37551758172081984)	(64.0, 0.31266516466467137)	(65.0, 0.2603798884440524)	(66.0, 0.21731173222608596)	(67.0, 0.18252094786808762)	(68.0, 0.1534397209964496)	(69.0, 0.12515582186503424)	(70.0, 0.10076937171947309)	(71.0, 0.08643615976437606)	(72.0, 0.07629231614888664)	(73.0, 0.06539106780857627)	(74.0, 0.0530729771344327)	(75.0, 0.044273491512756245)	(76.0, 0.038402543113069613)	(77.0, 0.032789820174705095)	(78.0, 0.028246241251639194)	(79.0, 0.02405602348617199)	(80.0, 0.019273472754601846)	(81.0, 0.014663638614486193)	(82.0, 0.011649875664581944)	(83.0, 0.008689343401880066)	(84.0, 0.0059890185941727375)	(85.0, 0.0038218500843486955)	(86.0, 0.0021968984149104706)	(87.0, 0.0024401173527127764)	(88.0, 0.002499577162885634)	(89.0, 0.0017096111134462457)	(90.0, 0.0007769415195920002)	(91.0, 0.00023698981483181642)	(92.0, 9.541883822977555e-05)	(93.0, 9.258741869773473e-05)	(94.0, 0.0001041962387791021)	(95.0, 0.0001180701944861021)	(96.0, 0.00014242040246165315)	(97.0, 0.00015346293863661233)	(98.0, 0.00017299973340769397)	(99.0, 0.00017922885637818375)	(100.0, 0.00011240735542202047)
trimmed_fastp | fastqc_results | RNP_Cas3_S67_L002_R2_filtered	(0.0, 0.0005985746612184216)	(1.0, 0.000648974987470493)	(2.0, 0.0007687465492942358)	(3.0, 0.0009607208256925754)	(4.0, 0.0012433024301845266)	(5.0, 0.001628383574582376)	(6.0, 0.0021391823867101113)	(7.0, 0.002687639869576754)	(8.0, 0.003430619959944369)	(9.0, 0.004468640162416807)	(10.0, 0.005900519094196163)	(11.0, 0.008143050464513048)	(12.0, 0.011423602037302374)	(13.0, 0.016242213004480754)	(14.0, 0.023143659926211035)	(15.0, 0.03381097392183205)	(16.0, 0.05059513200747272)	(17.0, 0.07683529737128293)	(18.0, 0.11655047131001493)	(19.0, 0.17462693713901706)	(20.0, 0.2568547862713713)	(21.0, 0.3695292459742817)	(22.0, 0.5202621812513125)	(23.0, 0.7136009473811618)	(24.0, 0.9491836813472558)	(25.0, 1.229318604832779)	(26.0, 1.5388380511148614)	(27.0, 1.8671675787091773)	(28.0, 2.210385306048775)	(29.0, 2.553011820572562)	(30.0, 2.88051087537532)	(31.0, 3.187741354031437)	(32.0, 3.480211615793205)	(33.0, 3.7512824086945638)	(34.0, 3.987560553903776)	(35.0, 4.161307750516585)	(36.0, 4.247974792429725)	(37.0, 4.2467646183038745)	(38.0, 4.178880475504539)	(39.0, 4.076083347155434)	(40.0, 3.962323298402802)	(41.0, 3.8360008267578913)	(42.0, 3.6891543795602755)	(43.0, 3.5250684724533494)	(44.0, 3.3448875892500936)	(45.0, 3.150682390545349)	(46.0, 2.9498707850309795)	(47.0, 2.7414869552190866)	(48.0, 2.5275426669412484)	(49.0, 2.315910281269299)	(50.0, 2.11321234444318)	(51.0, 1.9109161944875763)	(52.0, 1.7052208539889608)	(53.0, 1.509208322236649)	(54.0, 1.3267444175133352)	(55.0, 1.1657788002676326)	(56.0, 1.024913003019996)	(57.0, 0.894831176702901)	(58.0, 0.7851402464253732)	(59.0, 0.7008844920311237)	(60.0, 0.6230559118256146)	(61.0, 0.539827984309427)	(62.0, 0.45285740784717277)	(63.0, 0.37374673394913904)	(64.0, 0.3103479370383382)	(65.0, 0.25782230264667094)	(66.0, 0.21554464021029143)	(67.0, 0.18113962199364567)	(68.0, 0.1521628321735081)	(69.0, 0.12402614217353848)	(70.0, 0.0993212047251144)	(71.0, 0.08544469242757778)	(72.0, 0.07564522674635339)	(73.0, 0.06477008219191767)	(74.0, 0.052658147609004134)	(75.0, 0.04371237284716174)	(76.0, 0.03814257050050726)	(77.0, 0.03254841743442762)	(78.0, 0.027962270893389415)	(79.0, 0.023808208048197617)	(80.0, 0.019038864815670138)	(81.0, 0.014696791764684095)	(82.0, 0.011795092082486181)	(83.0, 0.009053937259754138)	(84.0, 0.006541282792558172)	(85.0, 0.004538011397988479)	(86.0, 0.0029243515142213143)	(87.0, 0.0030996200645023943)	(88.0, 0.003138411326842472)	(89.0, 0.0024868880082693457)	(90.0, 0.0018656615150275213)	(91.0, 0.0016363117157905671)	(92.0, 0.001644239856998758)	(93.0, 0.0016957727748519995)	(94.0, 0.0017917599130511694)	(95.0, 0.0019129472143763749)	(96.0, 0.0020471593191150367)	(97.0, 0.002351260164029221)	(98.0, 0.0026825432073714884)	(99.0, 0.0030005182994000063)	(100.0, 0.005419733959499436)
trimmed_fastp | fastqc_results | RNP_Cas4_S68_L002_R1_filtered	(0.0, 0.0006877564744332845)	(1.0, 0.0006896136026270737)	(2.0, 0.0008158983198047426)	(3.0, 0.001086110472001078)	(4.0, 0.001374893906135306)	(5.0, 0.0017562242285933645)	(6.0, 0.0023409100882713463)	(7.0, 0.00300050011843216)	(8.0, 0.003769970233392171)	(9.0, 0.004924794448563452)	(10.0, 0.006408020832669797)	(11.0, 0.00852143271720196)	(12.0, 0.011867977722410184)	(13.0, 0.016793081692339267)	(14.0, 0.024030929306267223)	(15.0, 0.034984271393236205)	(16.0, 0.05187268566618999)	(17.0, 0.07864690283604957)	(18.0, 0.11892925144480085)	(19.0, 0.17728207642185279)	(20.0, 0.25962683101310235)	(21.0, 0.3728218896382133)	(22.0, 0.5249980690509605)	(23.0, 0.7173751929532979)	(24.0, 0.9516568669416615)	(25.0, 1.231977367896792)	(26.0, 1.5417571838686355)	(27.0, 1.8692224316299337)	(28.0, 2.212868837343718)	(29.0, 2.553342958581145)	(30.0, 2.876208099806427)	(31.0, 3.180929098578389)	(32.0, 3.4710713315077393)	(33.0, 3.7416784329666206)	(34.0, 3.9753757306166717)	(35.0, 4.1479936295798225)	(36.0, 4.235955577914553)	(37.0, 4.233038029522111)	(38.0, 4.163031415607666)	(39.0, 4.055751310279773)	(40.0, 3.938851899950784)	(41.0, 3.816295677143513)	(42.0, 3.674587200795059)	(43.0, 3.5115115360129625)	(44.0, 3.3303133952731394)	(45.0, 3.1374986081597993)	(46.0, 2.9369374298287982)	(47.0, 2.730541464234277)	(48.0, 2.521794683867784)	(49.0, 2.313904349119994)	(50.0, 2.113442217625995)	(51.0, 1.9116389300547147)	(52.0, 1.7062838848128123)	(53.0, 1.5106394533748684)	(54.0, 1.3299653323070597)	(55.0, 1.1723873860213108)	(56.0, 1.034254500488632)	(57.0, 0.9044715728365956)	(58.0, 0.7940965633737536)	(59.0, 0.7120263542338192)	(60.0, 0.6395822595650258)	(61.0, 0.5577958815173755)	(62.0, 0.4653105879453054)	(63.0, 0.38239074265671236)	(64.0, 0.3186219128238397)	(65.0, 0.2662843260664712)	(66.0, 0.22359854405359098)	(67.0, 0.1890395550167325)	(68.0, 0.1610569664354474)	(69.0, 0.13302887821341447)	(70.0, 0.10792576689659955)	(71.0, 0.09361907033437847)	(72.0, 0.08363453012183622)	(73.0, 0.07216304926880003)	(74.0, 0.058616846701935635)	(75.0, 0.04924299214378441)	(76.0, 0.043486204264403375)	(77.0, 0.03778636831629855)	(78.0, 0.032542147818403346)	(79.0, 0.02777397118084945)	(80.0, 0.022599702511586977)	(81.0, 0.017535623448489333)	(82.0, 0.013952604119938613)	(83.0, 0.010097515510997768)	(84.0, 0.006927088162833892)	(85.0, 0.004511273904079713)	(86.0, 0.00248824225831196)	(87.0, 0.00281169208539692)	(88.0, 0.0029624289904594805)	(89.0, 0.0020038413210985975)	(90.0, 0.000924849840507045)	(91.0, 0.0003079737588033835)	(92.0, 0.00012349902488698492)	(93.0, 0.00012690375990893188)	(94.0, 0.00013959413589982508)	(95.0, 0.00016218919559092757)	(96.0, 0.00017426052885055767)	(97.0, 0.00019902223810108096)	(98.0, 0.0002346171951487082)	(99.0, 0.00019654606717602865)	(100.0, 0.00011390386255240717)
trimmed_fastp | fastqc_results | RNP_Cas4_S68_L002_R2_filtered	(0.0, 0.0006141124159892513)	(1.0, 0.000636708286134017)	(2.0, 0.0007555687537448398)	(3.0, 0.0009895752993536473)	(4.0, 0.0012672259229133038)	(5.0, 0.0016668323387611483)	(6.0, 0.00221068088457421)	(7.0, 0.0028096262096443717)	(8.0, 0.0036051246517272225)	(9.0, 0.004703345847256388)	(10.0, 0.006146076679376296)	(11.0, 0.008317756473015706)	(12.0, 0.011611800994667727)	(13.0, 0.016450102997857236)	(14.0, 0.02355015874279748)	(15.0, 0.03464596911374843)	(16.0, 0.05162042011195133)	(17.0, 0.07791179838902342)	(18.0, 0.11819373467531835)	(19.0, 0.17696961684393478)	(20.0, 0.2602313744053162)	(21.0, 0.37404151027254995)	(22.0, 0.5254660316191254)	(23.0, 0.719118829409123)	(24.0, 0.9561170063186039)	(25.0, 1.2385793120892246)	(26.0, 1.5490456392809033)	(27.0, 1.8771485074192735)	(28.0, 2.2213873031007485)	(29.0, 2.5623224587540716)	(30.0, 2.887239618734497)	(31.0, 3.1929406935853724)	(32.0, 3.4833567456469505)	(33.0, 3.7559050360084383)	(34.0, 3.990598124630685)	(35.0, 4.158998644637802)	(36.0, 4.243373171420696)	(37.0, 4.237779300663762)	(38.0, 4.164618516122026)	(39.0, 4.0599182303127455)	(40.0, 3.9436658832750715)	(41.0, 3.817453090958103)	(42.0, 3.67236253249882)	(43.0, 3.5083570640010935)	(44.0, 3.3268462963229966)	(45.0, 3.1313607567915307)	(46.0, 2.9295688027624016)	(47.0, 2.7235928983668773)	(48.0, 2.5156415577622595)	(49.0, 2.306147507338442)	(50.0, 2.103932731958385)	(51.0, 1.9029242046050967)	(52.0, 1.6981610484181644)	(53.0, 1.5024888608086535)	(54.0, 1.3208288984811074)	(55.0, 1.1626113775975864)	(56.0, 1.024271412727169)	(57.0, 0.8954325469539242)	(58.0, 0.7877499158180025)	(59.0, 0.7060574878680451)	(60.0, 0.6314985451695437)	(61.0, 0.5491885999464521)	(62.0, 0.45906543617275536)	(63.0, 0.37837186949618384)	(64.0, 0.3153752025975123)	(65.0, 0.26288561531615684)	(66.0, 0.22056014567786536)	(67.0, 0.1870294220453716)	(68.0, 0.1593581480271301)	(69.0, 0.13134267390476564)	(70.0, 0.1062027564076734)	(71.0, 0.09223510380106305)	(72.0, 0.08264331169084382)	(73.0, 0.07132278074831616)	(74.0, 0.05780487881732695)	(75.0, 0.04824094462920403)	(76.0, 0.042630978183947385)	(77.0, 0.036786386128146456)	(78.0, 0.03170231534557415)	(79.0, 0.027341621940102086)	(80.0, 0.02219471606657927)	(81.0, 0.017129217232071156)	(82.0, 0.013795862087016598)	(83.0, 0.010423196318559499)	(84.0, 0.007460351537385551)	(85.0, 0.005138548496893931)	(86.0, 0.0033048781580228)	(87.0, 0.003536717976357452)	(88.0, 0.0036199822101785754)	(89.0, 0.0029767737422220913)	(90.0, 0.0022750636378634057)	(91.0, 0.001955935663627056)	(92.0, 0.002016294494835677)	(93.0, 0.002186846884558498)	(94.0, 0.002348732365184697)	(95.0, 0.0025149513003592068)	(96.0, 0.0027867208070318696)	(97.0, 0.0033361409372641886)	(98.0, 0.0039013472233510697)	(99.0, 0.004483268262695723)	(100.0, 0.008710553174573346)
trimmed_trimmomatic | fastqc_results | Control_MNP_III_S56_L002_R1_paired	(0.0, 0.000805816085416959)	(1.0, 0.0007940882456761488)	(2.0, 0.0008678601408199549)	(3.0, 0.0010982554441152264)	(4.0, 0.0014716547287661834)	(5.0, 0.0019536311103723835)	(6.0, 0.0025233771313291626)	(7.0, 0.003178244569759565)	(8.0, 0.004013569413234046)	(9.0, 0.005132632314953936)	(10.0, 0.006646280276340439)	(11.0, 0.00897520225841875)	(12.0, 0.012437563203834717)	(13.0, 0.017494532036589877)	(14.0, 0.024719259634339956)	(15.0, 0.035354897009610836)	(16.0, 0.05231713644893233)	(17.0, 0.07910617063881978)	(18.0, 0.1190277371165377)	(19.0, 0.1769382964870145)	(20.0, 0.25959119285390186)	(21.0, 0.37263621843298245)	(22.0, 0.5220821886630719)	(23.0, 0.7129077606728497)	(24.0, 0.9472912861148184)	(25.0, 1.2261660740419003)	(26.0, 1.533783905586653)	(27.0, 1.8589605831278646)	(28.0, 2.2007843617050398)	(29.0, 2.5407653561732637)	(30.0, 2.863099356688267)	(31.0, 3.1668901293034053)	(32.0, 3.453339966750818)	(33.0, 3.7148658748445427)	(34.0, 3.938086766757726)	(35.0, 4.1052311821089305)	(36.0, 4.194742216502315)	(37.0, 4.200988615275235)	(38.0, 4.1448413933574)	(39.0, 4.054241561455176)	(40.0, 3.9511258546450407)	(41.0, 3.835665272396764)	(42.0, 3.6964656509260334)	(43.0, 3.532496453605299)	(44.0, 3.3537732555732163)	(45.0, 3.1620427483163414)	(46.0, 2.9598975410522153)	(47.0, 2.752192202798713)	(48.0, 2.5398581510217)	(49.0, 2.3281373517679085)	(50.0, 2.127354843818183)	(51.0, 1.9254933746123026)	(52.0, 1.719210131506726)	(53.0, 1.5241602672857906)	(54.0, 1.341735233387132)	(55.0, 1.1808928294682628)	(56.0, 1.0401027616017136)	(57.0, 0.9093502112836536)	(58.0, 0.7973103750655837)	(59.0, 0.7113865463632433)	(60.0, 0.6356235666853763)	(61.0, 0.5524482139739064)	(62.0, 0.46161382527686545)	(63.0, 0.3815489983185872)	(64.0, 0.31798486355821787)	(65.0, 0.26506355420392835)	(66.0, 0.2226140707859493)	(67.0, 0.18771088476506517)	(68.0, 0.15906166386532083)	(69.0, 0.13041206464816546)	(70.0, 0.10521347685409628)	(71.0, 0.0902949080689637)	(72.0, 0.07964451631466407)	(73.0, 0.06860634921409571)	(74.0, 0.055814680913570724)	(75.0, 0.046784244313146865)	(76.0, 0.041340635086355965)	(77.0, 0.036127799480271325)	(78.0, 0.030952795615286074)	(79.0, 0.026243122165823293)	(80.0, 0.02135563953319339)	(81.0, 0.016361849708074208)	(82.0, 0.012868466734956743)	(83.0, 0.009437506134653268)	(84.0, 0.006481712202558103)	(85.0, 0.004197053357566077)	(86.0, 0.0023886961330153423)	(87.0, 0.002594500804596012)	(88.0, 0.0026512484162450937)	(89.0, 0.0018775893107626138)	(90.0, 0.0009476851145396631)	(91.0, 0.0003329193216746122)	(92.0, 0.00015927163002842242)	(93.0, 0.0001800790876330857)	(94.0, 0.00024628463455701424)	(95.0, 0.00042522876995711823)	(96.0, 0.0012242351419761875)	(97.0, 0.005085720955990695)	(98.0, 0.024342455492990054)	(99.0, 0.02797732917781923)	(100.0, 0.008957043022691043)
trimmed_trimmomatic | fastqc_results | Control_MNP_III_S56_L002_R1_unpaired	(0.0, 0.0005072748650739444)	(1.0, 0.000615976621875504)	(2.0, 0.0006522105408093571)	(3.0, 0.0008333801354786229)	(4.0, 0.0013768889194864205)	(5.0, 0.0017754620277588055)	(6.0, 0.0017754620277588055)	(7.0, 0.0022827368928327496)	(8.0, 0.0031523509472452258)	(9.0, 0.004565473785665499)	(10.0, 0.005580023515813388)	(11.0, 0.005435087840077975)	(12.0, 0.00731925162463834)	(13.0, 0.011631087977766867)	(14.0, 0.016993707979977134)	(15.0, 0.023008538522996762)	(16.0, 0.033733778527417296)	(17.0, 0.051886971913277735)	(18.0, 0.07583759232855468)	(19.0, 0.11247008437068023)	(20.0, 0.16776304466374017)	(21.0, 0.24019464861251266)	(22.0, 0.3289677500004529)	(23.0, 0.4543371095115849)	(24.0, 0.613983756334142)	(25.0, 0.8092121115497428)	(26.0, 1.0236082098813521)	(27.0, 1.245939536459475)	(28.0, 1.4991059280503072)	(29.0, 1.7650266591058557)	(30.0, 2.019823577048711)	(31.0, 2.285599372428524)	(32.0, 2.5537666064579714)	(33.0, 2.7906639684475034)	(34.0, 3.0207493536774708)	(35.0, 3.2114484690263403)	(36.0, 3.358232074627379)	(37.0, 3.4546142989914292)	(38.0, 3.5069723118508462)	(39.0, 3.5351260668624507)	(40.0, 3.5265023941561933)	(41.0, 3.5265023941561933)	(42.0, 3.5042185340118737)	(43.0, 3.460158088588308)	(44.0, 3.3764215019321737)	(45.0, 3.2626469964798748)	(46.0, 3.1569526549498255)	(47.0, 3.0149156927291205)	(48.0, 2.8678059818576767)	(49.0, 2.7315664466663887)	(50.0, 2.5854712855250925)	(51.0, 2.4179618782938896)	(52.0, 2.241393991329223)	(53.0, 2.053955928684401)	(54.0, 1.8850333986147771)	(55.0, 1.7477793136933415)	(56.0, 1.6023725970117888)	(57.0, 1.4513133889765548)	(58.0, 1.315327491217804)	(59.0, 1.2010457109004309)	(60.0, 1.1021995800488795)	(61.0, 0.990055600948604)	(62.0, 0.8575843933264369)	(63.0, 0.7450780750368228)	(64.0, 0.6507611840520029)	(65.0, 0.5640171821243585)	(66.0, 0.49129570682411516)	(67.0, 0.42962557679869706)	(68.0, 0.37096286204478873)	(69.0, 0.31237261512874814)	(70.0, 0.26874697673238895)	(71.0, 0.23870905793622466)	(72.0, 0.21809195806286225)	(73.0, 0.1967501798108227)	(74.0, 0.16765434290693862)	(75.0, 0.14703724303357615)	(76.0, 0.1344640731635291)	(77.0, 0.1200067395089217)	(78.0, 0.10138250517692116)	(79.0, 0.0857294521974966)	(80.0, 0.0720330308405001)	(81.0, 0.05551036380666306)	(82.0, 0.04253862082834362)	(83.0, 0.030327790147635106)	(84.0, 0.01953008230534686)	(85.0, 0.013551485681261084)	(86.0, 0.008986011895595586)	(87.0, 0.00800769608438155)	(88.0, 0.007754058651844579)	(89.0, 0.006884444597432102)	(90.0, 0.0038770293259222893)	(91.0, 0.0013768889194864205)	(92.0, 0.0011594854058833014)	(93.0, 0.0015218245952218332)	(94.0, 0.0036958597312530235)	(95.0, 0.010580304328685125)	(96.0, 0.03804561488054583)	(97.0, 0.16732823763653393)	(98.0, 0.8721866626567796)	(99.0, 0.9868307821634911)	(100.0, 0.27983455592614803)
trimmed_trimmomatic | fastqc_results | Control_MNP_III_S56_L002_R2_paired	(0.0, 0.0006750960276797242)	(1.0, 0.0007152082356023984)	(2.0, 0.0008347880252586725)	(3.0, 0.001054648334721632)	(4.0, 0.0013660855717061685)	(5.0, 0.0018050493565203388)	(6.0, 0.002383270617896246)	(7.0, 0.002974358059171879)	(8.0, 0.0037444367678760486)	(9.0, 0.004931531072153681)	(10.0, 0.006443307210371449)	(11.0, 0.008608988021139982)	(12.0, 0.012060151570713459)	(13.0, 0.017164619237401688)	(14.0, 0.02437119364947157)	(15.0, 0.035125806377418745)	(16.0, 0.052339998249139964)	(17.0, 0.07934610985866418)	(18.0, 0.11921764453380233)	(19.0, 0.17690732470183707)	(20.0, 0.2597155722046951)	(21.0, 0.373531313265892)	(22.0, 0.5246237832500971)	(23.0, 0.7174586818336828)	(24.0, 0.9524897310666424)	(25.0, 1.2319881901183334)	(26.0, 1.5410232356321798)	(27.0, 1.8671002932573246)	(28.0, 2.2085948185729)	(29.0, 2.5501041021536537)	(30.0, 2.8746799793181452)	(31.0, 3.1759816938781453)	(32.0, 3.460192958943695)	(33.0, 3.724025708716302)	(34.0, 3.94674874320695)	(35.0, 4.111004828896799)	(36.0, 4.199102968423722)	(37.0, 4.20396449234054)	(38.0, 4.147578837347048)	(39.0, 4.057518226968359)	(40.0, 3.9510013940808655)	(41.0, 3.8315548072282595)	(42.0, 3.689458824330409)	(43.0, 3.5263606948315367)	(44.0, 3.3461108122751617)	(45.0, 3.1497502019819956)	(46.0, 2.947493475541252)	(47.0, 2.7394095048571003)	(48.0, 2.527100129327056)	(49.0, 2.3174109134918854)	(50.0, 2.118505448497965)	(51.0, 1.9177124392293428)	(52.0, 1.7119054039703867)	(53.0, 1.5158089287822203)	(54.0, 1.3336491753448483)	(55.0, 1.1733653334905125)	(56.0, 1.0333574559069771)	(57.0, 0.9027339428920679)	(58.0, 0.7910933430680365)	(59.0, 0.7060645442813082)	(60.0, 0.6292072833991291)	(61.0, 0.5466060300258343)	(62.0, 0.45783090238595053)	(63.0, 0.37817638262674885)	(64.0, 0.3156615065792611)	(65.0, 0.2634539542996771)	(66.0, 0.22049453644860484)	(67.0, 0.18576039172401596)	(68.0, 0.1575762678195551)	(69.0, 0.12964644017664173)	(70.0, 0.10443970166779976)	(71.0, 0.08980442203186179)	(72.0, 0.07988724624856441)	(73.0, 0.06854381658167684)	(74.0, 0.05563563238874911)	(75.0, 0.04660092517975056)	(76.0, 0.04102835561494584)	(77.0, 0.0354796263246612)	(78.0, 0.030393701093710816)	(79.0, 0.025722520955998644)	(80.0, 0.02079363880323608)	(81.0, 0.01604488316906968)	(82.0, 0.012764007294639628)	(83.0, 0.009584168774128014)	(84.0, 0.006762691205529345)	(85.0, 0.004489539950892516)	(86.0, 0.0025815611551743716)	(87.0, 0.002671624414472451)	(88.0, 0.0026549740640139825)	(89.0, 0.0019953931356251043)	(90.0, 0.001408089864908214)	(91.0, 0.0011295749117847405)	(92.0, 0.001174228124377906)	(93.0, 0.0014572840821718712)	(94.0, 0.0019246291461766129)	(95.0, 0.0027090877030040055)	(96.0, 0.004047927246687226)	(97.0, 0.0065908898621624195)	(98.0, 0.01081326737160769)	(99.0, 0.02133174785668931)	(100.0, 0.09577660000766976)
trimmed_trimmomatic | fastqc_results | Control_MNP_III_S56_L002_R2_unpaired	(0.0, 0.0008097559395598168)	(1.0, 0.0006747966162998473)	(2.0, 0.0008097559395598168)	(3.0, 0.0013495932325996946)	(4.0, 0.0020243898488995415)	(5.0, 0.003104064434979297)	(6.0, 0.0033739830814992363)	(7.0, 0.0029691051117193275)	(8.0, 0.004048779697799083)	(9.0, 0.005803250900178686)	(10.0, 0.006073169546698625)	(11.0, 0.00728780345603835)	(12.0, 0.011471542477097403)	(13.0, 0.01646503743771627)	(14.0, 0.023617881570494655)	(15.0, 0.030905685026533004)	(16.0, 0.0450764139688298)	(17.0, 0.062351207346105886)	(18.0, 0.08853331605853995)	(19.0, 0.13536420122974935)	(20.0, 0.20203410692017426)	(21.0, 0.28827311448329473)	(22.0, 0.3917869154236913)	(23.0, 0.521347865753262)	(24.0, 0.7008437656890213)	(25.0, 0.9049022624580951)	(26.0, 1.130824169595284)	(27.0, 1.3728062362004092)	(28.0, 1.6412403301644884)	(29.0, 1.9266792988593235)	(30.0, 2.2227800540916967)	(31.0, 2.4986369108350743)	(32.0, 2.774088889608672)	(33.0, 3.0610124108593673)	(34.0, 3.259402616051522)	(35.0, 3.4048887665257688)	(36.0, 3.53350500159252)	(37.0, 3.600849703899245)	(38.0, 3.625952138025599)	(39.0, 3.635264331330537)	(40.0, 3.5870838529267277)	(41.0, 3.538498496553139)	(42.0, 3.4780367197326725)	(43.0, 3.3776269832272554)	(44.0, 3.2685798500332)	(45.0, 3.147656296392267)	(46.0, 3.0463018446240304)	(47.0, 2.891908378814625)	(48.0, 2.725773451881603)	(49.0, 2.597427135461372)	(50.0, 2.4445182222078263)	(51.0, 2.287290610609962)	(52.0, 2.1216955209699795)	(53.0, 1.9563703499765173)	(54.0, 1.7795736365059573)	(55.0, 1.625180170696552)	(56.0, 1.493324911871562)	(57.0, 1.3587704665813725)	(58.0, 1.2555265842874956)	(59.0, 1.1487737595888599)	(60.0, 1.032978660231806)	(61.0, 0.9266307135029503)	(62.0, 0.8135348006110957)	(63.0, 0.697739701254042)	(64.0, 0.5911218358786662)	(65.0, 0.4975950248595073)	(66.0, 0.41837390210590525)	(67.0, 0.35588773543653945)	(68.0, 0.3027137620721115)	(69.0, 0.26033653456848105)	(70.0, 0.21849914435789053)	(71.0, 0.18098045249161904)	(72.0, 0.15709265227460445)	(73.0, 0.13266501476454998)	(74.0, 0.11161136033599472)	(75.0, 0.0975755907169579)	(76.0, 0.08407965839096097)	(77.0, 0.06761462095324469)	(78.0, 0.05263413607138808)	(79.0, 0.04534633261534974)	(80.0, 0.0388682850988712)	(81.0, 0.02793657991481368)	(82.0, 0.01929918322617563)	(83.0, 0.014035769619036822)	(84.0, 0.00985203059797777)	(85.0, 0.005803250900178686)	(86.0, 0.003643901728019175)	(87.0, 0.00472357631409893)	(88.0, 0.004453657667578992)	(89.0, 0.0035089424047592055)	(90.0, 0.003643901728019175)	(91.0, 0.004048779697799083)	(92.0, 0.0048585356373589)	(93.0, 0.006478047516478534)	(94.0, 0.0075577221025582885)	(95.0, 0.010121949244497708)	(96.0, 0.018219508640095874)	(97.0, 0.03414470878477227)	(98.0, 0.0649154344880453)	(99.0, 0.21768938841833074)	(100.0, 2.1720353485459483)
trimmed_trimmomatic | fastqc_results | Control_MNP_II_S55_L002_R1_paired	(0.0, 0.0007614598661060686)	(1.0, 0.0008204294711215594)	(2.0, 0.0009597402158561416)	(3.0, 0.0012110536332040386)	(4.0, 0.001549832035172227)	(5.0, 0.0019740965759548184)	(6.0, 0.0025970372356486603)	(7.0, 0.0032836967302921263)	(8.0, 0.004076818129292418)	(9.0, 0.005274415611016412)	(10.0, 0.006841661489280462)	(11.0, 0.009142663392368135)	(12.0, 0.012796404288361495)	(13.0, 0.01794456953696219)	(14.0, 0.02523819940830769)	(15.0, 0.036470523971694556)	(16.0, 0.053975393970588224)	(17.0, 0.08098901383593948)	(18.0, 0.12156524708569244)	(19.0, 0.1807643982146663)	(20.0, 0.26396180396997787)	(21.0, 0.3774062636374632)	(22.0, 0.5293930988354089)	(23.0, 0.7242662718769022)	(24.0, 0.9601854561624665)	(25.0, 1.2422161011860164)	(26.0, 1.5524464862509675)	(27.0, 1.8795386164278984)	(28.0, 2.2225972618742245)	(29.0, 2.5630596616232246)	(30.0, 2.88526087650632)	(31.0, 3.185431601032454)	(32.0, 3.4711476484848918)	(33.0, 3.7357498069576547)	(34.0, 3.962937532009315)	(35.0, 4.129698429994027)	(36.0, 4.216514353189988)	(37.0, 4.219968626428748)	(38.0, 4.156782101000908)	(39.0, 4.057231513505729)	(40.0, 3.946555459120683)	(41.0, 3.825352736586629)	(42.0, 3.68153338956791)	(43.0, 3.5171067380958236)	(44.0, 3.3358852264999967)	(45.0, 3.1404330431757006)	(46.0, 2.94024825222204)	(47.0, 2.733951598112311)	(48.0, 2.523503721270988)	(49.0, 2.3124823749151187)	(50.0, 2.1101378716489108)	(51.0, 1.9095818492220653)	(52.0, 1.704687009481228)	(53.0, 1.5093127926816836)	(54.0, 1.328166872995642)	(55.0, 1.1685919556704345)	(56.0, 1.0287093244979504)	(57.0, 0.8985000831629739)	(58.0, 0.7878022614740623)	(59.0, 0.7040013077479547)	(60.0, 0.6291886674413558)	(61.0, 0.5473067983777992)	(62.0, 0.4579844690841002)	(63.0, 0.3780901527479784)	(64.0, 0.31518897688534747)	(65.0, 0.26254732498792843)	(66.0, 0.2200183666969243)	(67.0, 0.1856046550558707)	(68.0, 0.15701152046825886)	(69.0, 0.1292000299739732)	(70.0, 0.10451669892963676)	(71.0, 0.08983247574245722)	(72.0, 0.07927612490636202)	(73.0, 0.06803034419149509)	(74.0, 0.05537206334038465)	(75.0, 0.04636039954036636)	(76.0, 0.04097081510344721)	(77.0, 0.03562595258174115)	(78.0, 0.030459581951726277)	(79.0, 0.025912985828115825)	(80.0, 0.02109964128987154)	(81.0, 0.016143424084442068)	(82.0, 0.012780969291075563)	(83.0, 0.009431179110866744)	(84.0, 0.0065753088438078085)	(85.0, 0.004298844628713159)	(86.0, 0.002388071118546787)	(87.0, 0.0026195960778357943)	(88.0, 0.002714976445679642)	(89.0, 0.001897317358686327)	(90.0, 0.0009328279128960518)	(91.0, 0.00034511070854703315)	(92.0, 0.0001634526635664274)	(93.0, 0.00016068227943818287)	(94.0, 0.00020342534884538425)	(95.0, 0.00032650955797167705)	(96.0, 0.0008991875341959397)	(97.0, 0.003414696322641975)	(98.0, 0.017502891153087778)	(99.0, 0.02051113254720016)	(100.0, 0.006518318084598207)
trimmed_trimmomatic | fastqc_results | Control_MNP_II_S55_L002_R1_unpaired	(0.0, 0.0005519696692666738)	(1.0, 0.000896950712558345)	(2.0, 0.0010694412342041803)	(3.0, 0.000896950712558345)	(4.0, 0.0013109279645083503)	(5.0, 0.0017249052164583557)	(6.0, 0.002207878677066695)	(7.0, 0.003070331285295873)	(8.0, 0.003415312328587544)	(9.0, 0.003967281997854218)	(10.0, 0.00489873081474173)	(11.0, 0.0064511455095542505)	(12.0, 0.008900510916925114)	(13.0, 0.012212328932525158)	(14.0, 0.016766078703975215)	(15.0, 0.02373469577846697)	(16.0, 0.03974181618720051)	(17.0, 0.06185510106219664)	(18.0, 0.08590027977962611)	(19.0, 0.1231582324551266)	(20.0, 0.17980411976361899)	(21.0, 0.25828730711247416)	(22.0, 0.36416198929868804)	(23.0, 0.5043622852924231)	(24.0, 0.6773357803988671)	(25.0, 0.8821855239054615)	(26.0, 1.1071476622359602)	(27.0, 1.357086428100776)	(28.0, 1.6207554394886001)	(29.0, 1.8942219125059077)	(30.0, 2.1570284712855026)	(31.0, 2.4167991968841314)	(32.0, 2.6827105850533512)	(33.0, 2.9350642182212088)	(34.0, 3.174205077430995)	(35.0, 3.366359518544456)	(36.0, 3.505110894156366)	(37.0, 3.583904564444184)	(38.0, 3.6264407270820467)	(39.0, 3.634030310034463)	(40.0, 3.617160737017501)	(41.0, 3.5892172725108757)	(42.0, 3.5376081084344415)	(43.0, 3.462643727727161)	(44.0, 3.3677049446132936)	(45.0, 3.2518603102759505)	(46.0, 3.1247347958229694)	(47.0, 2.9791872936582133)	(48.0, 2.827361136505549)	(49.0, 2.681710140027805)	(50.0, 2.520983471958216)	(51.0, 2.3522532436842596)	(52.0, 2.1757264438319117)	(53.0, 1.99602581838128)	(54.0, 1.8365755801718695)	(55.0, 1.6775393192144092)	(56.0, 1.525161192392478)	(57.0, 1.3949308485498721)	(58.0, 1.2730490459549249)	(59.0, 1.1728665509830234)	(60.0, 1.067716328987722)	(61.0, 0.9399698486568162)	(62.0, 0.8134308019774315)	(63.0, 0.7059002107834175)	(64.0, 0.6143767399981371)	(65.0, 0.5267860531063818)	(66.0, 0.45109721220818916)	(67.0, 0.3983841087932218)	(68.0, 0.3523636376181129)	(69.0, 0.2988915759079039)	(70.0, 0.2519051578115783)	(71.0, 0.22144333168892372)	(72.0, 0.20202089895160263)	(73.0, 0.18404738659610653)	(74.0, 0.1579668197232562)	(75.0, 0.13864788129892264)	(76.0, 0.12726350687029747)	(77.0, 0.11173935992217228)	(78.0, 0.09624971107837625)	(79.0, 0.08062206981726354)	(80.0, 0.06437346267822583)	(81.0, 0.049608274025342305)	(82.0, 0.038051409075071325)	(83.0, 0.028012460715283693)	(84.0, 0.019008455485371077)	(85.0, 0.012695302393133498)	(86.0, 0.008072556413025104)	(87.0, 0.008624526082291778)	(88.0, 0.007831069682720933)	(89.0, 0.005243711858033401)	(90.0, 0.0029668369723083714)	(91.0, 0.001241931755850016)	(92.0, 0.0007934563995708436)	(93.0, 0.0009659469212166791)	(94.0, 0.0016559090078000214)	(95.0, 0.004519251667120892)	(96.0, 0.018801466859396074)	(97.0, 0.08627975892724694)	(98.0, 0.4936678729503814)	(99.0, 0.561318655539878)	(100.0, 0.15141217990071446)
trimmed_trimmomatic | fastqc_results | Control_MNP_II_S55_L002_R2_paired	(0.0, 0.0007116073882672707)	(1.0, 0.0007575175423490301)	(2.0, 0.0009043508799725882)	(3.0, 0.001143796080140385)	(4.0, 0.001465562935903061)	(5.0, 0.001894189633062935)	(6.0, 0.0024672750047042076)	(7.0, 0.0031650301913088786)	(8.0, 0.004021096254057548)	(9.0, 0.005128876609875172)	(10.0, 0.006605917084298673)	(11.0, 0.008929129191711844)	(12.0, 0.012533472064320315)	(13.0, 0.01757409036074521)	(14.0, 0.024752301262304436)	(15.0, 0.03599276924571865)	(16.0, 0.053555777845133774)	(17.0, 0.08065464206908263)	(18.0, 0.12133816257494792)	(19.0, 0.18035566564704963)	(20.0, 0.2639548900124106)	(21.0, 0.3784172154592344)	(22.0, 0.5309608263853065)	(23.0, 0.725401806460078)	(24.0, 0.9614318452522583)	(25.0, 1.2431959172764881)	(26.0, 1.5548589771464636)	(27.0, 1.883473569856748)	(28.0, 2.2270928674079604)	(29.0, 2.567686844116061)	(30.0, 2.889777049843261)	(31.0, 3.192167050143102)	(32.0, 3.4780836164485884)	(33.0, 3.739381258404922)	(34.0, 3.964333889416117)	(35.0, 4.132157270330417)	(36.0, 4.220667298073765)	(37.0, 4.22283853174008)	(38.0, 4.156377647048878)	(39.0, 4.055569634669474)	(40.0, 3.9449906750144628)	(41.0, 3.8214203290858837)	(42.0, 3.6764487273657798)	(43.0, 3.5114250742960857)	(44.0, 3.3276403950717572)	(45.0, 3.13164361486168)	(46.0, 2.930344607632351)	(47.0, 2.7229320301435305)	(48.0, 2.511268805630244)	(49.0, 2.3009516193413715)	(50.0, 2.1014043219565752)	(51.0, 1.9016702177379294)	(52.0, 1.696285602572514)	(53.0, 1.5008904036917843)	(54.0, 1.319546878177596)	(55.0, 1.16098507929491)	(56.0, 1.0235146426636983)	(57.0, 0.894982833876767)	(58.0, 0.7862664016795898)	(59.0, 0.7020181027220384)	(60.0, 0.6238410258646093)	(61.0, 0.5416396865355998)	(62.0, 0.45501474554993665)	(63.0, 0.3761874067687462)	(64.0, 0.3135794130256986)	(65.0, 0.26101743170555874)	(66.0, 0.21858180557796972)	(67.0, 0.1848999793467631)	(68.0, 0.15668225300566654)	(69.0, 0.1288927575845395)	(70.0, 0.10398808210394647)	(71.0, 0.08925804663312818)	(72.0, 0.07912060967924728)	(73.0, 0.06800797772831935)	(74.0, 0.05501857034070432)	(75.0, 0.04579775335969716)	(76.0, 0.04041637090237231)	(77.0, 0.03501559536271982)	(78.0, 0.029994370148622565)	(79.0, 0.025564436056923146)	(80.0, 0.02057289413210289)	(81.0, 0.015693357152154516)	(82.0, 0.012632020584719955)	(83.0, 0.009497465237068795)	(84.0, 0.006649056798047913)	(85.0, 0.004478614686113701)	(86.0, 0.0027189892977731644)	(87.0, 0.0028614690863027624)	(88.0, 0.0028539493196859224)	(89.0, 0.0022036873959244514)	(90.0, 0.001614770936668779)	(91.0, 0.0013963019275900616)	(92.0, 0.00152769995478958)	(93.0, 0.001908437611915895)	(94.0, 0.0024601510152777277)	(95.0, 0.003469382850695715)	(96.0, 0.005180327644621972)	(97.0, 0.008291136360851532)	(98.0, 0.01365787506213306)	(99.0, 0.02671100257739605)	(100.0, 0.10269349491427893)
trimmed_trimmomatic | fastqc_results | Control_MNP_II_S55_L002_R2_unpaired	(0.0, 0.0009406570803258435)	(1.0, 0.00047032854016292177)	(2.0, 0.0003135523601086145)	(3.0, 0.001097433260380151)	(4.0, 0.00172453798059738)	(5.0, 0.0020380903407059944)	(6.0, 0.002508418880868916)	(7.0, 0.0031355236010861456)	(8.0, 0.004076180681411989)	(9.0, 0.0051736139417921405)	(10.0, 0.008152361362823978)	(11.0, 0.011287884963910123)	(12.0, 0.01207176586418166)	(13.0, 0.014893737105159191)	(14.0, 0.020380903407059944)	(15.0, 0.02931714567015546)	(16.0, 0.04468121131547757)	(17.0, 0.06192659112145137)	(18.0, 0.08873531791073791)	(19.0, 0.13247587214588963)	(20.0, 0.19095338730614625)	(21.0, 0.2771802863360152)	(22.0, 0.3897455836150079)	(23.0, 0.5120310040573676)	(24.0, 0.6713156029925438)	(25.0, 0.8909590312486282)	(26.0, 1.1399196051748681)	(27.0, 1.4045577971065388)	(28.0, 1.6630817180160917)	(29.0, 1.916902353524015)	(30.0, 2.1939258636799757)	(31.0, 2.460915698312461)	(32.0, 2.7208506048425023)	(33.0, 2.971692492929394)	(34.0, 3.218614976514928)	(35.0, 3.430419595768297)	(36.0, 3.5561540921718517)	(37.0, 3.607263126869556)	(38.0, 3.635482839279331)	(39.0, 3.6182374594733573)	(40.0, 3.549726268789625)	(41.0, 3.454876679856769)	(42.0, 3.4075302734803685)	(43.0, 3.3697472140872806)	(44.0, 3.244169493863781)	(45.0, 3.128155120623593)	(46.0, 3.0213905420066096)	(47.0, 2.92168089149207)	(48.0, 2.788577914625963)	(49.0, 2.6125182644249767)	(50.0, 2.4685977311351226)	(51.0, 2.3191900315433673)	(52.0, 2.1605325373284088)	(53.0, 1.998896295692418)	(54.0, 1.838357487316807)	(55.0, 1.698983463248528)	(56.0, 1.581244552027743)	(57.0, 1.4619378790064153)	(58.0, 1.3333814113618832)	(59.0, 1.2037275104569711)	(60.0, 1.102606874321943)	(61.0, 0.990355129403059)	(62.0, 0.8633664235590701)	(63.0, 0.7440597505377423)	(64.0, 0.6167574923336447)	(65.0, 0.5244163222816578)	(66.0, 0.4446172466340154)	(67.0, 0.3828474316926183)	(68.0, 0.3260944545129591)	(69.0, 0.27106601531389724)	(70.0, 0.2260712516383111)	(71.0, 0.18703398280478856)	(72.0, 0.1638311081567511)	(73.0, 0.14392053328985407)	(74.0, 0.11914989684127353)	(75.0, 0.1055103691765488)	(76.0, 0.09202761769187837)	(77.0, 0.07290092372525288)	(78.0, 0.06020205314085399)	(79.0, 0.05079548233759555)	(80.0, 0.039507597373685435)	(81.0, 0.027906160049666694)	(82.0, 0.020851231947222867)	(83.0, 0.016461498905702265)	(84.0, 0.011287884963910123)	(85.0, 0.0067413757423352115)	(86.0, 0.004546509221574911)	(87.0, 0.0039194045013576815)	(88.0, 0.004546509221574911)	(89.0, 0.004232956861466296)	(90.0, 0.0031355236010861456)	(91.0, 0.002821971240977531)	(92.0, 0.002821971240977531)	(93.0, 0.002821971240977531)	(94.0, 0.0067413757423352115)	(95.0, 0.012385318224290273)	(96.0, 0.015677618005430726)	(97.0, 0.022575769927820247)	(98.0, 0.045465092215749105)	(99.0, 0.17511899312066123)	(100.0, 1.6039770981356176)
trimmed_trimmomatic | fastqc_results | Control_MNP_I_S54_L002_R1_paired	(0.0, 0.000744942658663666)	(1.0, 0.0007872689460877379)	(2.0, 0.0009307752158303056)	(3.0, 0.0011730428228957077)	(4.0, 0.0014971412523143157)	(5.0, 0.0019768391764537975)	(6.0, 0.0025698103078900815)	(7.0, 0.003226472424212112)	(8.0, 0.004170550187518554)	(9.0, 0.005299654292993082)	(10.0, 0.006834687650239425)	(11.0, 0.00920778149848239)	(12.0, 0.01254833334498986)	(13.0, 0.01764038727585535)	(14.0, 0.025160760782364743)	(15.0, 0.036210340445043177)	(16.0, 0.05357258354639748)	(17.0, 0.08059650719041994)	(18.0, 0.12097497917798603)	(19.0, 0.17971338532761666)	(20.0, 0.26319372356786336)	(21.0, 0.3777282542299027)	(22.0, 0.5297751625596495)	(23.0, 0.7234247803522663)	(24.0, 0.9600839527802295)	(25.0, 1.2430440525751343)	(26.0, 1.5531300622113788)	(27.0, 1.8791456708965475)	(28.0, 2.222538840768043)	(29.0, 2.5646231205893866)	(30.0, 2.8893983674992807)	(31.0, 3.189925489005172)	(32.0, 3.471599272769885)	(33.0, 3.7321901312149173)	(34.0, 3.951591868491338)	(35.0, 4.114232845009581)	(36.0, 4.203520752991909)	(37.0, 4.2099652325828485)	(38.0, 4.155747273930109)	(39.0, 4.063411873253247)	(40.0, 3.955647533041563)	(41.0, 3.8376470841007406)	(42.0, 3.696524792108897)	(43.0, 3.5333105967266825)	(44.0, 3.348922373729952)	(45.0, 3.1493712621479215)	(46.0, 2.9443882770131355)	(47.0, 2.732067122961513)	(48.0, 2.5197911169498095)	(49.0, 2.311707832038085)	(50.0, 2.110684974976195)	(51.0, 1.90842175613903)	(52.0, 1.7024269711810587)	(53.0, 1.5085604815538312)	(54.0, 1.3280566024201323)	(55.0, 1.1694757246346066)	(56.0, 1.0302403788468775)	(57.0, 0.8991651381670102)	(58.0, 0.7880396876263552)	(59.0, 0.7025047104622943)	(60.0, 0.6251540248560519)	(61.0, 0.5424895761943416)	(62.0, 0.45428078698757707)	(63.0, 0.3746142487979889)	(64.0, 0.31168997437586715)	(65.0, 0.26013091278835765)	(66.0, 0.218059792411328)	(67.0, 0.18429833002439183)	(68.0, 0.15609168897749104)	(69.0, 0.12772420803837872)	(70.0, 0.10289399540542105)	(71.0, 0.08857722946110352)	(72.0, 0.0786378078514336)	(73.0, 0.0676906174935715)	(74.0, 0.05492702474396778)	(75.0, 0.045762375747908014)	(76.0, 0.04041837962999448)	(77.0, 0.035118725337001395)	(78.0, 0.029878327846402014)	(79.0, 0.025427214839386755)	(80.0, 0.02081284329516436)	(81.0, 0.01612188132607936)	(82.0, 0.012782135694570446)	(83.0, 0.00934201629574159)	(84.0, 0.006415052743492198)	(85.0, 0.00418788380998746)	(86.0, 0.0023561633332733374)	(87.0, 0.0025536860079190065)	(88.0, 0.0027197662976210795)	(89.0, 0.0019191948040572044)	(90.0, 0.0009194882058505531)	(91.0, 0.0003414320518875136)	(92.0, 0.00016406475220568834)	(93.0, 0.00019671645964711526)	(94.0, 0.00026282608952852285)	(95.0, 0.00039907642428410676)	(96.0, 0.0010500950356162608)	(97.0, 0.004232225634907916)	(98.0, 0.01972929033710812)	(99.0, 0.02251234451211567)	(100.0, 0.007055187452343875)
trimmed_trimmomatic | fastqc_results | Control_MNP_I_S54_L002_R1_unpaired	(0.0, 0.0005290755349803959)	(1.0, 0.0006046577542633096)	(2.0, 0.0006424488639047664)	(3.0, 0.000755822192829137)	(4.0, 0.0011715243988851623)	(5.0, 0.001700599933865558)	(6.0, 0.0026831687845434364)	(7.0, 0.0027965421134678067)	(8.0, 0.0026831687845434364)	(9.0, 0.003627946525579857)	(10.0, 0.004572724266616278)	(11.0, 0.006500070858330578)	(12.0, 0.009901270726061694)	(13.0, 0.013491426142000093)	(14.0, 0.01829089706646511)	(15.0, 0.027058434503283102)	(16.0, 0.03801785629930559)	(17.0, 0.0565732911332609)	(18.0, 0.08314044121120506)	(19.0, 0.12062922197553026)	(20.0, 0.17595540649062308)	(21.0, 0.2514998346638953)	(22.0, 0.36014927488308374)	(23.0, 0.4934763096981435)	(24.0, 0.6551844678539374)	(25.0, 0.8542680334451319)	(26.0, 1.0811280646227974)	(27.0, 1.3293778638575275)	(28.0, 1.5973924134347395)	(29.0, 1.8731919315980914)	(30.0, 2.1446832632623174)	(31.0, 2.399584297793944)	(32.0, 2.658831309934338)	(33.0, 2.910142189050026)	(34.0, 3.1190514431479994)	(35.0, 3.3102744579337715)	(36.0, 3.449648070291464)	(37.0, 3.5415182578298454)	(38.0, 3.614190561670367)	(39.0, 3.641853653927914)	(40.0, 3.624394161273561)	(41.0, 3.592687420284378)	(42.0, 3.561585337049459)	(43.0, 3.4765553403561813)	(44.0, 3.3759176153809816)	(45.0, 3.2871840899428406)	(46.0, 3.160281543766829)	(47.0, 3.005526949785063)	(48.0, 2.847862440360905)	(49.0, 2.6985119750578677)	(50.0, 2.556530776134914)	(51.0, 2.389758609287165)	(52.0, 2.188823279323539)	(53.0, 2.0021351976947424)	(54.0, 1.8282960933440409)	(55.0, 1.677849685861401)	(56.0, 1.5458453398837924)	(57.0, 1.4040908876186877)	(58.0, 1.2712551372289669)	(59.0, 1.1642685058340025)	(60.0, 1.0686947895507581)	(61.0, 0.9540365628985781)	(62.0, 0.8334073409230478)	(63.0, 0.7219235674807502)	(64.0, 0.6226841135622845)	(65.0, 0.54033728565355)	(66.0, 0.4683830128962162)	(67.0, 0.40855968633379)	(68.0, 0.3582597194010109)	(69.0, 0.3004771127592234)	(70.0, 0.25607255893051156)	(71.0, 0.2326798620624498)	(72.0, 0.2087958807690491)	(73.0, 0.18528981057206292)	(74.0, 0.16231281591005717)	(75.0, 0.14285039444470687)	(76.0, 0.12678917284708774)	(77.0, 0.11182389342907081)	(78.0, 0.09999527611129481)	(79.0, 0.08525674335112665)	(80.0, 0.06681468184609571)	(81.0, 0.05203835797628608)	(82.0, 0.04020974065851009)	(83.0, 0.028532287779299923)	(84.0, 0.019122301478577165)	(85.0, 0.013453635032358637)	(86.0, 0.008654164107893618)	(87.0, 0.008125088572913221)	(88.0, 0.007596013037932827)	(89.0, 0.005782039775142897)	(90.0, 0.0033256176484482026)	(91.0, 0.0013226888374509897)	(92.0, 0.0009069866313949642)	(93.0, 0.0012093155085266191)	(94.0, 0.0027965421134678067)	(95.0, 0.006235533090840379)	(96.0, 0.02146535027634749)	(97.0, 0.09455335632292503)	(98.0, 0.49706646511408187)	(99.0, 0.5609712315177855)	(100.0, 0.15505692285889744)
trimmed_trimmomatic | fastqc_results | Control_MNP_I_S54_L002_R2_paired	(0.0, 0.0006942352258993248)	(1.0, 0.000731728765974027)	(2.0, 0.000856707232889701)	(3.0, 0.0010869095058214748)	(4.0, 0.0014360429004955835)	(5.0, 0.0018928190392551276)	(6.0, 0.0024177286003009587)	(7.0, 0.0030954344160598235)	(8.0, 0.003932790144394839)	(9.0, 0.004959629354827813)	(10.0, 0.00643800367153677)	(11.0, 0.008831139734799483)	(12.0, 0.01227933595263742)	(13.0, 0.01738329527893559)	(14.0, 0.024842897128421776)	(15.0, 0.035869223161143333)	(16.0, 0.05330170351415542)	(17.0, 0.08034785006739706)	(18.0, 0.12105898093066055)	(19.0, 0.1802540238944073)	(20.0, 0.263847282538163)	(21.0, 0.37885811198279473)	(22.0, 0.5318664269332402)	(23.0, 0.7261998798602155)	(24.0, 0.9633690975880208)	(25.0, 1.2461675504303937)	(26.0, 1.5570720478567224)	(27.0, 1.884142308400421)	(28.0, 2.2296106087431413)	(29.0, 2.5736186768046725)	(30.0, 2.8977966937301356)	(31.0, 3.1987456483757684)	(32.0, 3.4800104944821824)	(33.0, 3.7376394935567734)	(34.0, 3.9580934460691246)	(35.0, 4.121516498877095)	(36.0, 4.206217228000261)	(37.0, 4.213100719432901)	(38.0, 4.158601641574424)	(39.0, 4.066114350806066)	(40.0, 3.957807205064253)	(41.0, 3.8369062614207894)	(42.0, 3.6931528035236223)	(43.0, 3.5263408184805125)	(44.0, 3.3396504035399484)	(45.0, 3.139509080308498)	(46.0, 2.9354123901773392)	(47.0, 2.72368838515722)	(48.0, 2.5099385195040327)	(49.0, 2.298173392536735)	(50.0, 2.097260024904822)	(51.0, 1.8971811909068295)	(52.0, 1.6910425138888068)	(53.0, 1.4981108355730113)	(54.0, 1.320630930487787)	(55.0, 1.1621199345859479)	(56.0, 1.022038021521687)	(57.0, 0.8921821691455426)	(58.0, 0.7829513922175884)	(59.0, 0.6969496775694642)	(60.0, 0.6180394830279423)	(61.0, 0.5358431611192279)	(62.0, 0.44910125142188706)	(63.0, 0.3717456277462582)	(64.0, 0.3099216022574885)	(65.0, 0.25805110376768997)	(66.0, 0.21672515947847035)	(67.0, 0.18287050857273868)	(68.0, 0.1545451469371634)	(69.0, 0.1266443089327565)	(70.0, 0.10199492684988158)	(71.0, 0.08817472734707738)	(72.0, 0.07824377710341994)	(73.0, 0.06721462897628416)	(74.0, 0.05435958576314486)	(75.0, 0.04502208165916446)	(76.0, 0.039695580030487405)	(77.0, 0.034187658046610184)	(78.0, 0.02916352367660009)	(79.0, 0.02492675364815874)	(80.0, 0.020278360991585444)	(81.0, 0.015618679957355249)	(82.0, 0.012338196778991251)	(83.0, 0.009211719324374954)	(84.0, 0.006499686592304829)	(85.0, 0.004291599291346291)	(86.0, 0.0025289997514903973)	(87.0, 0.0026809896935136527)	(88.0, 0.0026882465077216595)	(89.0, 0.002027473258448144)	(90.0, 0.001457410186774715)	(91.0, 0.0012384962914998407)	(92.0, 0.0013521863807586152)	(93.0, 0.001689628241430935)	(94.0, 0.0022080873009585377)	(95.0, 0.003146635271860761)	(96.0, 0.004682660945888884)	(97.0, 0.007606350759025877)	(98.0, 0.01280424551368325)	(99.0, 0.025055360522178417)	(100.0, 0.09877975499938965)
trimmed_trimmomatic | fastqc_results | Control_MNP_I_S54_L002_R2_unpaired	(0.0, 0.0006041520348595724)	(1.0, 0.0006041520348595724)	(2.0, 0.0006041520348595724)	(3.0, 0.0013593420784340378)	(4.0, 0.0022655701307233963)	(5.0, 0.003171798183012755)	(6.0, 0.0027186841568680757)	(7.0, 0.0019634941132936103)	(8.0, 0.003020760174297862)	(9.0, 0.0045311402614467925)	(10.0, 0.0043801022527319)	(11.0, 0.005739444331165938)	(12.0, 0.011025774636187197)	(13.0, 0.015254838880204204)	(14.0, 0.019937017150365888)	(15.0, 0.028999297673259476)	(16.0, 0.04244168044888496)	(17.0, 0.06811814193041679)	(18.0, 0.1052734920742805)	(19.0, 0.14091846213099526)	(20.0, 0.19574525929450143)	(21.0, 0.2886336346541607)	(22.0, 0.38907391044956463)	(23.0, 0.5112636594999131)	(24.0, 0.6870719016440487)	(25.0, 0.890066985356865)	(26.0, 1.1258373169608131)	(27.0, 1.3967995045953314)	(28.0, 1.6950995718072452)	(29.0, 1.9686294055899167)	(30.0, 2.2047018132112948)	(31.0, 2.476872304915532)	(32.0, 2.7472303405151903)	(33.0, 3.000974195156211)	(34.0, 3.194000770293844)	(35.0, 3.347002273122031)	(36.0, 3.5302113776931967)	(37.0, 3.628386083357877)	(38.0, 3.6403180860463533)	(39.0, 3.6614634072664387)	(40.0, 3.6400160100289236)	(41.0, 3.5560388771834437)	(42.0, 3.4900352673750348)	(43.0, 3.385516965344329)	(44.0, 3.242181895073895)	(45.0, 3.1216535641194105)	(46.0, 3.0116978937749685)	(47.0, 2.8928309809163477)	(48.0, 2.7455689224193267)	(49.0, 2.575953238632502)	(50.0, 2.420686165673592)	(51.0, 2.29562669445766)	(52.0, 2.132052531019431)	(53.0, 1.9477861603872615)	(54.0, 1.804300052108113)	(55.0, 1.6636836659945475)	(56.0, 1.537264852700182)	(57.0, 1.4318403226171865)	(58.0, 1.2909218604861914)	(59.0, 1.1690341874532726)	(60.0, 1.0788644962504814)	(61.0, 0.9596955073744309)	(62.0, 0.8272351737314695)	(63.0, 0.7027798545503976)	(64.0, 0.6083810991035894)	(65.0, 0.5145864956916408)	(66.0, 0.4289479447502964)	(67.0, 0.3682306652469094)	(68.0, 0.30721130972609256)	(69.0, 0.25087413247543744)	(70.0, 0.203448197738961)	(71.0, 0.18260495253630576)	(72.0, 0.16719907564738665)	(73.0, 0.14197572819199952)	(74.0, 0.11509096264074854)	(75.0, 0.09651328756881669)	(76.0, 0.08367505682805078)	(77.0, 0.07249824418314868)	(78.0, 0.06404011569511467)	(79.0, 0.0524101890240679)	(80.0, 0.04017611031816157)	(81.0, 0.0285461836471148)	(82.0, 0.02054116918522546)	(83.0, 0.01465068684534463)	(84.0, 0.0087602045054638)	(85.0, 0.005286330305021259)	(86.0, 0.003171798183012755)	(87.0, 0.0022655701307233963)	(88.0, 0.0024166081394382897)	(89.0, 0.0034738742004425415)	(90.0, 0.0024166081394382897)	(91.0, 0.0018124561045787173)	(92.0, 0.0022655701307233963)	(93.0, 0.0037759502178723275)	(94.0, 0.00830709047931912)	(95.0, 0.012536154723336126)	(96.0, 0.016010028923778667)	(97.0, 0.02612957550767651)	(98.0, 0.059962089459812566)	(99.0, 0.19846394345136953)	(100.0, 1.9157661025397041)
trimmed_trimmomatic | fastqc_results | Only_MNP_C1_S57_L002_R1_paired	(0.0, 0.0008079641432231538)	(1.0, 0.000829621825399267)	(2.0, 0.0009374682427660336)	(3.0, 0.0011690728439963031)	(4.0, 0.0015438833436971975)	(5.0, 0.0019933907472299913)	(6.0, 0.0025834520881506205)	(7.0, 0.003285779781575999)	(8.0, 0.00414678314645494)	(9.0, 0.00518458391685317)	(10.0, 0.006652002382663274)	(11.0, 0.0090347894155495)	(12.0, 0.012583997331349243)	(13.0, 0.017686370454635943)	(14.0, 0.02500180510151035)	(15.0, 0.036013189510765514)	(16.0, 0.05315988588505382)	(17.0, 0.08006005312832755)	(18.0, 0.12061030605823182)	(19.0, 0.17935389600309862)	(20.0, 0.26189397473734805)	(21.0, 0.37538288130126285)	(22.0, 0.5260500722783154)	(23.0, 0.7182399019156281)	(24.0, 0.9529419936905956)	(25.0, 1.232214711396976)	(26.0, 1.5405392207717998)	(27.0, 1.8667896610857382)	(28.0, 2.2073138399342764)	(29.0, 2.5452779923508957)	(30.0, 2.8688026586652406)	(31.0, 3.1726082263549915)	(32.0, 3.460155504633188)	(33.0, 3.731250900340788)	(34.0, 3.9680714670273898)	(35.0, 4.141343974274139)	(36.0, 4.229372728462734)	(37.0, 4.227342210260345)	(38.0, 4.155759150733155)	(39.0, 4.048581469552764)	(40.0, 3.935864725657455)	(41.0, 3.8169583045949147)	(42.0, 3.674883025532586)	(43.0, 3.5092335804183152)	(44.0, 3.3294350389403355)	(45.0, 3.139692527388924)	(46.0, 2.9408409715116437)	(47.0, 2.733519493929449)	(48.0, 2.5244618658250544)	(49.0, 2.317287572082954)	(50.0, 2.1199189044444675)	(51.0, 1.9223588536145062)	(52.0, 1.7164597111597137)	(53.0, 1.5200457495110316)	(54.0, 1.3372261823662408)	(55.0, 1.175598878227534)	(56.0, 1.0357004172206614)	(57.0, 0.9062276992172612)	(58.0, 0.7966172857369259)	(59.0, 0.7126013906601042)	(60.0, 0.6353891017411787)	(61.0, 0.5517639289305546)	(62.0, 0.463071300484234)	(63.0, 0.38250472278909364)	(64.0, 0.31765455045759056)	(65.0, 0.26522395387030384)	(66.0, 0.22303523098474953)	(67.0, 0.18782293372098638)	(68.0, 0.15886882261909233)	(69.0, 0.13047781125377717)	(70.0, 0.10556838279665068)	(71.0, 0.09171453810015913)	(72.0, 0.08189344222356258)	(73.0, 0.0706146517384595)	(74.0, 0.05727926543365327)	(75.0, 0.047871433492458065)	(76.0, 0.042344746595925076)	(77.0, 0.036829551530750834)	(78.0, 0.03187215227998995)	(79.0, 0.027374426283579223)	(80.0, 0.02240597719497338)	(81.0, 0.017247912888948107)	(82.0, 0.01353295740547403)	(83.0, 0.009995683314546842)	(84.0, 0.00697421565422218)	(85.0, 0.00456225704942527)	(86.0, 0.0025140591064842996)	(87.0, 0.0027620174677251033)	(88.0, 0.002868095911036677)	(89.0, 0.0019796889483022465)	(90.0, 0.0009538220027765678)	(91.0, 0.00031690934939332675)	(92.0, 0.0001352500152222566)	(93.0, 0.00013613400224985308)	(94.0, 0.00018298531471246484)	(95.0, 0.0003328211158900628)	(96.0, 0.000902550755175974)	(97.0, 0.0035231302984856452)	(98.0, 0.016796195517846318)	(99.0, 0.01923467373347112)	(100.0, 0.005964702468707036)
trimmed_trimmomatic | fastqc_results | Only_MNP_C1_S57_L002_R1_unpaired	(0.0, 0.0012308704056113622)	(1.0, 0.0010550317762383107)	(2.0, 0.0009671124615517846)	(3.0, 0.0011429510909248364)	(4.0, 0.0015385880070142028)	(5.0, 0.0015385880070142028)	(6.0, 0.0016265073217007287)	(7.0, 0.0024617408112227244)	(8.0, 0.003033216356685143)	(9.0, 0.0032530146434014574)	(10.0, 0.0040882481329234535)	(11.0, 0.006110392370713549)	(12.0, 0.008176496265846907)	(13.0, 0.010550317762383106)	(14.0, 0.0161331942449775)	(15.0, 0.024177811538794617)	(16.0, 0.036134838336162135)	(17.0, 0.05429017681892974)	(18.0, 0.08198476094518539)	(19.0, 0.11952630831633193)	(20.0, 0.16568394852675802)	(21.0, 0.24234959093340858)	(22.0, 0.35321584675311773)	(23.0, 0.47630288731425396)	(24.0, 0.6307331635611366)	(25.0, 0.8285076619484766)	(26.0, 1.0398217347975416)	(27.0, 1.2805887780665928)	(28.0, 1.5376208945526513)	(29.0, 1.7950046882974555)	(30.0, 2.069884425664879)	(31.0, 2.3445443647455857)	(32.0, 2.6063680838820598)	(33.0, 2.858564638060359)	(34.0, 3.0737911204129746)	(35.0, 3.2660706616324067)	(36.0, 3.4335129964528956)	(37.0, 3.5154098380833942)	(38.0, 3.541170197286546)	(39.0, 3.565304049167998)	(40.0, 3.576689600419903)	(41.0, 3.5676339110071904)	(42.0, 3.5396316092795317)	(43.0, 3.474879034012906)	(44.0, 3.3819043587319046)	(45.0, 3.2886219658495004)	(46.0, 3.1685241819877064)	(47.0, 3.032073405594218)	(48.0, 2.8935565253055966)	(49.0, 2.728751769925704)	(50.0, 2.572738946014464)	(51.0, 2.429298584103397)	(52.0, 2.251042173576465)	(53.0, 2.0657082582172688)	(54.0, 1.8998045114037945)	(55.0, 1.7363185457441996)	(56.0, 1.5940650945814008)	(57.0, 1.4501411764395578)	(58.0, 1.3126793279271747)	(59.0, 1.2095499717998799)	(60.0, 1.1142893943370291)	(61.0, 0.9894879271395054)	(62.0, 0.8577847937390897)	(63.0, 0.7476218924368728)	(64.0, 0.648009308897039)	(65.0, 0.5545950370426053)	(66.0, 0.48447938358010084)	(67.0, 0.42676035348839664)	(68.0, 0.3652168332078285)	(69.0, 0.308464915577676)	(70.0, 0.2642854599476968)	(71.0, 0.2380855041711121)	(72.0, 0.21795198110789765)	(73.0, 0.19720302284187757)	(74.0, 0.17346480787651558)	(75.0, 0.15196853543566)	(76.0, 0.13315380209274344)	(77.0, 0.11548201984075174)	(78.0, 0.10229412263777288)	(79.0, 0.0889743464627642)	(80.0, 0.07490725611292005)	(81.0, 0.05723547386092835)	(82.0, 0.04176167447609979)	(83.0, 0.029716728364045746)	(84.0, 0.0185070157415137)	(85.0, 0.012044946112054046)	(86.0, 0.008879850783339114)	(87.0, 0.009055689412712165)	(88.0, 0.008264415580533433)	(89.0, 0.005934553741340497)	(90.0, 0.003340933958087983)	(91.0, 0.0012308704056113622)	(92.0, 0.0010550317762383107)	(93.0, 0.00149462834967094)	(94.0, 0.001978184580446832)	(95.0, 0.004527844706356083)	(96.0, 0.01881473334291654)	(97.0, 0.09385386842786639)	(98.0, 0.508920953062955)	(99.0, 0.5788168082387432)	(100.0, 0.16300240942881897)
trimmed_trimmomatic | fastqc_results | Only_MNP_C1_S57_L002_R2_paired	(0.0, 0.0006471606350963938)	(1.0, 0.000676335909629428)	(2.0, 0.0008208861334521882)	(3.0, 0.0010945148446029175)	(4.0, 0.0014552273297386124)	(5.0, 0.0018530719824618055)	(6.0, 0.0023499357487516597)	(7.0, 0.0029935599869349585)	(8.0, 0.003845389593376728)	(9.0, 0.004982783250550923)	(10.0, 0.006562226521861999)	(11.0, 0.008833919488911431)	(12.0, 0.012146639297253218)	(13.0, 0.017172743409989557)	(14.0, 0.0246044815228588)	(15.0, 0.03581397563814183)	(16.0, 0.05319006187063435)	(17.0, 0.08020282969131087)	(18.0, 0.12051200785561066)	(19.0, 0.1790681099922526)	(20.0, 0.26278523411595167)	(21.0, 0.37638889060183117)	(22.0, 0.5278280156113004)	(23.0, 0.7213299296043504)	(24.0, 0.9565272893516336)	(25.0, 1.237668191645005)	(26.0, 1.5463819386201645)	(27.0, 1.8719678352677005)	(28.0, 2.2135342675158984)	(29.0, 2.552999637948105)	(30.0, 2.8748484471577274)	(31.0, 3.1778632905074344)	(32.0, 3.4661813103359322)	(33.0, 3.736675889722431)	(34.0, 3.9745105174676545)	(35.0, 4.147473922288677)	(36.0, 4.233710287163342)	(37.0, 4.229775161498296)	(38.0, 4.1574912085946325)	(39.0, 4.050772474848935)	(40.0, 3.9343812534963085)	(41.0, 3.811379622213879)	(42.0, 3.6676834382456316)	(43.0, 3.503071676784497)	(44.0, 3.3237577872067847)	(45.0, 3.1302784177440555)	(46.0, 2.9301055330240655)	(47.0, 2.7237563310953554)	(48.0, 2.5146049766626315)	(49.0, 2.3079489923017107)	(50.0, 2.1102312511386367)	(51.0, 1.912283202126598)	(52.0, 1.7072526341968584)	(53.0, 1.5103478222741824)	(54.0, 1.3278847712453588)	(55.0, 1.168083393685262)	(56.0, 1.0290309409135223)	(57.0, 0.9002950420365091)	(58.0, 0.7911445933634446)	(59.0, 0.7063015688725389)	(60.0, 0.6287125785496195)	(61.0, 0.5463994040004191)	(62.0, 0.4592599317640722)	(63.0, 0.3797458153715866)	(64.0, 0.31586787793035076)	(65.0, 0.26350931138390793)	(66.0, 0.220968224717831)	(67.0, 0.18697726168838966)	(68.0, 0.15882356381362586)	(69.0, 0.1304395580898967)	(70.0, 0.1052272583475997)	(71.0, 0.09079920099178605)	(72.0, 0.0811572148082324)	(73.0, 0.07040922049010828)	(74.0, 0.057300681232493204)	(75.0, 0.04775550391443553)	(76.0, 0.042206455108175264)	(77.0, 0.0363996913768732)	(78.0, 0.031164497796650117)	(79.0, 0.02658795814149098)	(80.0, 0.02156539042566774)	(81.0, 0.016796559188359067)	(82.0, 0.013308345683204941)	(83.0, 0.00978078976239263)	(84.0, 0.006887575037866744)	(85.0, 0.00465434038724722)	(86.0, 0.002691198050865332)	(87.0, 0.002790217164431993)	(88.0, 0.0028366323739163657)	(89.0, 0.002141288330879052)	(90.0, 0.0015140199284188174)	(91.0, 0.001226245629615708)	(92.0, 0.0012686823925728485)	(93.0, 0.001557340790604232)	(94.0, 0.002051552259209265)	(95.0, 0.0029299048424992476)	(96.0, 0.004461164705869404)	(97.0, 0.007271274102937556)	(98.0, 0.012020655157224206)	(99.0, 0.023628878024458705)	(100.0, 0.09354388704596195)
trimmed_trimmomatic | fastqc_results | Only_MNP_C1_S57_L002_R2_unpaired	(0.0, 0.0010311705676422113)	(1.0, 0.0008593088063685095)	(2.0, 0.0006874470450948075)	(3.0, 0.0006874470450948075)	(4.0, 0.0006874470450948075)	(5.0, 0.0015467558514633169)	(6.0, 0.003437235225474038)	(7.0, 0.00446840579311625)	(8.0, 0.00446840579311625)	(9.0, 0.00446840579311625)	(10.0, 0.007390055734769181)	(11.0, 0.007733779257316585)	(12.0, 0.009452396870053604)	(13.0, 0.014951973230812064)	(14.0, 0.02302947601067605)	(15.0, 0.03334118168709817)	(16.0, 0.04365288736352028)	(17.0, 0.06788539570311224)	(18.0, 0.09572700102945196)	(19.0, 0.13336472674839267)	(20.0, 0.18853235211725097)	(21.0, 0.26655759173551163)	(22.0, 0.38634523934328185)	(23.0, 0.5271000218264437)	(24.0, 0.7041176359383566)	(25.0, 0.8919625410105128)	(26.0, 1.1263819833878421)	(27.0, 1.3773001548474468)	(28.0, 1.6464356730020642)	(29.0, 1.963520622552044)	(30.0, 2.2225162967915124)	(31.0, 2.4522954716144523)	(32.0, 2.7326020042518597)	(33.0, 3.0003626283162874)	(34.0, 3.2062530183221827)	(35.0, 3.401487979129108)	(36.0, 3.513198123957014)	(37.0, 3.5805679343763055)	(38.0, 3.621471033559446)	(39.0, 3.610643742599203)	(40.0, 3.5704280904611565)	(41.0, 3.515088603331025)	(42.0, 3.4430785253573437)	(43.0, 3.3375554039352906)	(44.0, 3.270357455277273)	(45.0, 3.1895824274786335)	(46.0, 3.018064389727479)	(47.0, 2.8599515693556734)	(48.0, 2.7448041893022928)	(49.0, 2.601127756877478)	(50.0, 2.4555608450786526)	(51.0, 2.3172121272533226)	(52.0, 2.139850789618862)	(53.0, 1.968160890106434)	(54.0, 1.8342805780742204)	(55.0, 1.6895729750817632)	(56.0, 1.5421155839089271)	(57.0, 1.4219842127786093)	(58.0, 1.3090710356217874)	(59.0, 1.1882522174463748)	(60.0, 1.0877130871012592)	(61.0, 0.9715345364802367)	(62.0, 0.837138639164202)	(63.0, 0.7288657295617696)	(64.0, 0.6255768110362748)	(65.0, 0.5233190630784222)	(66.0, 0.4384193530092135)	(67.0, 0.36056597515222655)	(68.0, 0.29714898524223055)	(69.0, 0.25762078014927914)	(70.0, 0.22737311016510758)	(71.0, 0.19695357841966235)	(72.0, 0.16756521724185935)	(73.0, 0.14144222952825664)	(74.0, 0.11720972118866468)	(75.0, 0.10294519500294744)	(76.0, 0.0912585952363357)	(77.0, 0.07458800439278662)	(78.0, 0.05997975468452196)	(79.0, 0.05104294309828946)	(80.0, 0.04399661088606768)	(81.0, 0.03351304344837187)	(82.0, 0.02302947601067605)	(83.0, 0.014951973230812064)	(84.0, 0.012545908572980238)	(85.0, 0.010483567437695815)	(86.0, 0.005843299883305864)	(87.0, 0.002921649941652932)	(88.0, 0.00274978818037923)	(89.0, 0.002406064657831826)	(90.0, 0.001718617612737019)	(91.0, 0.0030935117029266337)	(92.0, 0.004640267554389951)	(93.0, 0.005843299883305864)	(94.0, 0.007046332212221776)	(95.0, 0.008593088063685094)	(96.0, 0.013061493856801344)	(97.0, 0.02560740242978158)	(98.0, 0.05276156071102648)	(99.0, 0.2108743810828322)	(100.0, 1.861434736355465)
trimmed_trimmomatic | fastqc_results | Only_MNP_C2_S58_L002_R1_paired	(0.0, 0.0007584480104652894)	(1.0, 0.000779170633702046)	(2.0, 0.0009267157111477526)	(3.0, 0.0011704137604120095)	(4.0, 0.0014816675614280927)	(5.0, 0.0019454398694667043)	(6.0, 0.0025169698183364494)	(7.0, 0.0031941851457136534)	(8.0, 0.004013143216030272)	(9.0, 0.005166564425388141)	(10.0, 0.006724905692792233)	(11.0, 0.009081482407276187)	(12.0, 0.01255998194379814)	(13.0, 0.017462125696685267)	(14.0, 0.0247249906887037)	(15.0, 0.03576268872952971)	(16.0, 0.053142752838197416)	(17.0, 0.07966812503371053)	(18.0, 0.11975396742289239)	(19.0, 0.17778850270235855)	(20.0, 0.25993215230793204)	(21.0, 0.37392108594635876)	(22.0, 0.5242898280343058)	(23.0, 0.7164685347647328)	(24.0, 0.9505985344281145)	(25.0, 1.228696552717852)	(26.0, 1.537725572903237)	(27.0, 1.864179832515946)	(28.0, 2.205683690028117)	(29.0, 2.545990608822133)	(30.0, 2.8690654230373918)	(31.0, 3.171116307074031)	(32.0, 3.457349612794055)	(33.0, 3.7238106347789595)	(34.0, 3.9569169368544452)	(35.0, 4.13065167999923)	(36.0, 4.2191691940599645)	(37.0, 4.220468502536909)	(38.0, 4.15628929501528)	(39.0, 4.058708948908182)	(40.0, 3.950502041605275)	(41.0, 3.8296530907705524)	(42.0, 3.6879774891304242)	(43.0, 3.526027701820384)	(44.0, 3.346438403158751)	(45.0, 3.154083554130812)	(46.0, 2.955891142137078)	(47.0, 2.753139338578793)	(48.0, 2.5452831384648302)	(49.0, 2.3361587138087776)	(50.0, 2.13590730197024)	(51.0, 1.9343416613660267)	(52.0, 1.7260461416394448)	(53.0, 1.5276987244239002)	(54.0, 1.3455120521657724)	(55.0, 1.1831871853751463)	(56.0, 1.0391736573814476)	(57.0, 0.9055521104885179)	(58.0, 0.7906629860966864)	(59.0, 0.7007935280959854)	(60.0, 0.6221930326114326)	(61.0, 0.5403191915604016)	(62.0, 0.452968361187896)	(63.0, 0.37471766358357966)	(64.0, 0.31246814673775725)	(65.0, 0.2617685911791734)	(66.0, 0.21952303699625675)	(67.0, 0.18389255860297757)	(68.0, 0.15444653988847598)	(69.0, 0.12584683310696354)	(70.0, 0.10087026977216562)	(71.0, 0.08607017225647409)	(72.0, 0.07557747920677478)	(73.0, 0.06423225743711532)	(74.0, 0.05220609026789602)	(75.0, 0.04379146187637866)	(76.0, 0.03819925476970754)	(77.0, 0.032981712691156975)	(78.0, 0.028459621848431964)	(79.0, 0.02410787096871309)	(80.0, 0.019302709092573984)	(81.0, 0.014821234591393015)	(82.0, 0.011731491466792613)	(83.0, 0.008626413600997014)	(84.0, 0.005906776527405085)	(85.0, 0.003807160341056912)	(86.0, 0.002140646980356951)	(87.0, 0.0023192759926577923)	(88.0, 0.0023955352461690563)	(89.0, 0.0016325282585916805)	(90.0, 0.0007974065421503918)	(91.0, 0.0002822421284846241)	(92.0, 0.00010982990315480967)	(93.0, 0.00011438888026689612)	(94.0, 0.00014464391019256066)	(95.0, 0.00023623790489902456)	(96.0, 0.0005876935949944155)	(97.0, 0.002017969050795352)	(98.0, 0.009919090838505886)	(99.0, 0.01137008891754358)	(100.0, 0.0034113582372348617)
trimmed_trimmomatic | fastqc_results | Only_MNP_C2_S58_L002_R1_unpaired	(0.0, 0.000543134619989074)	(1.0, 0.0006336570566539197)	(2.0, 0.0007241794933187652)	(3.0, 0.0008599631483160338)	(4.0, 0.0013578365499726849)	(5.0, 0.0017199262966320675)	(6.0, 0.001538881423302376)	(7.0, 0.0017199262966320675)	(8.0, 0.0028061955366102155)	(9.0, 0.0035303750299289804)	(10.0, 0.004073509649918055)	(11.0, 0.0058839583832149675)	(12.0, 0.008916460011487297)	(13.0, 0.01199422285809205)	(14.0, 0.015931948853012835)	(15.0, 0.022087474546222337)	(16.0, 0.032361771107682326)	(17.0, 0.050013646257327224)	(18.0, 0.07680828751012153)	(19.0, 0.11491823334602157)	(20.0, 0.16561079787833513)	(21.0, 0.23762139624521986)	(22.0, 0.33162894672166204)	(23.0, 0.4581793131791163)	(24.0, 0.6068171541827929)	(25.0, 0.7883146396958083)	(26.0, 1.0082841607913835)	(27.0, 1.2391163742867397)	(28.0, 1.5070627868146829)	(29.0, 1.768446322684425)	(30.0, 2.006610853549634)	(31.0, 2.272656294907615)	(32.0, 2.5433183805355033)	(33.0, 2.7964643746687443)	(34.0, 3.042821186052122)	(35.0, 3.242151591588112)	(36.0, 3.3930524935084097)	(37.0, 3.4935776594247208)	(38.0, 3.560337956465044)	(39.0, 3.6125241412023277)	(40.0, 3.6142440674989604)	(41.0, 3.6025214119508626)	(42.0, 3.5760888604447274)	(43.0, 3.5094190858410688)	(44.0, 3.43396863488092)	(45.0, 3.3443061613643903)	(46.0, 3.2327372581749683)	(47.0, 3.1174116738639546)	(48.0, 2.9924907112664676)	(49.0, 2.8326280881163504)	(50.0, 2.6711360611062656)	(51.0, 2.50308115743798)	(52.0, 2.3144776606467734)	(53.0, 2.143571300223545)	(54.0, 1.9742943436602836)	(55.0, 1.8044289912587008)	(56.0, 1.635514124442099)	(57.0, 1.4811281087102046)	(58.0, 1.3491463960528596)	(59.0, 1.2197445728404628)	(60.0, 1.1021559276128283)	(61.0, 0.988867098126774)	(62.0, 0.8702374448774938)	(63.0, 0.7601169006747089)	(64.0, 0.6622168854216784)	(65.0, 0.5693408654035468)	(66.0, 0.48814223971518017)	(67.0, 0.4286237376080442)	(68.0, 0.37517023875745287)	(69.0, 0.3225767030551775)	(70.0, 0.2730156689811745)	(71.0, 0.23241635613699121)	(72.0, 0.2072058575258317)	(73.0, 0.1863404358745848)	(74.0, 0.15990788436844985)	(75.0, 0.13791093225889237)	(76.0, 0.12256737924420102)	(77.0, 0.1056849448062073)	(78.0, 0.08857620427655148)	(79.0, 0.07694407116511881)	(80.0, 0.06580981145534279)	(81.0, 0.050783086968978416)	(82.0, 0.03729524390591641)	(83.0, 0.027880910492772464)	(84.0, 0.019236017791279703)	(85.0, 0.011632133111432668)	(86.0, 0.007241794933187653)	(87.0, 0.007332317369852498)	(88.0, 0.00719653371485523)	(89.0, 0.005612391073220431)	(90.0, 0.0029419791916074837)	(91.0, 0.0012220528949754164)	(92.0, 0.0008599631483160338)	(93.0, 0.0005883958383214968)	(94.0, 0.0012220528949754164)	(95.0, 0.003666158684926249)	(96.0, 0.01262787991474597)	(97.0, 0.05449450687223708)	(98.0, 0.30623740323717286)	(99.0, 0.3431705573964299)	(100.0, 0.08957195107986478)
trimmed_trimmomatic | fastqc_results | Only_MNP_C2_S58_L002_R2_paired	(0.0, 0.0006382666547694867)	(1.0, 0.0006842715889768978)	(2.0, 0.000825187603666265)	(3.0, 0.0010688894173055234)	(4.0, 0.001399627592958803)	(5.0, 0.0018240334724938384)	(6.0, 0.002407177097987779)	(7.0, 0.0029836893816139838)	(8.0, 0.0037467081552702342)	(9.0, 0.004913409865124847)	(10.0, 0.0064779920870435565)	(11.0, 0.008757515854077438)	(12.0, 0.012129967652687382)	(13.0, 0.017110105395356314)	(14.0, 0.024288532967179373)	(15.0, 0.03540597760843698)	(16.0, 0.05244852620851574)	(17.0, 0.07934607774178207)	(18.0, 0.11985072832877373)	(19.0, 0.17839262879600443)	(20.0, 0.26100339903104575)	(21.0, 0.37444617882125386)	(22.0, 0.5251367914236624)	(23.0, 0.7176981110378159)	(24.0, 0.9528521250095642)	(25.0, 1.2324800621350103)	(26.0, 1.541869876021717)	(27.0, 1.8687734782399792)	(28.0, 2.2112528591289498)	(29.0, 2.551908621004294)	(30.0, 2.8756358104679105)	(31.0, 3.179359971646371)	(32.0, 3.466981162475639)	(33.0, 3.733187678119656)	(34.0, 3.9617890974083485)	(35.0, 4.13325570408237)	(36.0, 4.225181437347246)	(37.0, 4.225629881841051)	(38.0, 4.159911211637465)	(39.0, 4.061556392431821)	(40.0, 3.948230490042031)	(41.0, 3.825917461585994)	(42.0, 3.685343375461682)	(43.0, 3.521039446922547)	(44.0, 3.3387894494538544)	(45.0, 3.147999112577253)	(46.0, 2.949524708311414)	(47.0, 2.743512540636293)	(48.0, 2.5343853001188044)	(49.0, 2.3257065040951206)	(50.0, 2.12577444799498)	(51.0, 1.923356467612172)	(52.0, 1.716645522287739)	(53.0, 1.51922923150867)	(54.0, 1.3364818833998975)	(55.0, 1.174724390137973)	(56.0, 1.031623348303187)	(57.0, 0.8992004247109213)	(58.0, 0.7845179984503134)	(59.0, 0.6951809752670552)	(60.0, 0.6162327780373372)	(61.0, 0.5345495667460454)	(62.0, 0.4500546665028338)	(63.0, 0.37338847979335016)	(64.0, 0.3110472348947741)	(65.0, 0.259426383043125)	(66.0, 0.21722576677346014)	(67.0, 0.18264249001548905)	(68.0, 0.15398887626387314)	(69.0, 0.1254533832892763)	(70.0, 0.10054357648086351)	(71.0, 0.0860035305181212)	(72.0, 0.07546094032502287)	(73.0, 0.06442265732731135)	(74.0, 0.05206556621565405)	(75.0, 0.042871210716039575)	(76.0, 0.03751640215784362)	(77.0, 0.03249854865830194)	(78.0, 0.027854537056553826)	(79.0, 0.023568203456796666)	(80.0, 0.018982216096391228)	(81.0, 0.014574031589814436)	(82.0, 0.011514081776721502)	(83.0, 0.008523761053239782)	(84.0, 0.005993075212965441)	(85.0, 0.003968858107839354)	(86.0, 0.0023305022076420935)	(87.0, 0.002431215712258318)	(88.0, 0.002397230085186176)	(89.0, 0.001777614079419694)	(90.0, 0.0012495934832013004)	(91.0, 0.0010145953057634437)	(92.0, 0.0010709617116391908)	(93.0, 0.0013270972912804522)	(94.0, 0.001716274167143146)	(95.0, 0.0024606422917963916)	(96.0, 0.0037019465976630235)	(97.0, 0.00597732577602957)	(98.0, 0.009963176697404996)	(99.0, 0.01930715184791024)	(100.0, 0.07111160897752222)
trimmed_trimmomatic | fastqc_results | Only_MNP_C2_S58_L002_R2_unpaired	(0.0, 0.00157158819988716)	(1.0, 0.001257270559909728)	(2.0, 0.00047147645996614793)	(3.0, 0.000628635279954864)	(4.0, 0.001257270559909728)	(5.0, 0.001257270559909728)	(6.0, 0.001728747019875876)	(7.0, 0.0029860175797856037)	(8.0, 0.003457494039751752)	(9.0, 0.00471476459966148)	(10.0, 0.006443511619537355)	(11.0, 0.006914988079503504)	(12.0, 0.010843958579221404)	(13.0, 0.016501676098815178)	(14.0, 0.02278802889836382)	(15.0, 0.032374716917675496)	(16.0, 0.04353299313687434)	(17.0, 0.06223489271553153)	(18.0, 0.09586688019311676)	(19.0, 0.1354709028302732)	(20.0, 0.18576172522666232)	(21.0, 0.2712561233005238)	(22.0, 0.38472479133237675)	(23.0, 0.527896476342097)	(24.0, 0.6951134608100908)	(25.0, 0.901462991455275)	(26.0, 1.1516598328773109)	(27.0, 1.4037425801392114)	(28.0, 1.666826444800322)	(29.0, 1.9509695913399203)	(30.0, 2.2440707906188755)	(31.0, 2.522241901998903)	(32.0, 2.7725959022409277)	(33.0, 3.0132060556436517)	(34.0, 3.237943168227516)	(35.0, 3.4617373278914476)	(36.0, 3.591550513202127)	(37.0, 3.6350835063390012)	(38.0, 3.6871030757552656)	(39.0, 3.668872652636575)	(40.0, 3.6352406651589897)	(41.0, 3.607895030480953)	(42.0, 3.539845261425839)	(43.0, 3.4397350930930273)	(44.0, 3.3107077018822912)	(45.0, 3.1744510049520747)	(46.0, 3.0378799903818803)	(47.0, 2.9336836927293617)	(48.0, 2.811099813138163)	(49.0, 2.660698822408962)	(50.0, 2.5291568900784065)	(51.0, 2.348424247091383)	(52.0, 2.1478895927857815)	(53.0, 1.9827156729776412)	(54.0, 1.8214707236692183)	(55.0, 1.6902431089786407)	(56.0, 1.5602727648479724)	(57.0, 1.4312453736372366)	(58.0, 1.3015893471465458)	(59.0, 1.1645468561163856)	(60.0, 1.044791835284984)	(61.0, 0.9211078439538645)	(62.0, 0.8066962230020793)	(63.0, 0.7029714018095267)	(64.0, 0.6034898687566694)	(65.0, 0.5073086709235752)	(66.0, 0.4262147198093978)	(67.0, 0.3581649507542838)	(68.0, 0.29860175797856037)	(69.0, 0.25381149428177635)	(70.0, 0.2151504245645522)	(71.0, 0.17931821360712494)	(72.0, 0.15165826128911095)	(73.0, 0.12211240313123232)	(74.0, 0.09822426249294751)	(75.0, 0.0883232568336584)	(76.0, 0.07810793353439185)	(77.0, 0.062077733895542817)	(78.0, 0.05029082239638912)	(79.0, 0.04274719903693075)	(80.0, 0.03221755809768678)	(81.0, 0.022630870078375102)	(82.0, 0.015873040818860318)	(83.0, 0.01100111739921012)	(84.0, 0.009743846839300392)	(85.0, 0.007229305719480936)	(86.0, 0.004557605779672764)	(87.0, 0.003614652859740468)	(88.0, 0.0029860175797856037)	(89.0, 0.00235738229983074)	(90.0, 0.0018859058398645917)	(91.0, 0.0018859058398645917)	(92.0, 0.0029860175797856037)	(93.0, 0.003614652859740468)	(94.0, 0.0039289704997179)	(95.0, 0.005343399879616344)	(96.0, 0.009272370379334243)	(97.0, 0.016187358458837748)	(98.0, 0.03960402263715643)	(99.0, 0.13594237929023933)	(100.0, 1.1010546928409441)
trimmed_trimmomatic | fastqc_results | Only_MNP_C3_S59_L002_R1_paired	(0.0, 0.0007641032770479294)	(1.0, 0.0008159414801382537)	(2.0, 0.0009502309983801173)	(3.0, 0.0011351341952298567)	(4.0, 0.0014820827985902948)	(5.0, 0.0020135264239729894)	(6.0, 0.0026298704134721206)	(7.0, 0.003200090647465687)	(8.0, 0.003942560658657025)	(9.0, 0.005183003959377461)	(10.0, 0.006845908206542667)	(11.0, 0.009141483436306318)	(12.0, 0.012583621756469347)	(13.0, 0.017509475574532602)	(14.0, 0.024774987503727655)	(15.0, 0.0358528523216127)	(16.0, 0.05303946160760636)	(17.0, 0.0798426698290964)	(18.0, 0.12007156447615291)	(19.0, 0.17818423101454384)	(20.0, 0.2605547275502416)	(21.0, 0.3732607772644662)	(22.0, 0.524653637127517)	(23.0, 0.7171215380549963)	(24.0, 0.9504375348428237)	(25.0, 1.230384240271949)	(26.0, 1.5395354464326458)	(27.0, 1.8644470990321114)	(28.0, 2.2068559819612847)	(29.0, 2.5461443683343523)	(30.0, 2.867007742994842)	(31.0, 3.1720780172303655)	(32.0, 3.461644586993607)	(33.0, 3.7321824544744246)	(34.0, 3.970572472542692)	(35.0, 4.148028519665006)	(36.0, 4.2361546894430395)	(37.0, 4.230246766990053)	(38.0, 4.155249540538006)	(39.0, 4.046817081267527)	(40.0, 3.932506496306467)	(41.0, 3.809896492578198)	(42.0, 3.6685308555270915)	(43.0, 3.5072773081817097)	(44.0, 3.3288347025013687)	(45.0, 3.13868074467089)	(46.0, 2.9412465806174266)	(47.0, 2.736689765824387)	(48.0, 2.5266605511192846)	(49.0, 2.3203245022532477)	(50.0, 2.1244258919007746)	(51.0, 1.9247916655271786)	(52.0, 1.7177474333354585)	(53.0, 1.5209634917821755)	(54.0, 1.3390791559564994)	(55.0, 1.178859923623959)	(56.0, 1.0391845385334588)	(57.0, 0.90811470333078)	(58.0, 0.7980066863934839)	(59.0, 0.714318193339844)	(60.0, 0.6383054279170194)	(61.0, 0.5552491976711504)	(62.0, 0.46371231903466986)	(63.0, 0.3817655079698992)	(64.0, 0.31752123917306063)	(65.0, 0.26491240200844873)	(66.0, 0.22258181517468292)	(67.0, 0.18826247567992332)	(68.0, 0.15930410436932377)	(69.0, 0.1305698210390123)	(70.0, 0.10545931382709371)	(71.0, 0.09099196524179093)	(72.0, 0.08135903931319524)	(73.0, 0.07038893264976567)	(74.0, 0.057448566094076295)	(75.0, 0.04794094983751784)	(76.0, 0.04199220990178252)	(77.0, 0.03640348016388709)	(78.0, 0.031296396722421446)	(79.0, 0.026862393571475043)	(80.0, 0.021905518466523093)	(81.0, 0.016908642228477818)	(82.0, 0.013337520662830204)	(83.0, 0.009760276474770346)	(84.0, 0.006771620387940785)	(85.0, 0.004393593843025594)	(86.0, 0.0025176223359143317)	(87.0, 0.0027253833231031116)	(88.0, 0.0027939566941202333)	(89.0, 0.001973933465707151)	(90.0, 0.0009808441104413325)	(91.0, 0.0003489894774978524)	(92.0, 0.00014735111272131546)	(93.0, 0.00014367753927396962)	(94.0, 0.0001649026303030788)	(95.0, 0.00024572124614468673)	(96.0, 0.0006387936050106888)	(97.0, 0.002421293076628375)	(98.0, 0.011897071696643162)	(99.0, 0.01378651297306136)	(100.0, 0.0043295103951107835)
trimmed_trimmomatic | fastqc_results | Only_MNP_C3_S59_L002_R1_unpaired	(0.0, 0.001025753244799431)	(1.0, 0.00115397240039936)	(2.0, 0.0009402738077328118)	(3.0, 0.0008547943706661925)	(4.0, 0.0013249312745325984)	(5.0, 0.0016668490227990753)	(6.0, 0.0020942462081321718)	(7.0, 0.00230794480079872)	(8.0, 0.002607122830531887)	(9.0, 0.003974793823597796)	(10.0, 0.005342464816663704)	(11.0, 0.0070093138394627785)	(12.0, 0.009402738077328117)	(13.0, 0.01149698428546029)	(14.0, 0.016369312198257588)	(15.0, 0.024959995623452823)	(16.0, 0.036756157938646276)	(17.0, 0.052997250981303944)	(18.0, 0.07577752095955796)	(19.0, 0.11061039156420531)	(20.0, 0.1633084645157761)	(21.0, 0.23605146545946906)	(22.0, 0.3354640507679473)	(23.0, 0.4650936170794754)	(24.0, 0.6184437271769903)	(25.0, 0.8038913658930207)	(26.0, 1.026137902266231)	(27.0, 1.2765926528714253)	(28.0, 1.5295690468700849)	(29.0, 1.7834429749579443)	(30.0, 2.0620632000765893)	(31.0, 2.328972742317108)	(32.0, 2.5597672223969803)	(33.0, 2.7985967695611143)	(34.0, 3.0452904249353776)	(35.0, 3.2630920305811233)	(36.0, 3.415972003774772)	(37.0, 3.5121791101932516)	(38.0, 3.5712026614877526)	(39.0, 3.607274983929866)	(40.0, 3.5895380007385422)	(41.0, 3.557397732401493)	(42.0, 3.545003214026834)	(43.0, 3.508460754680854)	(44.0, 3.4231950162069014)	(45.0, 3.295787915259105)	(46.0, 3.185733140035833)	(47.0, 3.063796723060301)	(48.0, 2.9312608558885076)	(49.0, 2.7842789638524557)	(50.0, 2.630031319665741)	(51.0, 2.489845042876486)	(52.0, 2.3030724728859227)	(53.0, 2.0914681264275066)	(54.0, 1.9275613058522643)	(55.0, 1.7790835236675466)	(56.0, 1.629494508800963)	(57.0, 1.482640835920511)	(58.0, 1.3480962019776523)	(59.0, 1.2362036188574477)	(60.0, 1.1206354199433783)	(61.0, 0.9965620170411806)	(62.0, 0.8632140952172546)	(63.0, 0.7506804163190502)	(64.0, 0.6551144056785699)	(65.0, 0.5634377094246208)	(66.0, 0.4915067631330607)	(67.0, 0.42795280167402927)	(68.0, 0.3676470588235294)	(69.0, 0.31323939713062626)	(70.0, 0.26699502167758526)	(71.0, 0.24071009477959981)	(72.0, 0.21733146874187947)	(73.0, 0.1882684601392289)	(74.0, 0.16493257382004184)	(75.0, 0.1474520289399182)	(76.0, 0.1346301133799253)	(77.0, 0.11962847217473366)	(78.0, 0.10197696842047677)	(79.0, 0.08624875200021882)	(80.0, 0.07317039812902608)	(81.0, 0.05765588030143469)	(82.0, 0.042867937688909556)	(83.0, 0.030216981003049908)	(84.0, 0.021626297577854673)	(85.0, 0.014446024864258654)	(86.0, 0.008932601173461712)	(87.0, 0.008462464269595307)	(88.0, 0.007735889054529042)	(89.0, 0.005385204535197013)	(90.0, 0.002863561141731745)	(91.0, 0.001495890148665837)	(92.0, 0.0008975340891995021)	(93.0, 0.0007693149335995732)	(94.0, 0.0011967121189326694)	(95.0, 0.0035473966382646993)	(96.0, 0.013035614152659435)	(97.0, 0.06274190680689853)	(98.0, 0.34905528126153973)	(99.0, 0.3955133553072473)	(100.0, 0.10719121408154055)
trimmed_trimmomatic | fastqc_results | Only_MNP_C3_S59_L002_R2_paired	(0.0, 0.000680855657755609)	(1.0, 0.0007114696711439008)	(2.0, 0.000839640340529549)	(3.0, 0.0010898588766231872)	(4.0, 0.001418449286990852)	(5.0, 0.001812349592586873)	(6.0, 0.0023556462835177578)	(7.0, 0.0029973160041363535)	(8.0, 0.0037998113417547752)	(9.0, 0.004914161429088596)	(10.0, 0.006457107703858501)	(11.0, 0.008740913102625068)	(12.0, 0.012061513088141781)	(13.0, 0.017048331775671922)	(14.0, 0.02436181548071224)	(15.0, 0.035398779587459184)	(16.0, 0.052513645818895005)	(17.0, 0.07923437307788642)	(18.0, 0.11963017602400518)	(19.0, 0.17791844114162236)	(20.0, 0.2606677111433298)	(21.0, 0.3739881349145855)	(22.0, 0.5249850208693893)	(23.0, 0.7180822980357718)	(24.0, 0.953700807051111)	(25.0, 1.2328414220597812)	(26.0, 1.5415653786726708)	(27.0, 1.867958927439592)	(28.0, 2.210865675028158)	(29.0, 2.552676849124268)	(30.0, 2.873784786432989)	(31.0, 3.17507157872675)	(32.0, 3.464203791331668)	(33.0, 3.737511824509601)	(34.0, 3.975603945806714)	(35.0, 4.151301442323727)	(36.0, 4.2399383993802715)	(37.0, 4.232492663137393)	(38.0, 4.156865029023493)	(39.0, 4.0496241401243065)	(40.0, 3.932760246350068)	(41.0, 3.8109368824069256)	(42.0, 3.6676649324971007)	(43.0, 3.502041079132216)	(44.0, 3.323581790420734)	(45.0, 3.131820508798616)	(46.0, 2.9336915123917344)	(47.0, 2.7278192115318403)	(48.0, 2.518561817164891)	(49.0, 2.3118298748090536)	(50.0, 2.1118162797379885)	(51.0, 1.9138934176879205)	(52.0, 1.7109906761266909)	(53.0, 1.5144050341814235)	(54.0, 1.3327516834064297)	(55.0, 1.1724391572709914)	(56.0, 1.0327331276406346)	(57.0, 0.902953793898143)	(58.0, 0.7924870043615213)	(59.0, 0.7087446157654976)	(60.0, 0.6319642620008168)	(61.0, 0.549435412895505)	(62.0, 0.4602180141451192)	(63.0, 0.38008603819468806)	(64.0, 0.31728200200887524)	(65.0, 0.2642728173599351)	(66.0, 0.22116134733285225)	(67.0, 0.186810383376963)	(68.0, 0.1582340387197959)	(69.0, 0.12981158050326067)	(70.0, 0.10467910825885382)	(71.0, 0.09067095210606187)	(72.0, 0.08099080107268401)	(73.0, 0.06985832124416559)	(74.0, 0.057077582934821534)	(75.0, 0.04741335118840559)	(76.0, 0.041606485128914406)	(77.0, 0.03608983991634423)	(78.0, 0.030880967585037677)	(79.0, 0.026141510125684934)	(80.0, 0.021136323030121817)	(81.0, 0.01632094281756611)	(82.0, 0.01305871355090974)	(83.0, 0.009831588352938608)	(84.0, 0.00685998812004842)	(85.0, 0.00440923430160437)	(86.0, 0.0024629994237993676)	(87.0, 0.002652398119961599)	(88.0, 0.002688318562337195)	(89.0, 0.0019760325175029398)	(90.0, 0.0013404855995620025)	(91.0, 0.001064143105377022)	(92.0, 0.0010935325582297822)	(93.0, 0.0013221171915290275)	(94.0, 0.00173928414730015)	(95.0, 0.0025172882742079384)	(96.0, 0.0037606254046177612)	(97.0, 0.006055451848204113)	(98.0, 0.010091195186471323)	(99.0, 0.02070201222685325)	(100.0, 0.08259538356107568)
trimmed_trimmomatic | fastqc_results | Only_MNP_C3_S59_L002_R2_unpaired	(0.0, 0.0003176115610608226)	(1.0, 0.0001588057805304113)	(2.0, 0.0001588057805304113)	(3.0, 0.0012704462442432905)	(4.0, 0.0022232809274257584)	(5.0, 0.0014292520247737017)	(6.0, 0.0019056693663649356)	(7.0, 0.003176115610608226)	(8.0, 0.00365253295219946)	(9.0, 0.004287756074321105)	(10.0, 0.006511037001746864)	(11.0, 0.008893123709703033)	(12.0, 0.010163569953946324)	(13.0, 0.013974908686676196)	(14.0, 0.02270922661584882)	(15.0, 0.03049070986183897)	(16.0, 0.039701445132602826)	(17.0, 0.05542321740511355)	(18.0, 0.08400825790058758)	(19.0, 0.1295855169128156)	(20.0, 0.18739082102588533)	(21.0, 0.27282833095124664)	(22.0, 0.3833571542004129)	(23.0, 0.5111958075273939)	(24.0, 0.6831824678418295)	(25.0, 0.883754168651739)	(26.0, 1.105447038272193)	(27.0, 1.3542956963633477)	(28.0, 1.6442750516118785)	(29.0, 1.9323487374940447)	(30.0, 2.2075591551532474)	(31.0, 2.487216134667302)	(32.0, 2.752580593933619)	(33.0, 3.0007940289026522)	(34.0, 3.2205812291567417)	(35.0, 3.4032078767667144)	(36.0, 3.524535493091949)	(37.0, 3.6052088296013975)	(38.0, 3.6177544862633)	(39.0, 3.6007622677465463)	(40.0, 3.568842305859933)	(41.0, 3.508972526599968)	(42.0, 3.442909321899317)	(43.0, 3.3584246466571384)	(44.0, 3.291408607273305)	(45.0, 3.172780689217088)	(46.0, 3.0343020485945686)	(47.0, 2.918056217246308)	(48.0, 2.767190725742417)	(49.0, 2.623947911703986)	(50.0, 2.4760997300301733)	(51.0, 2.34746704780054)	(52.0, 2.202000952834683)	(53.0, 2.000476417341591)	(54.0, 1.826584087660791)	(55.0, 1.695728124503732)	(56.0, 1.5913927266952517)	(57.0, 1.4748292837859298)	(58.0, 1.3488962998253136)	(59.0, 1.2164522788629506)	(60.0, 1.077973638240432)	(61.0, 0.9683976496744481)	(62.0, 0.8673971732571065)	(63.0, 0.7487692552008893)	(64.0, 0.6331586469747499)	(65.0, 0.5400984595839289)	(66.0, 0.45847228839129744)	(67.0, 0.38097506749245674)	(68.0, 0.31284738764491027)	(69.0, 0.2617119263141178)	(70.0, 0.2259806256947753)	(71.0, 0.20009528346831826)	(72.0, 0.171033825631253)	(73.0, 0.1445132602826743)	(74.0, 0.12085119898364301)	(75.0, 0.09623630300142925)	(76.0, 0.08083214228997936)	(77.0, 0.07178021279974592)	(78.0, 0.062093060187390824)	(79.0, 0.04764173415912339)	(80.0, 0.03414324281403843)	(81.0, 0.02715578847070033)	(82.0, 0.02064475146895347)	(83.0, 0.015086549150389072)	(84.0, 0.0098459583928855)	(85.0, 0.006511037001746864)	(86.0, 0.00730506590439892)	(87.0, 0.006669842782277275)	(88.0, 0.005081784976973162)	(89.0, 0.0039701445132602825)	(90.0, 0.003493727171669049)	(91.0, 0.0030173098300778148)	(92.0, 0.0033349213911386373)	(93.0, 0.00365253295219946)	(94.0, 0.003811338732729871)	(95.0, 0.005875813879625219)	(96.0, 0.011592821978720027)	(97.0, 0.024297284421152927)	(98.0, 0.0533587422582182)	(99.0, 0.17786247419406068)	(100.0, 1.4373511195807527)
trimmed_trimmomatic | fastqc_results | Only_MNP_C4_S60_L002_R1_paired	(0.0, 0.0007995984637380312)	(1.0, 0.0008087319872075205)	(2.0, 0.0009307890735725159)	(3.0, 0.0011711668048831703)	(4.0, 0.0014638547160645368)	(5.0, 0.0019221915301698255)	(6.0, 0.002517116036159752)	(7.0, 0.003121174065619168)	(8.0, 0.003946097298977148)	(9.0, 0.005221469303444038)	(10.0, 0.006807796266031275)	(11.0, 0.009062115922364354)	(12.0, 0.012444840887337083)	(13.0, 0.017448766268144192)	(14.0, 0.02467338333251035)	(15.0, 0.03570917064459983)	(16.0, 0.05302467050212102)	(17.0, 0.07937197959049416)	(18.0, 0.11970105247002484)	(19.0, 0.17834242474572415)	(20.0, 0.2605217173226132)	(21.0, 0.37364704805476334)	(22.0, 0.5240425516244805)	(23.0, 0.7154355359276321)	(24.0, 0.9502858248986144)	(25.0, 1.2303553582467237)	(26.0, 1.5377785489054805)	(27.0, 1.8630872543182864)	(28.0, 2.2043322975447204)	(29.0, 2.5421360782239453)	(30.0, 2.8651414750818094)	(31.0, 3.1689033683097736)	(32.0, 3.455187849218713)	(33.0, 3.7205013450815465)	(34.0, 3.950346048031091)	(35.0, 4.121431473220148)	(36.0, 4.209184290914214)	(37.0, 4.211551118973285)	(38.0, 4.15045324404445)	(39.0, 4.053233529274259)	(40.0, 3.943202802357635)	(41.0, 3.8250104419007065)	(42.0, 3.683712342866759)	(43.0, 3.5209820158514953)	(44.0, 3.342640836586245)	(45.0, 3.1501717571543244)	(46.0, 2.950287086985494)	(47.0, 2.7430063386071657)	(48.0, 2.5319887336493427)	(49.0, 2.320503658353945)	(50.0, 2.119399662801938)	(51.0, 1.9198533481616364)	(52.0, 1.7160890063190615)	(53.0, 1.5200823471833447)	(54.0, 1.337522310395505)	(55.0, 1.1769852744933929)	(56.0, 1.036657404747999)	(57.0, 0.9069563895593564)	(58.0, 0.7968455367322954)	(59.0, 0.7135224779209317)	(60.0, 0.6389750745231165)	(61.0, 0.5565001879139422)	(62.0, 0.46482950381162275)	(63.0, 0.38297901807963536)	(64.0, 0.31896173692182606)	(65.0, 0.26642778572611125)	(66.0, 0.22366089240054232)	(67.0, 0.18945999860888135)	(68.0, 0.161304667033707)	(69.0, 0.13274289366414035)	(70.0, 0.10740566923946122)	(71.0, 0.09271730285989135)	(72.0, 0.08304116506428269)	(73.0, 0.07178202158734842)	(74.0, 0.05867624572894647)	(75.0, 0.0493368028212358)	(76.0, 0.04371927072734208)	(77.0, 0.038167333938365605)	(78.0, 0.03264902512216316)	(79.0, 0.02791744480480992)	(80.0, 0.022891515935644494)	(81.0, 0.01761690613201434)	(82.0, 0.013961420943430038)	(83.0, 0.010268986500810073)	(84.0, 0.007068516845069428)	(85.0, 0.004604126148938093)	(86.0, 0.002609281591170055)	(87.0, 0.002843847080272852)	(88.0, 0.002918575908659584)	(89.0, 0.0019794836319329866)	(90.0, 0.0009511319213000151)	(91.0, 0.0003321281261632528)	(92.0, 0.00012288740668040354)	(93.0, 0.0001332664106230052)	(94.0, 0.0001660640630816264)	(95.0, 0.0002910272705505503)	(96.0, 0.0008041652254727759)	(97.0, 0.003307996136585998)	(98.0, 0.017342900427929655)	(99.0, 0.020490644743641883)	(100.0, 0.006576967218347813)
trimmed_trimmomatic | fastqc_results | Only_MNP_C4_S60_L002_R1_unpaired	(0.0, 0.0007926040530600857)	(1.0, 0.00055482283714206)	(2.0, 0.00043593222918304715)	(3.0, 0.0010303852689781115)	(4.0, 0.00138705709285515)	(5.0, 0.0014663174981611586)	(6.0, 0.0024570725644862657)	(7.0, 0.0028930047936693132)	(8.0, 0.002734483983057296)	(9.0, 0.003527088036117381)	(10.0, 0.004914145128972531)	(11.0, 0.006459723032439698)	(12.0, 0.008243082151824892)	(13.0, 0.011017196337535192)	(14.0, 0.015217997818753645)	(15.0, 0.022509955106906437)	(16.0, 0.03416123468688969)	(17.0, 0.051598523854211584)	(18.0, 0.07688259314682831)	(19.0, 0.11096456742841201)	(20.0, 0.16379162756486673)	(21.0, 0.24039680929312401)	(22.0, 0.33618300910543536)	(23.0, 0.4573721688183225)	(24.0, 0.610820313490755)	(25.0, 0.7981126512288532)	(26.0, 1.0109664696781393)	(27.0, 1.247439888908616)	(28.0, 1.5009542952798844)	(29.0, 1.7742441727750018)	(30.0, 2.044403264260532)	(31.0, 2.292210921449768)	(32.0, 2.5393052349912497)	(33.0, 2.7965448804119006)	(34.0, 3.035079070180333)	(35.0, 3.2325563700002538)	(36.0, 3.3874708321708478)	(37.0, 3.4895582342049862)	(38.0, 3.5460709031881708)	(39.0, 3.5558199330408096)	(40.0, 3.552649516828569)	(41.0, 3.5551462195957084)	(42.0, 3.5348951860400235)	(43.0, 3.4741817155756207)	(44.0, 3.3929398001369617)	(45.0, 3.310786390037284)	(46.0, 3.19201467268623)	(47.0, 3.044114756385218)	(48.0, 2.91143283790296)	(49.0, 2.7588565576888935)	(50.0, 2.5922908159383162)	(51.0, 2.4387237806579245)	(52.0, 2.2526203489994163)	(53.0, 2.0721444061176353)	(54.0, 1.9091850128084813)	(55.0, 1.7467804423364701)	(56.0, 1.6024472442742281)	(57.0, 1.4565684683085194)	(58.0, 1.3319711111674741)	(59.0, 1.2226710122504882)	(60.0, 1.1043352271286175)	(61.0, 0.9919439724046972)	(62.0, 0.8729741040403783)	(63.0, 0.7536475638521825)	(64.0, 0.656078004920486)	(65.0, 0.5660381844928601)	(66.0, 0.4837262535825703)	(67.0, 0.4249546630481649)	(68.0, 0.3723653841276283)	(69.0, 0.3172001420346463)	(70.0, 0.27158577878103835)	(71.0, 0.23984198645598193)	(72.0, 0.21919465087376672)	(73.0, 0.19545615948461714)	(74.0, 0.1673583458036371)	(75.0, 0.14445208867020062)	(76.0, 0.13109671037613818)	(77.0, 0.11912838917493089)	(78.0, 0.10280074568189312)	(79.0, 0.08742422705252746)	(80.0, 0.07220622923377382)	(81.0, 0.055006721282369955)	(82.0, 0.04177023359626652)	(83.0, 0.02968302178710021)	(84.0, 0.020290663758338195)	(85.0, 0.013712050117939483)	(86.0, 0.009114946610190985)	(87.0, 0.009550878839374033)	(88.0, 0.008203451949171887)	(89.0, 0.005231186750196566)	(90.0, 0.0027741141857103)	(91.0, 0.0011889060795901287)	(92.0, 0.00083223425571309)	(93.0, 0.0009511248636721028)	(94.0, 0.002258921551221244)	(95.0, 0.005944530397950643)	(96.0, 0.021677720851193343)	(97.0, 0.10922083851167981)	(98.0, 0.6428415172343825)	(99.0, 0.7434229715677074)	(100.0, 0.2115460217617369)
trimmed_trimmomatic | fastqc_results | Only_MNP_C4_S60_L002_R2_paired	(0.0, 0.0006261812631318474)	(1.0, 0.000684730041713804)	(2.0, 0.0008508258674782197)	(3.0, 0.0010991391269960214)	(4.0, 0.0013856544264396384)	(5.0, 0.0017772253356792486)	(6.0, 0.0023087319781253794)	(7.0, 0.0029847419889865515)	(8.0, 0.003790306743943968)	(9.0, 0.004919343119577584)	(10.0, 0.006422510342745546)	(11.0, 0.008649024887117539)	(12.0, 0.012105479021275033)	(13.0, 0.01716641883231678)	(14.0, 0.02442522165778616)	(15.0, 0.03520982362466968)	(16.0, 0.05235589571833031)	(17.0, 0.07935975507110903)	(18.0, 0.11992284716016582)	(19.0, 0.17830926707243766)	(20.0, 0.2608966792777137)	(21.0, 0.37424794509151044)	(22.0, 0.5257709383429208)	(23.0, 0.7189702809555738)	(24.0, 0.9539871543813696)	(25.0, 1.2339802859867826)	(26.0, 1.543417639865018)	(27.0, 1.8694874144957376)	(28.0, 2.2118017761257813)	(29.0, 2.5523617505961886)	(30.0, 2.8749198442306843)	(31.0, 3.1788843406499816)	(32.0, 3.464797542725203)	(33.0, 3.7288807704202074)	(34.0, 3.9581361948898)	(35.0, 4.126083989111488)	(36.0, 4.213332050187714)	(37.0, 4.214827327859158)	(38.0, 4.1514821170686895)	(39.0, 4.052963623735219)	(40.0, 3.9421336925565273)	(41.0, 3.8199349173438244)	(42.0, 3.6746907615458726)	(43.0, 3.5119156065780524)	(44.0, 3.334991163452926)	(45.0, 3.142972346921893)	(46.0, 2.9414412224493325)	(47.0, 2.7323091377502275)	(48.0, 2.5192962240821375)	(49.0, 2.3102255948385655)	(50.0, 2.110541455948505)	(51.0, 1.9112385069785742)	(52.0, 1.7070058338999554)	(53.0, 1.5108005720805306)	(54.0, 1.3282982158866705)	(55.0, 1.169068376319791)	(56.0, 1.031503661026058)	(57.0, 0.9012770593145967)	(58.0, 0.7911144181159122)	(59.0, 0.7073539541411751)	(60.0, 0.6312667020771894)	(61.0, 0.5498324101422828)	(62.0, 0.46064518030025775)	(63.0, 0.3807414613997702)	(64.0, 0.31825247459111733)	(65.0, 0.2652757957239925)	(66.0, 0.22209586390001734)	(67.0, 0.1879091905620565)	(68.0, 0.16020855922019606)	(69.0, 0.13211428077127393)	(70.0, 0.10665054496289576)	(71.0, 0.09235550771848133)	(72.0, 0.08287475798384847)	(73.0, 0.07161346099702108)	(74.0, 0.058216171690863315)	(75.0, 0.04853859840269963)	(76.0, 0.04308442672416063)	(77.0, 0.03767385519988478)	(78.0, 0.032214285407008436)	(79.0, 0.02750671446528048)	(80.0, 0.022309576077111915)	(81.0, 0.017033957411269656)	(82.0, 0.013547190788910162)	(83.0, 0.010160912141138134)	(84.0, 0.007104748947072884)	(85.0, 0.004555178021589102)	(86.0, 0.002517182239459721)	(87.0, 0.0027032095643158664)	(88.0, 0.002738504927290805)	(89.0, 0.002031767188663216)	(90.0, 0.001403094488144902)	(91.0, 0.001158103145142389)	(92.0, 0.0012498710888772285)	(93.0, 0.001518946326615582)	(94.0, 0.001984845117884768)	(95.0, 0.0027987146641304055)	(96.0, 0.004149904206723927)	(97.0, 0.00672355902694355)	(98.0, 0.011318184807151702)	(99.0, 0.02273187471411794)	(100.0, 0.08949492235925367)
trimmed_trimmomatic | fastqc_results | Only_MNP_C4_S60_L002_R2_unpaired	(0.0, 0.0003045711561977946)	(1.0, 0.0006091423123955892)	(2.0, 0.0009137134685933837)	(3.0, 0.0012182846247911785)	(4.0, 0.0018274269371867675)	(5.0, 0.002436569249582357)	(6.0, 0.002436569249582357)	(7.0, 0.0027411404057801517)	(8.0, 0.003654853874373535)	(9.0, 0.0056345663896592004)	(10.0, 0.00791885006114266)	(11.0, 0.009289420264032735)	(12.0, 0.01065999046692281)	(13.0, 0.014314844341296347)	(14.0, 0.02040626746525224)	(15.0, 0.028629688682592695)	(16.0, 0.03852825125902102)	(17.0, 0.05832537641187767)	(18.0, 0.09182820359363508)	(19.0, 0.1358387356642164)	(20.0, 0.19918953615335766)	(21.0, 0.2879720281850148)	(22.0, 0.39106936455796826)	(23.0, 0.517466394380053)	(24.0, 0.6944222361309718)	(25.0, 0.9062514752665378)	(26.0, 1.1450352617256088)	(27.0, 1.3914333270896246)	(28.0, 1.647425383873871)	(29.0, 1.9474279727286987)	(30.0, 2.2445371355996473)	(31.0, 2.504945474148762)	(32.0, 2.767181239635063)	(33.0, 3.0120564492180897)	(34.0, 3.257540801113512)	(35.0, 3.487796595199045)	(36.0, 3.5994219239455365)	(37.0, 3.6327724655491953)	(38.0, 3.6358181771111733)	(39.0, 3.6056656326475913)	(40.0, 3.608863629787668)	(41.0, 3.5618073861551087)	(42.0, 3.461146619031738)	(43.0, 3.377694122233542)	(44.0, 3.3030741889650828)	(45.0, 3.2071342747627773)	(46.0, 3.051650699523803)	(47.0, 2.8877914174893897)	(48.0, 2.7440338317640305)	(49.0, 2.612459092286583)	(50.0, 2.4530160920170374)	(51.0, 2.279105961828097)	(52.0, 2.0991044085152004)	(53.0, 1.9107271484068644)	(54.0, 1.7547867164335935)	(55.0, 1.6178819817226848)	(56.0, 1.4898098105415123)	(57.0, 1.3905196136210312)	(58.0, 1.2799602839212318)	(59.0, 1.1634618166755755)	(60.0, 1.061582764927413)	(61.0, 0.9484345803999323)	(62.0, 0.8261492611865179)	(63.0, 0.7012750871454221)	(64.0, 0.58142633718159)	(65.0, 0.48518185182308676)	(66.0, 0.41284620222611057)	(67.0, 0.36015539220389214)	(68.0, 0.3141651476180251)	(69.0, 0.2611697664396089)	(70.0, 0.21715923436902754)	(71.0, 0.18974783031122602)	(72.0, 0.16736185033068815)	(73.0, 0.14238701552246896)	(74.0, 0.12076246343242557)	(75.0, 0.10477247773204135)	(76.0, 0.08604135162587698)	(77.0, 0.0679193678321082)	(78.0, 0.053299952334614056)	(79.0, 0.04126939166480117)	(80.0, 0.03137082908837285)	(81.0, 0.026497690589208128)	(82.0, 0.024061121339625773)	(83.0, 0.017360555903274292)	(84.0, 0.009898562576428325)	(85.0, 0.005786851967758098)	(86.0, 0.003045711561977946)	(87.0, 0.0038071394524724325)	(88.0, 0.004720852921065817)	(89.0, 0.004720852921065817)	(90.0, 0.005482280811560303)	(91.0, 0.005177709655362508)	(92.0, 0.004111710608670226)	(93.0, 0.006091423123955892)	(94.0, 0.009593991420230529)	(95.0, 0.014010273185098551)	(96.0, 0.01903569726236216)	(97.0, 0.031218543510273946)	(98.0, 0.06548279858252584)	(99.0, 0.2147226651194452)	(100.0, 1.7837209762723842)
trimmed_trimmomatic | fastqc_results | Plasmid_Ko_P1_S61_L002_R1_paired	(0.0, 0.0007534032458847117)	(1.0, 0.000801244754027871)	(2.0, 0.0009294921582099538)	(3.0, 0.0011654834630841937)	(4.0, 0.001509218668650591)	(5.0, 0.001971954600354595)	(6.0, 0.002565350113121849)	(7.0, 0.003213823664675766)	(8.0, 0.004042004393876676)	(9.0, 0.005162862584659268)	(10.0, 0.006773794711799096)	(11.0, 0.009290499257817397)	(12.0, 0.012873788014792015)	(13.0, 0.017928504669278932)	(14.0, 0.02526313050594952)	(15.0, 0.03614124418105545)	(16.0, 0.05324518638645522)	(17.0, 0.08039182500711652)	(18.0, 0.12104906633919811)	(19.0, 0.17970114720479075)	(20.0, 0.26244404061208537)	(21.0, 0.3758601752403085)	(22.0, 0.5267864644296498)	(23.0, 0.7190848033668585)	(24.0, 0.9538559487687078)	(25.0, 1.2339788337428714)	(26.0, 1.5431664399877045)	(27.0, 1.8694310524627646)	(28.0, 2.2114109973186324)	(29.0, 2.550055303577325)	(30.0, 2.8740854362014634)	(31.0, 3.1758346930037358)	(32.0, 3.462416985636186)	(33.0, 3.7319174476846477)	(34.0, 3.961506433086788)	(35.0, 4.1325908824425674)	(36.0, 4.222940977674105)	(37.0, 4.22580222148465)	(38.0, 4.161368554664378)	(39.0, 4.061447745627329)	(40.0, 3.951861343827439)	(41.0, 3.8306707631112125)	(42.0, 3.6853371060208584)	(43.0, 3.521325159280663)	(44.0, 3.3421715762278974)	(45.0, 3.1483567820913945)	(46.0, 2.946583814394439)	(47.0, 2.7367996052456456)	(48.0, 2.52354186138797)	(49.0, 2.3130046510227724)	(50.0, 2.112944730940926)	(51.0, 1.9132848301918737)	(52.0, 1.706978980105724)	(53.0, 1.5117783903509903)	(54.0, 1.332254136117485)	(55.0, 1.1732530848184348)	(56.0, 1.034222445918572)	(57.0, 0.9037670958312606)	(58.0, 0.7923691491936145)	(59.0, 0.7087815918484309)	(60.0, 0.6328691793096429)	(61.0, 0.5483127309171903)	(62.0, 0.45788102370117356)	(63.0, 0.37800058019286464)	(64.0, 0.31511995325458503)	(65.0, 0.2624569055554516)	(66.0, 0.21967735059742263)	(67.0, 0.18534564110672316)	(68.0, 0.1568280819585982)	(69.0, 0.12856701761883746)	(70.0, 0.1035603819212521)	(71.0, 0.08875283210672397)	(72.0, 0.07826388296844641)	(73.0, 0.06741149918007294)	(74.0, 0.05512387014740467)	(75.0, 0.04632826917970685)	(76.0, 0.040686589484135796)	(77.0, 0.034818969220695356)	(78.0, 0.02980204333734674)	(79.0, 0.025628575303446425)	(80.0, 0.020893070056234034)	(81.0, 0.016014040284592166)	(82.0, 0.01268523618858074)	(83.0, 0.009273614019649223)	(84.0, 0.00630904863269412)	(85.0, 0.00412683261419774)	(86.0, 0.002353078547579091)	(87.0, 0.002526353253542971)	(88.0, 0.002655002687205249)	(89.0, 0.0019060217656026778)	(90.0, 0.0009331104235317053)	(91.0, 0.00033368446856153186)	(92.0, 0.00016563614584018206)	(93.0, 0.000168852381681739)	(94.0, 0.00020382894645867066)	(95.0, 0.0003927828021501405)	(96.0, 0.0011208581907825913)	(97.0, 0.004204022274395106)	(98.0, 0.01946787554894412)	(99.0, 0.022073026580605233)	(100.0, 0.006713088260289709)
trimmed_trimmomatic | fastqc_results | Plasmid_Ko_P1_S61_L002_R1_unpaired	(0.0, 0.0003750608536235004)	(1.0, 0.0005625912804352506)	(2.0, 0.0006376034511599507)	(3.0, 0.0008251338779717009)	(4.0, 0.0012752069023199014)	(5.0, 0.0014627373291316516)	(6.0, 0.0015377494998563516)	(7.0, 0.0024754016339151026)	(8.0, 0.0030004868289880034)	(9.0, 0.0034880659386985536)	(10.0, 0.005588406718990156)	(11.0, 0.006751095365223007)	(12.0, 0.00892644831623931)	(13.0, 0.013352166388996613)	(14.0, 0.018152945315377422)	(15.0, 0.024641498083063977)	(16.0, 0.03566828717959489)	(17.0, 0.0536712081535229)	(18.0, 0.0817632660899231)	(19.0, 0.12133218614720237)	(20.0, 0.17331562045941953)	(21.0, 0.24637747474527744)	(22.0, 0.3452435157604321)	(23.0, 0.47824009445532534)	(24.0, 0.6416541083790845)	(25.0, 0.8356730879585214)	(26.0, 1.0584592350108806)	(27.0, 1.2857461123067218)	(28.0, 1.5409000110267892)	(29.0, 1.8220831329883274)	(30.0, 2.0769744891108584)	(31.0, 2.3283402732093283)	(32.0, 2.599621788635206)	(33.0, 2.8602140697328142)	(34.0, 3.0808623699195197)	(35.0, 3.2655048281583685)	(36.0, 3.4255808004848785)	(37.0, 3.51465775322046)	(38.0, 3.569829204788477)	(39.0, 3.610860862174888)	(40.0, 3.5866694371161723)	(41.0, 3.5825812738116762)	(42.0, 3.5536265759119416)	(43.0, 3.473926144516948)	(44.0, 3.379935894598899)	(45.0, 3.280469756217946)	(46.0, 3.1832914890440973)	(47.0, 3.048344593910362)	(48.0, 2.896332429936757)	(49.0, 2.7266173936721234)	(50.0, 2.5669539882845993)	(51.0, 2.4057153273118566)	(52.0, 2.222535606402139)	(53.0, 2.044831773955324)	(54.0, 1.8748917011785164)	(55.0, 1.7123403272180913)	(56.0, 1.5694796480728999)	(57.0, 1.4363705511219194)	(58.0, 1.3042366123903604)	(59.0, 1.189655521608381)	(60.0, 1.0861762320936572)	(61.0, 0.9712575865434167)	(62.0, 0.8437368963114266)	(63.0, 0.7227047588471229)	(64.0, 0.6315274653312499)	(65.0, 0.5519770582777055)	(66.0, 0.4760272354189467)	(67.0, 0.4115917807664293)	(68.0, 0.35904575517377696)	(69.0, 0.3055620774470658)	(70.0, 0.2591670498538388)	(71.0, 0.22923719373468343)	(72.0, 0.2050457686759677)	(73.0, 0.18768045115319962)	(74.0, 0.16273890438723684)	(75.0, 0.13888503409678218)	(76.0, 0.12181976525691295)	(77.0, 0.10782999541675638)	(78.0, 0.09335264646688925)	(79.0, 0.07925035837064565)	(80.0, 0.06676083194498307)	(81.0, 0.049883093531925556)	(82.0, 0.03709351842336419)	(83.0, 0.027379442314515532)	(84.0, 0.018377981827551522)	(85.0, 0.012789575108561364)	(86.0, 0.00937652134058751)	(87.0, 0.00888894223087696)	(88.0, 0.00821383269435466)	(89.0, 0.005888455401888956)	(90.0, 0.0031880172557997534)	(91.0, 0.0013502190730446016)	(92.0, 0.0010126643047834512)	(93.0, 0.0014627373291316516)	(94.0, 0.002925474658263303)	(95.0, 0.007463710987107658)	(96.0, 0.027116899716979084)	(97.0, 0.11866925408647554)	(98.0, 0.6024602491754287)	(99.0, 0.6743969209004161)	(100.0, 0.1862552199094303)
trimmed_trimmomatic | fastqc_results | Plasmid_Ko_P1_S61_L002_R2_paired	(0.0, 0.0006433105481314659)	(1.0, 0.0006863319410377577)	(2.0, 0.0008298706070895911)	(3.0, 0.0011020713827677175)	(4.0, 0.0014755935697765498)	(5.0, 0.001892539218784256)	(6.0, 0.002390300755400978)	(7.0, 0.0030195388852920684)	(8.0, 0.003858657081511049)	(9.0, 0.0050021415808147295)	(10.0, 0.006515529645294003)	(11.0, 0.008920706957120522)	(12.0, 0.012525658441212223)	(13.0, 0.017464675174491552)	(14.0, 0.024727249193803223)	(15.0, 0.03605594794639834)	(16.0, 0.05322188578510134)	(17.0, 0.08016614395540263)	(18.0, 0.12098138375069606)	(19.0, 0.18005257069468275)	(20.0, 0.263167489375083)	(21.0, 0.3762168540673181)	(22.0, 0.5274173487473972)	(23.0, 0.7208427374613627)	(24.0, 0.9560338573054861)	(25.0, 1.2355663628868485)	(26.0, 1.5447156798969055)	(27.0, 1.8718977957092728)	(28.0, 2.213918271383385)	(29.0, 2.5557192173329475)	(30.0, 2.880253708170662)	(31.0, 3.1819438393751343)	(32.0, 3.468474759581982)	(33.0, 3.7371908024346987)	(34.0, 3.9671445702788466)	(35.0, 4.137374190972655)	(36.0, 4.2263794218593835)	(37.0, 4.228224114856151)	(38.0, 4.164467616776304)	(39.0, 4.059952972712311)	(40.0, 3.9470873535953857)	(41.0, 3.826977253568315)	(42.0, 3.6819605815321497)	(43.0, 3.516850104525098)	(44.0, 3.335015161542999)	(45.0, 3.1406308380432244)	(46.0, 2.9401752712454594)	(47.0, 2.730937309258423)	(48.0, 2.5173075465731105)	(49.0, 2.3058582045768716)	(50.0, 2.104770585165568)	(51.0, 1.9043640707970977)	(52.0, 1.6999469172301207)	(53.0, 1.5058665579643389)	(54.0, 1.3256539637708085)	(55.0, 1.1674667144689292)	(56.0, 1.0283809636174432)	(57.0, 0.8975215464001886)	(58.0, 0.7874281936766175)	(59.0, 0.704357904665494)	(60.0, 0.6267272084079145)	(61.0, 0.5422279658417539)	(62.0, 0.4544168801599939)	(63.0, 0.37584775464032766)	(64.0, 0.3132974638382275)	(65.0, 0.26068833135022135)	(66.0, 0.21811283306760318)	(67.0, 0.1842606258176477)	(68.0, 0.1558536402885325)	(69.0, 0.12756727548719193)	(70.0, 0.10241704960799228)	(71.0, 0.08811464784665947)	(72.0, 0.07834798751874607)	(73.0, 0.06746397718254683)	(74.0, 0.05477950144976465)	(75.0, 0.045656955808167886)	(76.0, 0.040241487200178686)	(77.0, 0.03445129019790291)	(78.0, 0.029421807918792592)	(79.0, 0.025202896930327925)	(80.0, 0.020460894052413855)	(81.0, 0.015705220825351994)	(82.0, 0.012416697717122456)	(83.0, 0.00930106431870325)	(84.0, 0.0065223648198679)	(85.0, 0.004294499977870118)	(86.0, 0.002530220799619572)	(87.0, 0.002678182225689809)	(88.0, 0.0026910484366524383)	(89.0, 0.002039696506669329)	(90.0, 0.0014136749295188963)	(91.0, 0.0011523300193404882)	(92.0, 0.001248022463375044)	(93.0, 0.0015371101409416214)	(94.0, 0.002031655124817686)	(95.0, 0.002965259557793476)	(96.0, 0.004433615883903547)	(97.0, 0.007045456709317299)	(98.0, 0.01154702226986723)	(99.0, 0.022951712080960373)	(100.0, 0.09294591006312677)
trimmed_trimmomatic | fastqc_results | Plasmid_Ko_P1_S61_L002_R2_unpaired	(0.0, 0.00029940836906273207)	(1.0, 0.00029940836906273207)	(2.0, 0.00044911255359409807)	(3.0, 0.0008982251071881961)	(4.0, 0.0017964502143763923)	(5.0, 0.00224556276797049)	(6.0, 0.0023952669525018565)	(7.0, 0.0031437878751586863)	(8.0, 0.0035929004287527846)	(9.0, 0.005389350643129177)	(10.0, 0.005838463196723274)	(11.0, 0.007634913411099667)	(12.0, 0.012874559869697476)	(13.0, 0.017066277036575726)	(14.0, 0.02410237370954993)	(15.0, 0.03188699130518096)	(16.0, 0.04221658003784522)	(17.0, 0.062426644949579634)	(18.0, 0.08548108936741)	(19.0, 0.13248820331025893)	(20.0, 0.19566336918249538)	(21.0, 0.2727610242161489)	(22.0, 0.38354212076935973)	(23.0, 0.5338451220388513)	(24.0, 0.7075019760952359)	(25.0, 0.8938836858367865)	(26.0, 1.1100565283000792)	(27.0, 1.365302162926058)	(28.0, 1.6522850846726869)	(29.0, 1.9334295432225923)	(30.0, 2.188974586217634)	(31.0, 2.478203070732233)	(32.0, 2.7789587774557476)	(33.0, 3.0038144626218592)	(34.0, 3.2083103786917055)	(35.0, 3.4023270018443554)	(36.0, 3.546492131548061)	(37.0, 3.6222424489209324)	(38.0, 3.6382607966657883)	(39.0, 3.611763156003737)	(40.0, 3.575534743347146)	(41.0, 3.5306234879877363)	(42.0, 3.490802174902393)	(43.0, 3.411009844547175)	(44.0, 3.294240580612709)	(45.0, 3.181962442214185)	(46.0, 3.027467723777815)	(47.0, 2.8997700543725595)	(48.0, 2.7633895422644854)	(49.0, 2.591379434237946)	(50.0, 2.4609870895111263)	(51.0, 2.31891781839086)	(52.0, 2.134182854679154)	(53.0, 1.9702567726173081)	(54.0, 1.836421231646267)	(55.0, 1.6943519605260007)	(56.0, 1.5367134542144723)	(57.0, 1.4162015856667225)	(58.0, 1.3220376535964933)	(59.0, 1.2111068528587512)	(60.0, 1.0929902512635032)	(61.0, 0.9516695010658938)	(62.0, 0.8160375098804762)	(63.0, 0.7048073007736713)	(64.0, 0.5889362619463939)	(65.0, 0.4964190759060097)	(66.0, 0.42276461711657765)	(67.0, 0.3512060169105847)	(68.0, 0.30120481927710846)	(69.0, 0.26153321037629645)	(70.0, 0.2208136721837649)	(71.0, 0.18488466789623703)	(72.0, 0.16003377326403026)	(73.0, 0.1378775539533881)	(74.0, 0.11512251790462048)	(75.0, 0.09491245299288606)	(76.0, 0.07590002155740258)	(77.0, 0.06512132027114423)	(78.0, 0.0532946896931663)	(79.0, 0.041917171668782484)	(80.0, 0.03592900428752784)	(81.0, 0.027395865769239983)	(82.0, 0.019760952358140314)	(83.0, 0.01616805192938753)	(84.0, 0.010329588732664255)	(85.0, 0.006287575750317373)	(86.0, 0.007036096672974203)	(87.0, 0.005389350643129177)	(88.0, 0.0029940836906273203)	(89.0, 0.0032934920596900522)	(90.0, 0.0035929004287527846)	(91.0, 0.0034431962442214186)	(92.0, 0.0031437878751586863)	(93.0, 0.004640829720472347)	(94.0, 0.005389350643129177)	(95.0, 0.00823373014922513)	(96.0, 0.013922489161417041)	(97.0, 0.023054444417830368)	(98.0, 0.05045031018707035)	(99.0, 0.18293851349732929)	(100.0, 1.7916596804713887)
trimmed_trimmomatic | fastqc_results | Plasmid_Ko_P2_S62_L002_R1_paired	(0.0, 0.0007496659576089732)	(1.0, 0.0007822601296789285)	(2.0, 0.000902451139186889)	(3.0, 0.0011701307773113972)	(4.0, 0.001517258709856422)	(5.0, 0.001942205228218465)	(6.0, 0.0024796016402218535)	(7.0, 0.003120484548547351)	(8.0, 0.004024565396337737)	(9.0, 0.005151508895656444)	(10.0, 0.006626802608972798)	(11.0, 0.008965027027841221)	(12.0, 0.012444454896308957)	(13.0, 0.017459068269271585)	(14.0, 0.024721457233608517)	(15.0, 0.03594485295874677)	(16.0, 0.05341003263528147)	(17.0, 0.07993516986581115)	(18.0, 0.12012093203800998)	(19.0, 0.17872566084694058)	(20.0, 0.26143500218305576)	(21.0, 0.37450214795797654)	(22.0, 0.5240454316963844)	(23.0, 0.7164879424318147)	(24.0, 0.9523850033709097)	(25.0, 1.2322031186014204)	(26.0, 1.5391725865933545)	(27.0, 1.863816244390222)	(28.0, 2.206296655425222)	(29.0, 2.5438292711400026)	(30.0, 2.8636542880234783)	(31.0, 3.1672119610539893)	(32.0, 3.4528159492540684)	(33.0, 3.719892187768132)	(34.0, 3.952138294008241)	(35.0, 4.11801329508945)	(36.0, 4.204219583661521)	(37.0, 4.209764667184922)	(38.0, 4.1476316192494185)	(39.0, 4.047543065365603)	(40.0, 3.9349684990160902)	(41.0, 3.8157035714220675)	(42.0, 3.6772260091014095)	(43.0, 3.51456601566775)	(44.0, 3.336526462142882)	(45.0, 3.145864815483923)	(46.0, 2.949392035372043)	(47.0, 2.7472935011608883)	(48.0, 2.538571423757968)	(49.0, 2.3298733845569486)	(50.0, 2.131711818904694)	(51.0, 1.931474411918734)	(52.0, 1.7247014660055966)	(53.0, 1.5278689277194941)	(54.0, 1.343521179617637)	(55.0, 1.1817628224688626)	(56.0, 1.0405897221180194)	(57.0, 0.9095440384564621)	(58.0, 0.799002533589812)	(59.0, 0.7158165024871737)	(60.0, 0.6406779724686074)	(61.0, 0.5575648708259755)	(62.0, 0.46653464478755163)	(63.0, 0.383829785150096)	(64.0, 0.31956222637116155)	(65.0, 0.2664231327912116)	(66.0, 0.2230769582096797)	(67.0, 0.18858091619944245)	(68.0, 0.15981859648346122)	(69.0, 0.13124695267408923)	(70.0, 0.106131920812736)	(71.0, 0.09114552792212141)	(72.0, 0.0812621600962092)	(73.0, 0.07074076135202761)	(74.0, 0.057760539752318756)	(75.0, 0.04829845160041072)	(76.0, 0.042484873584583305)	(77.0, 0.036987866464985336)	(78.0, 0.03193780692989663)	(79.0, 0.02733143556211019)	(80.0, 0.02221537282857982)	(81.0, 0.01707608674744961)	(82.0, 0.013630067905353581)	(83.0, 0.00999785485530793)	(84.0, 0.006809329972564548)	(85.0, 0.004475994679506619)	(86.0, 0.002615274881463043)	(87.0, 0.0027819125861706898)	(88.0, 0.002758281811419972)	(89.0, 0.0018187548015035089)	(90.0, 0.0008625232784011937)	(91.0, 0.00029538468438397044)	(92.0, 0.00011937615520621148)	(93.0, 0.00012752469822370033)	(94.0, 0.00014422921140955244)	(95.0, 0.0002187883800195753)	(96.0, 0.0005659163125645999)	(97.0, 0.002152845065220551)	(98.0, 0.010550733499044548)	(99.0, 0.012250926999643594)	(100.0, 0.0039043743868297774)
trimmed_trimmomatic | fastqc_results | Plasmid_Ko_P2_S62_L002_R1_unpaired	(0.0, 0.0006058850371009916)	(1.0, 0.0007573562963762395)	(2.0, 0.0009088275556514874)	(3.0, 0.0010981666297455472)	(4.0, 0.001173902259383171)	(5.0, 0.001325373518658419)	(6.0, 0.001514712592752479)	(7.0, 0.0017419194816653508)	(8.0, 0.002575011407679214)	(9.0, 0.003938252741156445)	(10.0, 0.004960683741264368)	(11.0, 0.005642304408002984)	(12.0, 0.007952241111950514)	(13.0, 0.011360344445643591)	(14.0, 0.016207424742451522)	(15.0, 0.023515913002482236)	(16.0, 0.03389169426283672)	(17.0, 0.05104581437575854)	(18.0, 0.0756220261931675)	(19.0, 0.11027107675238047)	(20.0, 0.16302094279498555)	(21.0, 0.23860510117333422)	(22.0, 0.3375158334800711)	(23.0, 0.4635020533822585)	(24.0, 0.62250900780645)	(25.0, 0.8178311966418822)	(26.0, 1.04708294755497)	(27.0, 1.2812196465796843)	(28.0, 1.5206957074938512)	(29.0, 1.7911476409298064)	(30.0, 2.066257315588475)	(31.0, 2.335043065172403)	(32.0, 2.59458906794054)	(33.0, 2.848644237559949)	(34.0, 3.0884611088074854)	(35.0, 3.2857145561986774)	(36.0, 3.4368450051405555)	(37.0, 3.5424962084850415)	(38.0, 3.604258614454524)	(39.0, 3.6171715393077384)	(40.0, 3.617891027789296)	(41.0, 3.611036953307091)	(42.0, 3.5848702932672922)	(43.0, 3.5378005994475084)	(44.0, 3.441427010733632)	(45.0, 3.332254100610997)	(46.0, 3.2269815754147)	(47.0, 3.0790320229176014)	(48.0, 2.918018074308013)	(49.0, 2.774839866478085)	(50.0, 2.63060135983323)	(51.0, 2.4558413944444126)	(52.0, 2.262715538868472)	(53.0, 2.086895274664728)	(54.0, 1.911870234572179)	(55.0, 1.7396852805910408)	(56.0, 1.586585705278584)	(57.0, 1.4456416985229659)	(58.0, 1.3249948405102308)	(59.0, 1.2191164302768327)	(60.0, 1.1108144798950303)	(61.0, 0.9953933803272915)	(62.0, 0.8652795686098536)	(63.0, 0.7470562507455226)	(64.0, 0.6508341332909214)	(65.0, 0.5635109523187409)	(66.0, 0.48485950094006847)	(67.0, 0.4179092043404089)	(68.0, 0.36413690729769593)	(69.0, 0.3074109206991156)	(70.0, 0.25947026713849963)	(71.0, 0.23197823358004216)	(72.0, 0.21024210787404404)	(73.0, 0.18922547064960343)	(74.0, 0.16870111501780732)	(75.0, 0.148631173163837)	(76.0, 0.12981086919888746)	(77.0, 0.11659500182712207)	(78.0, 0.09955448515865668)	(79.0, 0.08368787074957446)	(80.0, 0.07001758959998335)	(81.0, 0.053961636116807064)	(82.0, 0.042904234189713966)	(83.0, 0.03203617133671493)	(84.0, 0.02166039007636045)	(85.0, 0.013859620223685183)	(86.0, 0.009391218075065369)	(87.0, 0.010034970926985172)	(88.0, 0.009050407741696062)	(89.0, 0.00575590785245942)	(90.0, 0.003029425185504958)	(91.0, 0.0010602988149267351)	(92.0, 0.0006437528519198035)	(93.0, 0.0007952241111950514)	(94.0, 0.001173902259383171)	(95.0, 0.0026128792224980263)	(96.0, 0.00942908588988418)	(97.0, 0.04869800985699219)	(98.0, 0.2742008471030175)	(99.0, 0.3116899837736413)	(100.0, 0.08607354308315962)
trimmed_trimmomatic | fastqc_results | Plasmid_Ko_P2_S62_L002_R2_paired	(0.0, 0.0006511221401476924)	(1.0, 0.0006906458244995862)	(2.0, 0.0008381465846581999)	(3.0, 0.0010948468026137984)	(4.0, 0.0014273347039658114)	(5.0, 0.0018299058394263372)	(6.0, 0.002368161375806251)	(7.0, 0.0030005403254365504)	(8.0, 0.0037449709575077855)	(9.0, 0.004850819198033966)	(10.0, 0.006429321808129185)	(11.0, 0.008725362646509815)	(12.0, 0.012186333521612757)	(13.0, 0.017369640620998737)	(14.0, 0.02460858676734661)	(15.0, 0.03571637191288243)	(16.0, 0.053240032664654525)	(17.0, 0.0801772571234555)	(18.0, 0.12021556429325068)	(19.0, 0.17914945226855844)	(20.0, 0.2635643002915984)	(21.0, 0.3778170852363376)	(22.0, 0.5288550114141141)	(23.0, 0.7232899430102698)	(24.0, 0.9591122840328096)	(25.0, 1.239131068295362)	(26.0, 1.5491678870928458)	(27.0, 1.8755825872565604)	(28.0, 2.2193767070971955)	(29.0, 2.560239962385839)	(30.0, 2.88075829928918)	(31.0, 3.1820701629008172)	(32.0, 3.468942842982784)	(33.0, 3.736630645188209)	(34.0, 3.9636400195216033)	(35.0, 4.128794012922957)	(36.0, 4.2148920809465915)	(37.0, 4.214081641687046)	(38.0, 4.1487974792723135)	(39.0, 4.047646999420558)	(40.0, 3.934407976606412)	(41.0, 3.8121958550623956)	(42.0, 3.668336163392117)	(43.0, 3.504968884999867)	(44.0, 3.3246952487609285)	(45.0, 3.1322715429994217)	(46.0, 2.9349330467157237)	(47.0, 2.7303727176335415)	(48.0, 2.5238484281536673)	(49.0, 2.315994187068385)	(50.0, 2.1153487400403574)	(51.0, 1.9163645101370999)	(52.0, 1.7113971278521594)	(53.0, 1.5134425510453682)	(54.0, 1.3288054185618479)	(55.0, 1.1692458600692723)	(56.0, 1.0300222558274046)	(57.0, 0.9000313027580068)	(58.0, 0.7910351678320694)	(59.0, 0.7072567733652939)	(60.0, 0.6314271215205467)	(61.0, 0.5495511608912866)	(62.0, 0.4604252526777663)	(63.0, 0.37952760510138145)	(64.0, 0.31540715034138034)	(65.0, 0.2623769599183879)	(66.0, 0.21986047699366265)	(67.0, 0.18556410549280444)	(68.0, 0.15748802847974014)	(69.0, 0.12937202032166054)	(70.0, 0.10382708894977112)	(71.0, 0.0895007720238682)	(72.0, 0.08032761010825806)	(73.0, 0.0696606974005444)	(74.0, 0.05658935931797996)	(75.0, 0.04713219731996497)	(76.0, 0.041664075216847306)	(77.0, 0.03624892299997444)	(78.0, 0.030904261477873517)	(79.0, 0.026328070766985696)	(80.0, 0.02136927449314501)	(81.0, 0.016266237144453084)	(82.0, 0.013072560464554702)	(83.0, 0.009882550930627116)	(84.0, 0.006948426693328285)	(85.0, 0.004639347113718164)	(86.0, 0.0027263192989538236)	(87.0, 0.002807403970974719)	(88.0, 0.0027784742638717864)	(89.0, 0.0020735673161524446)	(90.0, 0.0014322242319268702)	(91.0, 0.0011592255874344087)	(92.0, 0.001223604372255019)	(93.0, 0.001521865577879619)	(94.0, 0.001957033566413872)	(95.0, 0.0026794613226603413)	(96.0, 0.003976001153667824)	(97.0, 0.00643828594272446)	(98.0, 0.01076266596361774)	(99.0, 0.022790497287159497)	(100.0, 0.08463283947797053)
trimmed_trimmomatic | fastqc_results | Plasmid_Ko_P2_S62_L002_R2_unpaired	(0.0, 0.0)	(1.0, 0.0)	(2.0, 0.0007926982974425967)	(3.0, 0.0017439362543737128)	(4.0, 0.0017439362543737128)	(5.0, 0.0012683172759081548)	(6.0, 0.0020610155733507517)	(7.0, 0.003329332849258906)	(8.0, 0.003804951827724464)	(9.0, 0.005548888082098177)	(10.0, 0.007134284676983371)	(11.0, 0.008402601952891525)	(12.0, 0.010463617526242277)	(13.0, 0.014902727991920817)	(14.0, 0.022512631647369746)	(15.0, 0.030756693940772756)	(16.0, 0.04185447010496911)	(17.0, 0.06896475187750592)	(18.0, 0.10416055628395722)	(19.0, 0.14221007456120185)	(20.0, 0.19785749504167213)	(21.0, 0.28267621286803)	(22.0, 0.3947637521264132)	(23.0, 0.5263516695018842)	(24.0, 0.6956720258356229)	(25.0, 0.9079566298907503)	(26.0, 1.16066884711545)	(27.0, 1.445406075556831)	(28.0, 1.702398863587721)	(29.0, 1.9630380637868465)	(30.0, 2.240323928232267)	(31.0, 2.52268306178132)	(32.0, 2.813603336942753)	(33.0, 3.0656813955294986)	(34.0, 3.2762220633302523)	(35.0, 3.4575914337851184)	(36.0, 3.579191352612813)	(37.0, 3.6524366752965087)	(38.0, 3.6502171200636693)	(39.0, 3.6232653779506214)	(40.0, 3.584423161375934)	(41.0, 3.546690722417666)	(42.0, 3.519580440645129)	(43.0, 3.4000415373907864)	(44.0, 3.292234568938593)	(45.0, 3.1511342719938105)	(46.0, 3.01843657700192)	(47.0, 2.9282275107529525)	(48.0, 2.7860174361917505)	(49.0, 2.5884770204690555)	(50.0, 2.4300959006400245)	(51.0, 2.3167400441057335)	(52.0, 2.155980829384375)	(53.0, 1.9815872039470033)	(54.0, 1.8006934524706026)	(55.0, 1.6345438893266346)	(56.0, 1.512626891179963)	(57.0, 1.3972100190723211)	(58.0, 1.2667318793132696)	(59.0, 1.188730366844918)	(60.0, 1.0934480314923178)	(61.0, 0.951237956931116)	(62.0, 0.8080766444129831)	(63.0, 0.6791839012488169)	(64.0, 0.5875479780644527)	(65.0, 0.5013024033026982)	(66.0, 0.4166422251358289)	(67.0, 0.3514824250860474)	(68.0, 0.30122535302818676)	(69.0, 0.25382199484111945)	(70.0, 0.21608955588285186)	(71.0, 0.1951623208303673)	(72.0, 0.1637714682516405)	(73.0, 0.13000252078058586)	(74.0, 0.11399001517224541)	(75.0, 0.09607503365004273)	(76.0, 0.07990398838221376)	(77.0, 0.06658665698517813)	(78.0, 0.053586404907119536)	(79.0, 0.04581796159218209)	(80.0, 0.038525137255710204)	(81.0, 0.028061519729467924)	(82.0, 0.01997599709555344)	(83.0, 0.01458564867294378)	(84.0, 0.011097776164196355)	(85.0, 0.007609903655448928)	(86.0, 0.003646412168235945)	(87.0, 0.002695174211304829)	(88.0, 0.003646412168235945)	(89.0, 0.0034878725087474256)	(90.0, 0.0031707931897703868)	(91.0, 0.0031707931897703868)	(92.0, 0.002695174211304829)	(93.0, 0.0031707931897703868)	(94.0, 0.004280570806190023)	(95.0, 0.006500126039029293)	(96.0, 0.012683172759081547)	(97.0, 0.02520780585867458)	(98.0, 0.04962291341990655)	(99.0, 0.16947889599322719)	(100.0, 1.3518676764586046)
trimmed_trimmomatic | fastqc_results | Plasmid_Ko_P3_S63_L002_R1_paired	(0.0, 0.0007792400060400648)	(1.0, 0.0008206115582860659)	(2.0, 0.0009806421779629051)	(3.0, 0.0012466021566871982)	(4.0, 0.001586212591058218)	(5.0, 0.002006292967709922)	(6.0, 0.002637777430014268)	(7.0, 0.003324272417832528)	(8.0, 0.004134427429946528)	(9.0, 0.005314198617620955)	(10.0, 0.00688540833808447)	(11.0, 0.009276320351949523)	(12.0, 0.012904741873656499)	(13.0, 0.018036178249487427)	(14.0, 0.02540258771148694)	(15.0, 0.03674384861619841)	(16.0, 0.05398896641614692)	(17.0, 0.08071680769683268)	(18.0, 0.12161599683532176)	(19.0, 0.18041997544748403)	(20.0, 0.26348632360593577)	(21.0, 0.3775676969756204)	(22.0, 0.5292817253861292)	(23.0, 0.7221722687249078)	(24.0, 0.9565071055004497)	(25.0, 1.2366434330394107)	(26.0, 1.5452574821293306)	(27.0, 1.8699264212853526)	(28.0, 2.2112035381897117)	(29.0, 2.550897624930108)	(30.0, 2.8742794996420815)	(31.0, 3.1759890458313422)	(32.0, 3.4629121264684164)	(33.0, 3.7304374046914233)	(34.0, 3.9612993042405122)	(35.0, 4.134429703108739)	(36.0, 4.22403093799229)	(37.0, 4.222379258329546)	(38.0, 4.152795489878868)	(39.0, 4.048115915415198)	(40.0, 3.9324301441567644)	(41.0, 3.8103108692078567)	(42.0, 3.6698589956571057)	(43.0, 3.5088668283648783)	(44.0, 3.330566349363228)	(45.0, 3.1426922203923873)	(46.0, 2.9488728629740635)	(47.0, 2.744631511449286)	(48.0, 2.5353801104107623)	(49.0, 2.3261682623947144)	(50.0, 2.1253571126468174)	(51.0, 1.9247596401467832)	(52.0, 1.719001634794614)	(53.0, 1.5216120488071931)	(54.0, 1.3379005344777195)	(55.0, 1.176275064193419)	(56.0, 1.0352544454573958)	(57.0, 0.9039902389323529)	(58.0, 0.7929567214556044)	(59.0, 0.7085969439989123)	(60.0, 0.631947278130571)	(61.0, 0.5488122804733374)	(62.0, 0.4590037331961143)	(63.0, 0.3789311396699694)	(64.0, 0.31584497808412487)	(65.0, 0.2631535326581987)	(66.0, 0.22032761122939584)	(67.0, 0.18580373282877133)	(68.0, 0.15764425398739704)	(69.0, 0.12966117253362103)	(70.0, 0.10485142552684604)	(71.0, 0.09069598980452197)	(72.0, 0.08090684405769893)	(73.0, 0.06971197479939639)	(74.0, 0.05675995115174446)	(75.0, 0.0476459345816831)	(76.0, 0.042017130314015626)	(77.0, 0.03628557911439655)	(78.0, 0.031176419728236548)	(79.0, 0.02668419656622845)	(80.0, 0.021410005603526704)	(81.0, 0.016329488061229316)	(82.0, 0.01309295970475369)	(83.0, 0.009642754100414104)	(84.0, 0.0066317234353012984)	(85.0, 0.004347195412925962)	(86.0, 0.0025132081408340014)	(87.0, 0.002746434583715304)	(88.0, 0.00280053584434469)	(89.0, 0.0019744686967514595)	(90.0, 0.0009588198207342454)	(91.0, 0.0003232436664495251)	(92.0, 0.00015730282502325694)	(93.0, 0.00017821591736738937)	(94.0, 0.000209585555883588)	(95.0, 0.0003000574118940739)	(96.0, 0.0006287566676507641)	(97.0, 0.002049483049724978)	(98.0, 0.009052641190355759)	(99.0, 0.0099964581404953)	(100.0, 0.002875550197318209)
trimmed_trimmomatic | fastqc_results | Plasmid_Ko_P3_S63_L002_R1_unpaired	(0.0, 0.000427679594422887)	(1.0, 0.0008125912294034855)	(2.0, 0.001283038783268661)	(3.0, 0.0011119669454995062)	(4.0, 0.0012402708238263723)	(5.0, 0.0016679504182492593)	(6.0, 0.0019673261343452803)	(7.0, 0.0027371494043064767)	(8.0, 0.003678044512036828)	(9.0, 0.004704475538651757)	(10.0, 0.00560260268693982)	(11.0, 0.006629033713554749)	(12.0, 0.009280647198976647)	(13.0, 0.013899586818743828)	(14.0, 0.019288349708472204)	(15.0, 0.026387830975892132)	(16.0, 0.03686598103925286)	(17.0, 0.052775661951784264)	(18.0, 0.08125912294034854)	(19.0, 0.1219314523699651)	(20.0, 0.17543416963226827)	(21.0, 0.24852461231913964)	(22.0, 0.34616386372588476)	(23.0, 0.47010541018963736)	(24.0, 0.6309129376926429)	(25.0, 0.8320506509497267)	(26.0, 1.0615007533576055)	(27.0, 1.3038240115576134)	(28.0, 1.5562405081860013)	(29.0, 1.8353014435469348)	(30.0, 2.1063220025327185)	(31.0, 2.3794809594906168)	(32.0, 2.6407931916830005)	(33.0, 2.8814912674242015)	(34.0, 3.116116292924597)	(35.0, 3.3069469279560892)	(36.0, 3.458644880097887)	(37.0, 3.5446084785768877)	(38.0, 3.581859371251121)	(39.0, 3.6037137985261305)	(40.0, 3.6035427266883615)	(41.0, 3.5882745651674646)	(42.0, 3.5483720590078085)	(43.0, 3.4633493556365393)	(44.0, 3.3877783713020153)	(45.0, 3.3040814746734557)	(46.0, 3.17222785571288)	(47.0, 3.0528197129500096)	(48.0, 2.9302467411884106)	(49.0, 2.7584050801492945)	(50.0, 2.598239072037923)	(51.0, 2.439826550263686)	(52.0, 2.2543419101624798)	(53.0, 2.086092757716516)	(54.0, 1.9187417324188403)	(55.0, 1.7527165138638754)	(56.0, 1.6032424956130764)	(57.0, 1.4647598429389457)	(58.0, 1.32824451639916)	(59.0, 1.2062275281103105)	(60.0, 1.1015315633955878)	(61.0, 0.9952959521409427)	(62.0, 0.8731506599737661)	(63.0, 0.7431788312286507)	(64.0, 0.6408778722426961)	(65.0, 0.5605168764506357)	(66.0, 0.4832779416978623)	(67.0, 0.423231726640889)	(68.0, 0.36878811427085545)	(69.0, 0.31306146311755334)	(70.0, 0.2748696753355895)	(71.0, 0.24458996005044908)	(72.0, 0.22093927847886344)	(73.0, 0.20118048121652607)	(74.0, 0.17398005901123045)	(75.0, 0.15114196866904828)	(76.0, 0.13125486752838403)	(77.0, 0.11457536334589143)	(78.0, 0.09969211345997496)	(79.0, 0.08455225581740476)	(80.0, 0.0711658845119684)	(81.0, 0.055726651153302185)	(82.0, 0.040501257591847396)	(83.0, 0.028825604664102587)	(84.0, 0.02048585257285629)	(85.0, 0.014498338250935869)	(86.0, 0.009708326793399535)	(87.0, 0.00953725495563038)	(88.0, 0.008852967604553761)	(89.0, 0.005645370646382109)	(90.0, 0.002908221242075632)	(91.0, 0.00132580674271095)	(92.0, 0.0008981271482880628)	(93.0, 0.0008125912294034855)	(94.0, 0.0015396465399223932)	(95.0, 0.003122061039287075)	(96.0, 0.01086306169834133)	(97.0, 0.04550510884659518)	(98.0, 0.22530161034197688)	(99.0, 0.2460868386309292)	(100.0, 0.06188523731299175)
trimmed_trimmomatic | fastqc_results | Plasmid_Ko_P3_S63_L002_R2_paired	(0.0, 0.000680150387433847)	(1.0, 0.0007106116681544805)	(2.0, 0.0008410950646742091)	(3.0, 0.001090695708191042)	(4.0, 0.0014116757707099564)	(5.0, 0.001830404719123441)	(6.0, 0.0024387210415743013)	(7.0, 0.003117507491065434)	(8.0, 0.00381311584185005)	(9.0, 0.004877896729129508)	(10.0, 0.006395959659371228)	(11.0, 0.008761028052038924)	(12.0, 0.01234909413334101)	(13.0, 0.017403848149042556)	(14.0, 0.025008256825659218)	(15.0, 0.03595613204585109)	(16.0, 0.05270710856631409)	(17.0, 0.07973672142307683)	(18.0, 0.120668499083952)	(19.0, 0.17964699431086936)	(20.0, 0.2630290672088423)	(21.0, 0.3771074727995767)	(22.0, 0.5281435955320957)	(23.0, 0.7201919682641101)	(24.0, 0.9554730819663598)	(25.0, 1.2363047218494985)	(26.0, 1.5443737478026731)	(27.0, 1.869959828754136)	(28.0, 2.212917023344016)	(29.0, 2.552397994763897)	(30.0, 2.8742196069934662)	(31.0, 3.1757285460881635)	(32.0, 3.462592428845949)	(33.0, 3.731952895984874)	(34.0, 3.965270848341576)	(35.0, 4.136685567876199)	(36.0, 4.224843242157598)	(37.0, 4.224757314067206)	(38.0, 4.158064385836294)	(39.0, 4.0524078423958425)	(40.0, 3.9354824436726816)	(41.0, 3.814051957924733)	(42.0, 3.669991013831258)	(43.0, 3.5051550216403307)	(44.0, 3.3265805371984163)	(45.0, 3.138724000410345)	(46.0, 2.943713154466754)	(47.0, 2.737969480851939)	(48.0, 2.5287163949105187)	(49.0, 2.3209581849543133)	(50.0, 2.119559562979007)	(51.0, 1.9183482551478337)	(52.0, 1.7132319929866673)	(53.0, 1.5158415299790196)	(54.0, 1.3322159286892508)	(55.0, 1.1704910789456557)	(56.0, 1.0295994719850692)	(57.0, 0.8976989439428599)	(58.0, 0.7866002881109767)	(59.0, 0.7031072815936629)	(60.0, 0.6262098243213376)	(61.0, 0.5430787160048243)	(62.0, 0.4550647098533914)	(63.0, 0.37727387322858785)	(64.0, 0.31464638935892714)	(65.0, 0.26188426862892356)	(66.0, 0.21891704091153683)	(67.0, 0.18453216537569334)	(68.0, 0.15644004486155566)	(69.0, 0.12830155045736566)	(70.0, 0.1036992924926546)	(71.0, 0.08992670179310011)	(72.0, 0.08043778552563231)	(73.0, 0.0693848870838514)	(74.0, 0.056222431290671386)	(75.0, 0.04696765770336965)	(76.0, 0.041505086242796335)	(77.0, 0.035610146454382395)	(78.0, 0.030316703298705738)	(79.0, 0.025798431540472067)	(80.0, 0.02081096512994446)	(81.0, 0.015908517517846082)	(82.0, 0.012696898308733317)	(83.0, 0.009574389711877929)	(84.0, 0.006666928663990597)	(85.0, 0.004341869117642539)	(86.0, 0.0025264677158889624)	(87.0, 0.002697414604709234)	(88.0, 0.0027087807542318584)	(89.0, 0.002060910231442265)	(90.0, 0.0014753262080366533)	(91.0, 0.001197537513703712)	(92.0, 0.0012771005603620829)	(93.0, 0.0015939888090528527)	(94.0, 0.0020663659832131248)	(95.0, 0.002901550650135569)	(96.0, 0.0043177728806545745)	(97.0, 0.007035191908523628)	(98.0, 0.011693494628876033)	(99.0, 0.022829138639181654)	(100.0, 0.08349846226908463)
trimmed_trimmomatic | fastqc_results | Plasmid_Ko_P3_S63_L002_R2_unpaired	(0.0, 0.00032339539290923263)	(1.0, 0.0004850930893638489)	(2.0, 0.0006467907858184653)	(3.0, 0.0011318838751823142)	(4.0, 0.0019403723574553957)	(5.0, 0.002587163143273861)	(6.0, 0.002102070053910012)	(7.0, 0.0019403723574553957)	(8.0, 0.00307225623263771)	(9.0, 0.004527535500729257)	(10.0, 0.006306210161730036)	(11.0, 0.00921676869791313)	(12.0, 0.011642234144732375)	(13.0, 0.016978258127734715)	(14.0, 0.024739747557556292)	(15.0, 0.03185444620155941)	(16.0, 0.04673063427538411)	(17.0, 0.06209191543857266)	(18.0, 0.08375940676349125)	(19.0, 0.12838797098496535)	(20.0, 0.1885395140660826)	(21.0, 0.2849113411530339)	(22.0, 0.39680614709962836)	(23.0, 0.527619583531413)	(24.0, 0.7079125150783102)	(25.0, 0.918281218165766)	(26.0, 1.1503174125781404)	(27.0, 1.3948043296175203)	(28.0, 1.6696904135903679)	(29.0, 1.9473253584029442)	(30.0, 2.182757204440865)	(31.0, 2.4597453584676234)	(32.0, 2.7635753301058474)	(33.0, 3.0130748757353203)	(34.0, 3.2357326037533265)	(35.0, 3.418612698443498)	(36.0, 3.550234623357556)	(37.0, 3.6076373055989444)	(38.0, 3.6247772614231337)	(39.0, 3.623645377547952)	(40.0, 3.568668160753382)	(41.0, 3.528405434336183)	(42.0, 3.4454545160549648)	(43.0, 3.3534485267722873)	(44.0, 3.2832717265109843)	(45.0, 3.165394105795569)	(46.0, 3.0361976463283304)	(47.0, 2.9309324459363753)	(48.0, 2.8331053395813326)	(49.0, 2.672539527001898)	(50.0, 2.5245861347459244)	(51.0, 2.385202720402045)	(52.0, 2.2147733483388796)	(53.0, 2.061645629796358)	(54.0, 1.885556838357281)	(55.0, 1.713995582418933)	(56.0, 1.5880330768807867)	(57.0, 1.461585478253277)	(58.0, 1.3255977155349445)	(59.0, 1.1810399749045175)	(60.0, 1.0554008647592805)	(61.0, 0.9326723131502269)	(62.0, 0.8207775072036324)	(63.0, 0.7247290755095903)	(64.0, 0.6155831304027243)	(65.0, 0.5187262102264091)	(66.0, 0.4304392679621886)	(67.0, 0.36947923639879826)	(68.0, 0.3174125781404118)	(69.0, 0.26308215213166075)	(70.0, 0.22233433262509741)	(71.0, 0.18756932788735492)	(72.0, 0.16218278954398013)	(73.0, 0.13906001895097003)	(74.0, 0.11965629537641607)	(75.0, 0.10542689808840983)	(76.0, 0.09135919849685821)	(77.0, 0.07599791733366966)	(78.0, 0.0614451246527542)	(79.0, 0.04721572736474797)	(80.0, 0.03476500473774251)	(81.0, 0.028458794576012473)	(82.0, 0.0227993752001009)	(83.0, 0.014391094984460851)	(84.0, 0.01002525718018621)	(85.0, 0.00743809403691235)	(86.0, 0.0048509308936384886)	(87.0, 0.005174326286547722)	(88.0, 0.003719047018456175)	(89.0, 0.002102070053910012)	(90.0, 0.0017786746610007796)	(91.0, 0.0019403723574553957)	(92.0, 0.0019403723574553957)	(93.0, 0.001616976964546163)	(94.0, 0.004042442411365408)	(95.0, 0.006953000947548501)	(96.0, 0.008893373305003897)	(97.0, 0.016008071949007014)	(98.0, 0.03783726097038022)	(99.0, 0.1406769959155162)	(100.0, 1.1181395709836717)
trimmed_trimmomatic | fastqc_results | Plasmid_Ko_P4_S64_L002_R1_paired	(0.0, 0.0007565530493409855)	(1.0, 0.0008146529796494921)	(2.0, 0.0009718153810595531)	(3.0, 0.0012063050278442453)	(4.0, 0.0015398571457304919)	(5.0, 0.0019979688264364147)	(6.0, 0.0025630846953364214)	(7.0, 0.003179612732782805)	(8.0, 0.004025614595692282)	(9.0, 0.005232337608646661)	(10.0, 0.006792258039663543)	(11.0, 0.009283031310946932)	(12.0, 0.012863909749457551)	(13.0, 0.017827900917398734)	(14.0, 0.025210353932570276)	(15.0, 0.03647170876977736)	(16.0, 0.05383606420003845)	(17.0, 0.08099757262671023)	(18.0, 0.12200901767764362)	(19.0, 0.18134743786747473)	(20.0, 0.2647191659197412)	(21.0, 0.3786267961927843)	(22.0, 0.531198467138253)	(23.0, 0.7254758564025864)	(24.0, 0.9626794805073731)	(25.0, 1.24433791100037)	(26.0, 1.5549250909656815)	(27.0, 1.8823612507204601)	(28.0, 2.22490297437034)	(29.0, 2.566210387989997)	(30.0, 2.8890186166053815)	(31.0, 3.1917673218003664)	(32.0, 3.479434288251527)	(33.0, 3.7466843540131247)	(34.0, 3.9778769342490863)	(35.0, 4.149870283336892)	(36.0, 4.236711287803264)	(37.0, 4.236161219398328)	(38.0, 4.168243236837904)	(39.0, 4.062531876589461)	(40.0, 3.9470417546894545)	(41.0, 3.8211270841427267)	(42.0, 3.674944315605643)	(43.0, 3.511877456529841)	(44.0, 3.3315950447229854)	(45.0, 3.1351328472879865)	(46.0, 2.9322299172909454)	(47.0, 2.7237447961480763)	(48.0, 2.513408418952428)	(49.0, 2.304175522447531)	(50.0, 2.1060020939716466)	(51.0, 1.9058260988331144)	(52.0, 1.6987224184792353)	(53.0, 1.5053386813803666)	(54.0, 1.3242432885343023)	(55.0, 1.163551420854277)	(56.0, 1.0240054198958872)	(57.0, 0.8947589900362883)	(58.0, 0.7856180619592035)	(59.0, 0.7027027736472025)	(60.0, 0.628896634840333)	(61.0, 0.5465936947146769)	(62.0, 0.4559222746990453)	(63.0, 0.37486785609735696)	(64.0, 0.3113211618187054)	(65.0, 0.25970752444924483)	(66.0, 0.21829815757346466)	(67.0, 0.18432432782184296)	(68.0, 0.15626247946794442)	(69.0, 0.12858726734091902)	(70.0, 0.1038166337442088)	(71.0, 0.08961684358276573)	(72.0, 0.079599830418425)	(73.0, 0.06821934982482997)	(74.0, 0.05532367320700229)	(75.0, 0.04647952626169516)	(76.0, 0.04101855079780567)	(77.0, 0.035705542062903314)	(78.0, 0.030749492612054657)	(79.0, 0.026035874525083227)	(80.0, 0.02121149038392651)	(81.0, 0.016431830649554044)	(82.0, 0.013045733272365467)	(83.0, 0.009586488500903592)	(84.0, 0.006615450338077225)	(85.0, 0.00430608260459162)	(86.0, 0.002481995583970592)	(87.0, 0.0027419823224734056)	(88.0, 0.0028088599400947086)	(89.0, 0.0019415408365684407)	(90.0, 0.00095676791709476)	(91.0, 0.0003414938349787763)	(92.0, 0.00012832142881087435)	(93.0, 0.00012372359259940976)	(94.0, 0.0001454588183263331)	(95.0, 0.00020648464440577174)	(96.0, 0.0004969842959483048)	(97.0, 0.0019536624047623015)	(98.0, 0.009840205462754409)	(99.0, 0.011232095879497767)	(100.0, 0.003346388791725928)
trimmed_trimmomatic | fastqc_results | Plasmid_Ko_P4_S64_L002_R1_unpaired	(0.0, 0.0006483297405060214)	(1.0, 0.000607809131724395)	(2.0, 0.0006483297405060214)	(3.0, 0.0007698915668509003)	(4.0, 0.0012966594810120428)	(5.0, 0.0014992625249201745)	(6.0, 0.0017829067863915585)	(7.0, 0.0023907159181159538)	(8.0, 0.002755401397150591)	(9.0, 0.0035252929640014912)	(10.0, 0.005510802794301182)	(11.0, 0.007698915668509004)	(12.0, 0.009319740019774057)	(13.0, 0.01171045593789001)	(14.0, 0.017099696905846316)	(15.0, 0.02601423083780411)	(16.0, 0.03889978443036128)	(17.0, 0.05490542489910369)	(18.0, 0.07727280094656143)	(19.0, 0.11584842050666969)	(20.0, 0.17148321636384264)	(21.0, 0.24798612574355317)	(22.0, 0.34778838517269883)	(23.0, 0.479196719451513)	(24.0, 0.6418059224921795)	(25.0, 0.8314018509814092)	(26.0, 1.055683420587711)	(27.0, 1.294998136051996)	(28.0, 1.5503590125938054)	(29.0, 1.819740019774057)	(30.0, 2.0940645412256673)	(31.0, 2.374507674603303)	(32.0, 2.6193737134706714)	(33.0, 2.8710066940045706)	(34.0, 3.1218697829716193)	(35.0, 3.3070894857124333)	(36.0, 3.4474933951407687)	(37.0, 3.552644374929089)	(38.0, 3.619219735157301)	(39.0, 3.6356711023226413)	(40.0, 3.6334424688396516)	(41.0, 3.6209216007261293)	(42.0, 3.589315525876461)	(43.0, 3.533883333063196)	(44.0, 3.4336353469374528)	(45.0, 3.3203802453928066)	(46.0, 3.1995072693972157)	(47.0, 3.0607241843201454)	(48.0, 2.901559233025917)	(49.0, 2.7486344554840594)	(50.0, 2.5860657730521743)	(51.0, 2.40133231761674)	(52.0, 2.2410733098854076)	(53.0, 2.0692254080425307)	(54.0, 1.9015511289041604)	(55.0, 1.7495988459730618)	(56.0, 1.57912864482876)	(57.0, 1.4315525876460768)	(58.0, 1.3191484188858453)	(59.0, 1.2203996952850218)	(60.0, 1.1030520122534322)	(61.0, 0.978572702076276)	(62.0, 0.8563220253821094)	(63.0, 0.7337877044264713)	(64.0, 0.6340664862148889)	(65.0, 0.5473929040309902)	(66.0, 0.4750230967470055)	(67.0, 0.4137559362691865)	(68.0, 0.35953936171937045)	(69.0, 0.30268894759874876)	(70.0, 0.2592508549848453)	(71.0, 0.2343306805841451)	(72.0, 0.2146781853250563)	(73.0, 0.19782161207189977)	(74.0, 0.17375237045561373)	(75.0, 0.1529247775418578)	(76.0, 0.13716226072580515)	(77.0, 0.12018412564630372)	(78.0, 0.10409744395999806)	(79.0, 0.08890221566688818)	(80.0, 0.07313969885083554)	(81.0, 0.05672885229427687)	(82.0, 0.04319496896121368)	(83.0, 0.030471497803783002)	(84.0, 0.021394881436698706)	(85.0, 0.014587419161385479)	(86.0, 0.009968069760280078)	(87.0, 0.0106163995007861)	(88.0, 0.0098465079339352)	(89.0, 0.006766941666531598)	(90.0, 0.003403731137656612)	(91.0, 0.0013371800897936691)	(92.0, 0.0007698915668509003)	(93.0, 0.0007698915668509003)	(94.0, 0.0006483297405060214)	(95.0, 0.002512277744460833)	(96.0, 0.008590369061704784)	(97.0, 0.04084477365187935)	(98.0, 0.23777493233058333)	(99.0, 0.2667876882182278)	(100.0, 0.06787201970922412)
trimmed_trimmomatic | fastqc_results | Plasmid_Ko_P4_S64_L002_R2_paired	(0.0, 0.0005994175266775493)	(1.0, 0.0006612820970738376)	(2.0, 0.0008230495885830507)	(3.0, 0.001083047985789073)	(4.0, 0.00145507141587486)	(5.0, 0.0018714032544877187)	(6.0, 0.0024449045422154717)	(7.0, 0.0031249968127206127)	(8.0, 0.003930072235580418)	(9.0, 0.005053666595210301)	(10.0, 0.0066103129476142025)	(11.0, 0.008915186198729967)	(12.0, 0.012289731312305877)	(13.0, 0.017373494185006267)	(14.0, 0.02483820701025569)	(15.0, 0.03602064611323882)	(16.0, 0.053275009199846825)	(17.0, 0.08054641664440518)	(18.0, 0.12143262761854126)	(19.0, 0.1809701705594502)	(20.0, 0.265060423878313)	(21.0, 0.3790688850454456)	(22.0, 0.531491482393987)	(23.0, 0.7275875404153296)	(24.0, 0.9656444973195168)	(25.0, 1.2466296140247717)	(26.0, 1.558409074656341)	(27.0, 1.888808098961777)	(28.0, 2.2342067735651887)	(29.0, 2.575106054683833)	(30.0, 2.8963984470253936)	(31.0, 3.2006952206659904)	(32.0, 3.4899413475384193)	(33.0, 3.7579821388959593)	(34.0, 3.9897000673537972)	(35.0, 4.1581631445968465)	(36.0, 4.242744134440339)	(37.0, 4.239115024979659)	(38.0, 4.168267551760288)	(39.0, 4.063012509300377)	(40.0, 3.9455588603683376)	(41.0, 3.819837095203605)	(42.0, 3.6732134653220077)	(43.0, 3.5051625398790307)	(44.0, 3.32236945451216)	(45.0, 3.1255201535458568)	(46.0, 2.9225433340833438)	(47.0, 2.7148999195944508)	(48.0, 2.503174279467111)	(49.0, 2.2943441520366292)	(50.0, 2.0953989797462254)	(51.0, 1.8953569653428493)	(52.0, 1.6894252766362046)	(53.0, 1.4933848131274479)	(54.0, 1.312175962367347)	(55.0, 1.153812276241492)	(56.0, 1.0161046685663324)	(57.0, 0.8873686776101971)	(58.0, 0.7791345216826207)	(59.0, 0.6965490822382622)	(60.0, 0.6221799265486971)	(61.0, 0.540725605533341)	(62.0, 0.45208914229805913)	(63.0, 0.37262786365871314)	(64.0, 0.3097036534924615)	(65.0, 0.2578410793153786)	(66.0, 0.21590985870617005)	(67.0, 0.18194537355089976)	(68.0, 0.15444197396735532)	(69.0, 0.1269761947306735)	(70.0, 0.10201634859889538)	(71.0, 0.08800151538101193)	(72.0, 0.07868504548241416)	(73.0, 0.06801507910447055)	(74.0, 0.05514975648516677)	(75.0, 0.04598794801255971)	(76.0, 0.04066592294306281)	(77.0, 0.03524524896401507)	(78.0, 0.030290231278355607)	(79.0, 0.025832220175136596)	(80.0, 0.020970835352779618)	(81.0, 0.01608729632615911)	(82.0, 0.012709407181750969)	(83.0, 0.009430584950747693)	(84.0, 0.006560152485130725)	(85.0, 0.004277433438278496)	(86.0, 0.002405194176082719)	(87.0, 0.00250258907407147)	(88.0, 0.0025289233168752953)	(89.0, 0.001866387208239371)	(90.0, 0.0012147191998081999)	(91.0, 0.0009208624904258307)	(92.0, 0.0009589008411424675)	(93.0, 0.0011808608876318527)	(94.0, 0.0014985438166938735)	(95.0, 0.0021644239561620297)	(96.0, 0.0033348347474431578)	(97.0, 0.005596653601593939)	(98.0, 0.009728203694816322)	(99.0, 0.021946456348083246)	(100.0, 0.08110152576255565)
trimmed_trimmomatic | fastqc_results | Plasmid_Ko_P4_S64_L002_R2_unpaired	(0.0, 0.0009086228306629917)	(1.0, 0.0006057485537753278)	(2.0, 0.0012114971075506556)	(3.0, 0.0019686827997698157)	(4.0, 0.0015143713844383198)	(5.0, 0.0024229942151013113)	(6.0, 0.0031801799073204714)	(7.0, 0.0031801799073204714)	(8.0, 0.003634491322651967)	(9.0, 0.004694551291758791)	(10.0, 0.006360359814640943)	(11.0, 0.007117545506860103)	(12.0, 0.009389102583517581)	(13.0, 0.015143713844383195)	(14.0, 0.02150407365902414)	(15.0, 0.028924493442771905)	(16.0, 0.043765333010267436)	(17.0, 0.06375503528485325)	(18.0, 0.08965078595874852)	(19.0, 0.13144743616924615)	(20.0, 0.19247660296211042)	(21.0, 0.2612290638156102)	(22.0, 0.37117242632583214)	(23.0, 0.5171578277856861)	(24.0, 0.6950964654571887)	(25.0, 0.902111033709907)	(26.0, 1.1335069812520824)	(27.0, 1.4104855074658509)	(28.0, 1.6801950510343155)	(29.0, 1.9526304630947695)	(30.0, 2.2309719235545327)	(31.0, 2.4794802677408607)	(32.0, 2.7455553199866736)	(33.0, 3.0319229487839596)	(34.0, 3.2616530878032526)	(35.0, 3.4285368143683557)	(36.0, 3.5833055698579517)	(37.0, 3.677348032831572)	(38.0, 3.698549232213708)	(39.0, 3.667050307417391)	(40.0, 3.6278280885604386)	(41.0, 3.575885150074204)	(42.0, 3.475936638701275)	(43.0, 3.404155435078899)	(44.0, 3.320107823242572)	(45.0, 3.1694278704909595)	(46.0, 3.0143562407244753)	(47.0, 2.8886634158160946)	(48.0, 2.7659993336765907)	(49.0, 2.623194112124057)	(50.0, 2.476602962110428)	(51.0, 2.3221370808977193)	(52.0, 2.126025986612957)	(53.0, 1.9520247145409941)	(54.0, 1.8346609322470242)	(55.0, 1.6621740315594997)	(56.0, 1.502407850501257)	(57.0, 1.3930702365448102)	(58.0, 1.294181785140988)	(59.0, 1.2101341733046613)	(60.0, 1.0729321258745494)	(61.0, 0.9227064845382682)	(62.0, 0.8074628221825121)	(63.0, 0.7100887421631281)	(64.0, 0.6005996910682375)	(65.0, 0.5006511796953085)	(66.0, 0.41690644213586936)	(67.0, 0.35875458097343793)	(68.0, 0.30287427688766394)	(69.0, 0.24275373292546265)	(70.0, 0.20868037677560045)	(71.0, 0.17869582336372172)	(72.0, 0.1547687554895963)	(73.0, 0.1317503104461338)	(74.0, 0.10479449980313171)	(75.0, 0.08965078595874852)	(76.0, 0.07874731199079263)	(77.0, 0.06481509525396008)	(78.0, 0.05058000424023988)	(79.0, 0.04013084168761547)	(80.0, 0.03195323621164854)	(81.0, 0.024835690704788443)	(82.0, 0.019989702274585817)	(83.0, 0.014689402429051701)	(84.0, 0.009691976860405245)	(85.0, 0.0065117969530847745)	(86.0, 0.004694551291758791)	(87.0, 0.0048459884302026225)	(88.0, 0.004391677014871127)	(89.0, 0.0024229942151013113)	(90.0, 0.0018172456613259834)	(91.0, 0.0019686827997698157)	(92.0, 0.0024229942151013113)	(93.0, 0.0030287427688766395)	(94.0, 0.004997425568646454)	(95.0, 0.00696610836841627)	(96.0, 0.010297725414180572)	(97.0, 0.0255928763970076)	(98.0, 0.05996910682375746)	(99.0, 0.22215828209710148)	(100.0, 1.498621922040161)
trimmed_trimmomatic | fastqc_results | RNP_Cas1_S65_L002_R1_paired	(0.0, 0.0007938252980435791)	(1.0, 0.0008066186146921462)	(2.0, 0.0009198394670319637)	(3.0, 0.0011712281391763042)	(4.0, 0.001531679835749678)	(5.0, 0.0020213440304735777)	(6.0, 0.002592565618832092)	(7.0, 0.003230952119595583)	(8.0, 0.004099298487117064)	(9.0, 0.005277243117533866)	(10.0, 0.006957325426406921)	(11.0, 0.009377501103399574)	(12.0, 0.012930844802539043)	(13.0, 0.018049130960714466)	(14.0, 0.025412324357797174)	(15.0, 0.036550185832039554)	(16.0, 0.05359216293959559)	(17.0, 0.08089246100180503)	(18.0, 0.1218205197909842)	(19.0, 0.18072862563097558)	(20.0, 0.2639852915494358)	(21.0, 0.3782865394802248)	(22.0, 0.5308308488685749)	(23.0, 0.7250468285763022)	(24.0, 0.9610899174006867)	(25.0, 1.2422873371691043)	(26.0, 1.5522527682522385)	(27.0, 1.8804157327692104)	(28.0, 2.223959782059838)	(29.0, 2.564795486215964)	(30.0, 2.8877099925778613)	(31.0, 3.1897010295610277)	(32.0, 3.4742931559021426)	(33.0, 3.7374113804157214)	(34.0, 3.9633410325964977)	(35.0, 4.1271984718971755)	(36.0, 4.211807711218306)	(37.0, 4.2127489794907245)	(38.0, 4.150825169083749)	(39.0, 4.0534117387949005)	(40.0, 3.943342520011458)	(41.0, 3.823373193139521)	(42.0, 3.6799713076611535)	(43.0, 3.5149509558771204)	(44.0, 3.3328809509955426)	(45.0, 3.1373498183363426)	(46.0, 2.935485993936102)	(47.0, 2.7252962790609745)	(48.0, 2.5105217593319162)	(49.0, 2.2999802282489523)	(50.0, 2.100300542833539)	(51.0, 1.9020485915561047)	(52.0, 1.6983994598175562)	(53.0, 1.5030285634493799)	(54.0, 1.3230729739768938)	(55.0, 1.1654417220561573)	(56.0, 1.0277446963043015)	(57.0, 0.9000328541966522)	(58.0, 0.7932614326122935)	(59.0, 0.711097315935621)	(60.0, 0.6353416914011317)	(61.0, 0.5520162614056855)	(62.0, 0.461564314371155)	(63.0, 0.38157634085640374)	(64.0, 0.31873556947864284)	(65.0, 0.2654734741085803)	(66.0, 0.22243387840655518)	(67.0, 0.18826069080781935)	(68.0, 0.16048096320420488)	(69.0, 0.13234782022817373)	(70.0, 0.10679061155933153)	(71.0, 0.09288779452441762)	(72.0, 0.08360624329588229)	(73.0, 0.07294397336805039)	(74.0, 0.059812593327045055)	(75.0, 0.05025118829682233)	(76.0, 0.04448044298957)	(77.0, 0.03861630647078312)	(78.0, 0.033301642902052196)	(79.0, 0.028779845132616208)	(80.0, 0.02354066213211183)	(81.0, 0.017925995287972007)	(82.0, 0.014159323033717685)	(83.0, 0.010580072868364867)	(84.0, 0.007470657256930669)	(85.0, 0.004767749282004688)	(86.0, 0.0026277472396156513)	(87.0, 0.0029082407071354816)	(88.0, 0.0030045104149159477)	(89.0, 0.0021201724015837576)	(90.0, 0.0010708006034850536)	(91.0, 0.0003591723649085171)	(92.0, 0.00014136614896666477)	(93.0, 0.00016119578977194355)	(94.0, 0.00021524755261213892)	(95.0, 0.00036684835489765724)	(96.0, 0.0009754903944532298)	(97.0, 0.0036927908506088495)	(98.0, 0.018489860719257598)	(99.0, 0.021362919805609518)	(100.0, 0.006621500864382039)
trimmed_trimmomatic | fastqc_results | RNP_Cas1_S65_L002_R1_unpaired	(0.0, 0.0004802830307900446)	(1.0, 0.0006003537884875557)	(2.0, 0.0007804599250338225)	(3.0, 0.0010206014404288445)	(4.0, 0.001260742955823867)	(5.0, 0.0014708667817945117)	(6.0, 0.0019511498125845562)	(7.0, 0.002521485911647734)	(8.0, 0.0026415566693452452)	(9.0, 0.00339199890495469)	(10.0, 0.005433201785812379)	(11.0, 0.007294298530123801)	(12.0, 0.008615076864796425)	(13.0, 0.011826969633204848)	(14.0, 0.017890542896929162)	(15.0, 0.026145407488633053)	(16.0, 0.037822288674716015)	(17.0, 0.054572159373518815)	(18.0, 0.08149802678718568)	(19.0, 0.12355280967073898)	(20.0, 0.1814869502597881)	(21.0, 0.2535294048782948)	(22.0, 0.3579609463857051)	(23.0, 0.49658263614748177)	(24.0, 0.6568170622948104)	(25.0, 0.8576354045438976)	(26.0, 1.084419048145072)	(27.0, 1.3187671494811892)	(28.0, 1.5853542492590882)	(29.0, 1.8695317150396729)	(30.0, 2.1447639093717927)	(31.0, 2.4085293463438004)	(32.0, 2.6527832851899626)	(33.0, 2.9052920886278284)	(34.0, 3.123040407712265)	(35.0, 3.279402551923849)	(36.0, 3.4322826441622043)	(37.0, 3.5334722752117824)	(38.0, 3.5709943869922545)	(39.0, 3.5668819635411144)	(40.0, 3.556735984515675)	(41.0, 3.547520553862391)	(42.0, 3.5064863724192668)	(43.0, 3.448462178761944)	(44.0, 3.3494338213509223)	(45.0, 3.2333253986574286)	(46.0, 3.119468302670764)	(47.0, 2.985439319390917)	(48.0, 2.8279064852917823)	(49.0, 2.660707955197998)	(50.0, 2.5165930282715605)	(51.0, 2.3660242981188815)	(52.0, 2.1824961449782356)	(53.0, 2.001279353923267)	(54.0, 1.83735275197674)	(55.0, 1.683362005229682)	(56.0, 1.5437797494063252)	(57.0, 1.419746656704796)	(58.0, 1.3091614888653884)	(59.0, 1.2035592574704272)	(60.0, 1.096666265430218)	(61.0, 0.9796272943645691)	(62.0, 0.8564046792774982)	(63.0, 0.7468100951890949)	(64.0, 0.6468211717164926)	(65.0, 0.5546968828730771)	(66.0, 0.47890221707652325)	(67.0, 0.42099809417689843)	(68.0, 0.3666660763187746)	(69.0, 0.3117637223615877)	(70.0, 0.2696489040991856)	(71.0, 0.24425393884616206)	(72.0, 0.22519270606168212)	(73.0, 0.20577126100410972)	(74.0, 0.18196723329057812)	(75.0, 0.1558218258019451)	(76.0, 0.138651707451201)	(77.0, 0.1235227919813146)	(78.0, 0.10554219601611228)	(79.0, 0.09005306827313336)	(80.0, 0.07495417049267133)	(81.0, 0.05967516657566303)	(82.0, 0.045506817167356724)	(83.0, 0.03289938760911805)	(84.0, 0.02197294865864454)	(85.0, 0.013718084066940646)	(86.0, 0.008765165311918312)	(87.0, 0.009155395274435225)	(88.0, 0.008675112243645181)	(89.0, 0.005493237164661135)	(90.0, 0.0026115389799208676)	(91.0, 0.001140672198126356)	(92.0, 0.0007504422356094446)	(93.0, 0.0010806368192776002)	(94.0, 0.0018911144337358007)	(95.0, 0.006033555574299934)	(96.0, 0.02143263024900574)	(97.0, 0.10218021480058198)	(98.0, 0.5742684163777714)	(99.0, 0.6551360716870452)	(100.0, 0.1837382769666164)
trimmed_trimmomatic | fastqc_results | RNP_Cas1_S65_L002_R2_paired	(0.0, 0.0006870972759887747)	(1.0, 0.0007296410086268134)	(2.0, 0.000856312573473906)	(3.0, 0.0010943015740957163)	(4.0, 0.001428573759108877)	(5.0, 0.0018623279054034666)	(6.0, 0.0024534618746898987)	(7.0, 0.0030794625120781818)	(8.0, 0.0038727591808175492)	(9.0, 0.00507294026997485)	(10.0, 0.006682564801062148)	(11.0, 0.008971289665913025)	(12.0, 0.012369350356242984)	(13.0, 0.017512023962421536)	(14.0, 0.025061137423005836)	(15.0, 0.036186163569008445)	(16.0, 0.053727936156507713)	(17.0, 0.08097351831774788)	(18.0, 0.12187819767731052)	(19.0, 0.1814007181701947)	(20.0, 0.26501162803381195)	(21.0, 0.3799382437736048)	(22.0, 0.5328701674997934)	(23.0, 0.7274095418682949)	(24.0, 0.9641004788281113)	(25.0, 1.2463599118532245)	(26.0, 1.557675754637051)	(27.0, 1.8854912084975892)	(28.0, 2.2298251462184906)	(29.0, 2.570884815914708)	(30.0, 2.892533667686554)	(31.0, 3.194618799998682)	(32.0, 3.479856934063836)	(33.0, 3.7419477589193173)	(34.0, 3.966617372448532)	(35.0, 4.130631778588085)	(36.0, 4.213339673735633)	(37.0, 4.211051908503849)	(38.0, 4.14827463252531)	(39.0, 4.052648796784871)	(40.0, 3.9405246294784755)	(41.0, 3.818851473399819)	(42.0, 3.674709148812187)	(43.0, 3.508479269798566)	(44.0, 3.3256160708342275)	(45.0, 3.128214750782173)	(46.0, 2.92518710205816)	(47.0, 2.7148640028809465)	(48.0, 2.502286405751606)	(49.0, 2.2919527506106543)	(50.0, 2.0924683870477816)	(51.0, 1.8945565422040707)	(52.0, 1.6909505546183317)	(53.0, 1.4964406089972189)	(54.0, 1.315845982603324)	(55.0, 1.1585429302568435)	(56.0, 1.0223857124199134)	(57.0, 0.8951284515242476)	(58.0, 0.7869816434029753)	(59.0, 0.7041537941220491)	(60.0, 0.6277001475499816)	(61.0, 0.5463376579624002)	(62.0, 0.45920585437587397)	(63.0, 0.37900292141094594)	(64.0, 0.315926879670874)	(65.0, 0.2634093606895719)	(66.0, 0.22086146964157607)	(67.0, 0.18745760221155755)	(68.0, 0.15975907324268235)	(69.0, 0.13112842068803834)	(70.0, 0.10596588203761705)	(71.0, 0.09251054692719254)	(72.0, 0.08336492392077026)	(73.0, 0.07280576140662247)	(74.0, 0.05963863609399401)	(75.0, 0.04970995250488062)	(76.0, 0.04390993024779101)	(77.0, 0.038107348969189346)	(78.0, 0.03269629798193324)	(79.0, 0.027999853751920586)	(80.0, 0.022829990542176368)	(81.0, 0.017531856379140023)	(82.0, 0.013916278860284752)	(83.0, 0.010565560067927946)	(84.0, 0.007537597863780022)	(85.0, 0.004943709683615695)	(86.0, 0.002838914489944309)	(87.0, 0.0030036514997833306)	(88.0, 0.003033720002550065)	(89.0, 0.0023507811365183918)	(90.0, 0.0017017493055215464)	(91.0, 0.0013953064794520649)	(92.0, 0.0015043847714037279)	(93.0, 0.0018511321862881933)	(94.0, 0.002461138939226086)	(95.0, 0.0035803909730644113)	(96.0, 0.005410411231878089)	(97.0, 0.00869875387487837)	(98.0, 0.014297892943271068)	(99.0, 0.02717520906965845)	(100.0, 0.10074483839763158)
trimmed_trimmomatic | fastqc_results | RNP_Cas1_S65_L002_R2_unpaired	(0.0, 0.00048532380804472744)	(1.0, 0.0003639928560335456)	(2.0, 0.0007279857120670912)	(3.0, 0.0020626261841900917)	(4.0, 0.0020626261841900917)	(5.0, 0.0020626261841900917)	(6.0, 0.0026692809442460013)	(7.0, 0.004367914272402547)	(8.0, 0.005823885696536729)	(9.0, 0.005823885696536729)	(10.0, 0.006794533312626185)	(11.0, 0.008978490448827458)	(12.0, 0.013953059481285914)	(13.0, 0.020504930889889736)	(14.0, 0.02402352849821401)	(15.0, 0.031060723714862556)	(16.0, 0.04574176890821556)	(17.0, 0.06648936170212766)	(18.0, 0.09475947352073302)	(19.0, 0.14135055909302688)	(20.0, 0.21087319459543408)	(21.0, 0.29337824196303774)	(22.0, 0.39444692498835227)	(23.0, 0.5233003960242274)	(24.0, 0.6993516073924523)	(25.0, 0.9063422115235285)	(26.0, 1.1406322798571207)	(27.0, 1.4082883599937879)	(28.0, 1.6833456282031372)	(29.0, 1.9639841202050006)	(30.0, 2.2520238002795465)	(31.0, 2.545887366050629)	(32.0, 2.808083553346793)	(33.0, 3.032181821711446)	(34.0, 3.2406283972666565)	(35.0, 3.465575982295387)	(36.0, 3.6117797794688613)	(37.0, 3.649999029352384)	(38.0, 3.6612828078894237)	(39.0, 3.6508483460164625)	(40.0, 3.6202729461096443)	(41.0, 3.531337358285448)	(42.0, 3.4328166252523684)	(43.0, 3.3754270849510792)	(44.0, 3.259798687684423)	(45.0, 3.0992778381736295)	(46.0, 2.967512424289486)	(47.0, 2.8482440984624944)	(48.0, 2.7303104131076257)	(49.0, 2.5626310374281718)	(50.0, 2.393374359372573)	(51.0, 2.2502038359993786)	(52.0, 2.070876688926852)	(53.0, 1.899557384687063)	(54.0, 1.7710679065072215)	(55.0, 1.62510677123777)	(56.0, 1.490429414505358)	(57.0, 1.4070750504736762)	(58.0, 1.2946012579593105)	(59.0, 1.16623311073148)	(60.0, 1.0563072682093493)	(61.0, 0.946624087591241)	(62.0, 0.8357275974530207)	(63.0, 0.7136686597297717)	(64.0, 0.6054414505357976)	(65.0, 0.5111673008231091)	(66.0, 0.4307248796396956)	(67.0, 0.36544882745767976)	(68.0, 0.3092725966765026)	(69.0, 0.260861546824041)	(70.0, 0.2199730159962727)	(71.0, 0.19061092560956672)	(72.0, 0.16561674949526323)	(73.0, 0.14559714241341823)	(74.0, 0.12679084485168504)	(75.0, 0.10119001397732569)	(76.0, 0.08141306879950302)	(77.0, 0.07012929026246312)	(78.0, 0.057389540301289024)	(79.0, 0.04355781177201429)	(80.0, 0.03154604752290728)	(81.0, 0.025722161826370556)	(82.0, 0.02147557850597919)	(83.0, 0.016379678521509553)	(84.0, 0.011283778537039914)	(85.0, 0.006794533312626185)	(86.0, 0.004853238080447274)	(87.0, 0.00461057617642491)	(88.0, 0.004125252368380183)	(89.0, 0.0033972666563130923)	(90.0, 0.0038825904643578196)	(91.0, 0.005095899984469638)	(92.0, 0.005095899984469638)	(93.0, 0.005459892840503184)	(94.0, 0.007279857120670912)	(95.0, 0.010191799968939276)	(96.0, 0.015287699953408916)	(97.0, 0.02814878086659419)	(98.0, 0.05532691411709893)	(99.0, 0.18915495418543252)	(100.0, 1.888880260910079)
trimmed_trimmomatic | fastqc_results | RNP_Cas2_S66_L002_R1_paired	(0.0, 0.000753466867643208)	(1.0, 0.0007918023696972103)	(2.0, 0.0009092484078081082)	(3.0, 0.0011563381437743592)	(4.0, 0.0015243589634927807)	(5.0, 0.0019519740636769695)	(6.0, 0.002454169140584399)	(7.0, 0.0031131912713491107)	(8.0, 0.004001529405309581)	(9.0, 0.005214673793036689)	(10.0, 0.0067163799598611955)	(11.0, 0.008988978222535275)	(12.0, 0.012631199422229617)	(13.0, 0.017736094277566207)	(14.0, 0.024964078937566275)	(15.0, 0.035981702227886526)	(16.0, 0.05291240245775456)	(17.0, 0.07959774543754553)	(18.0, 0.12019922416750344)	(19.0, 0.17891422761797746)	(20.0, 0.2616917286986204)	(21.0, 0.3750665364913832)	(22.0, 0.5260941258970229)	(23.0, 0.7189617792535289)	(24.0, 0.9539862872096929)	(25.0, 1.2336552753442556)	(26.0, 1.5415799680245668)	(27.0, 1.867327532618912)	(28.0, 2.2095084814301154)	(29.0, 2.547732509420218)	(30.0, 2.868733441851149)	(31.0, 3.170757255251657)	(32.0, 3.4603875493426703)	(33.0, 3.7320862380956417)	(34.0, 3.968288691478556)	(35.0, 4.146399267571656)	(36.0, 4.237274969208925)	(37.0, 4.23296396775067)	(38.0, 4.159279647757237)	(39.0, 4.048352736022904)	(40.0, 3.930264404000319)	(41.0, 3.809973174627886)	(42.0, 3.668098709094486)	(43.0, 3.506272705769362)	(44.0, 3.3297014743360123)	(45.0, 3.14091167288436)	(46.0, 2.946276055874036)	(47.0, 2.7454621499508636)	(48.0, 2.539490027974043)	(49.0, 2.33306763810037)	(50.0, 2.1336902679905303)	(51.0, 1.9307581513265923)	(52.0, 1.7237722295727256)	(53.0, 1.5261042743499302)	(54.0, 1.3419534171513763)	(55.0, 1.1778865294789136)	(56.0, 1.0336732498156551)	(57.0, 0.902296787267461)	(58.0, 0.7918473267859827)	(59.0, 0.7069397658093938)	(60.0, 0.6295689645366216)	(61.0, 0.5464819914030337)	(62.0, 0.4582277410971303)	(63.0, 0.37866763415251053)	(64.0, 0.31501536654204515)	(65.0, 0.2624417105206223)	(66.0, 0.2196686998515872)	(67.0, 0.18480256073347218)	(68.0, 0.1559934309398895)	(69.0, 0.12783635318578895)	(70.0, 0.10268686982010697)	(71.0, 0.08803678345788794)	(72.0, 0.07813576879103153)	(73.0, 0.0670456565513728)	(74.0, 0.0544134116154508)	(75.0, 0.045625869030981106)	(76.0, 0.04018606128951818)	(77.0, 0.03475601167585083)	(78.0, 0.029831990689296303)	(79.0, 0.02563251069156242)	(80.0, 0.02092282001194618)	(81.0, 0.01595906950508114)	(82.0, 0.012495979651348226)	(83.0, 0.00917507965977925)	(84.0, 0.006344525589937374)	(85.0, 0.004115490397779207)	(86.0, 0.0023290560020627006)	(87.0, 0.0025047023023828567)	(88.0, 0.0025660391056692602)	(89.0, 0.00186693895002991)	(90.0, 0.0009758127795564211)	(91.0, 0.00035024708694792974)	(92.0, 0.00015055397170299071)	(93.0, 0.00015822107211379115)	(94.0, 0.00020526918827097574)	(95.0, 0.0003467620413066568)	(96.0, 0.0008883381339604706)	(97.0, 0.003031292698779197)	(98.0, 0.012895714386402232)	(99.0, 0.014312036935015551)	(100.0, 0.004269877919687597)
trimmed_trimmomatic | fastqc_results | RNP_Cas2_S66_L002_R1_unpaired	(0.0, 0.0006110120668094171)	(1.0, 0.0006110120668094171)	(2.0, 0.0008146827557458896)	(3.0, 0.001188079018796089)	(4.0, 0.0010522985595051073)	(5.0, 0.001018353444682362)	(6.0, 0.001595420396669034)	(7.0, 0.0021045971190102146)	(8.0, 0.002783499415465123)	(9.0, 0.003801852860147485)	(10.0, 0.004548645386247883)	(11.0, 0.006245901127385153)	(12.0, 0.009131235887318512)	(13.0, 0.012152351106542853)	(14.0, 0.01615787465562681)	(15.0, 0.023490019457339816)	(16.0, 0.035370809645300705)	(17.0, 0.05373511676440597)	(18.0, 0.07936367845557875)	(19.0, 0.11592256711967554)	(20.0, 0.17359531720351998)	(21.0, 0.25112595945867044)	(22.0, 0.350245694741087)	(23.0, 0.4716673704620473)	(24.0, 0.6257781917573114)	(25.0, 0.8280571309860513)	(26.0, 1.0521967241606391)	(27.0, 1.2890996805085793)	(28.0, 1.5456229132240662)	(29.0, 1.8215288065033408)	(30.0, 2.0915621949182803)	(31.0, 2.3496808480304368)	(32.0, 2.6196463462157307)	(33.0, 2.877052151916609)	(34.0, 3.0892770097884137)	(35.0, 3.3000422277228396)	(36.0, 3.4606705110640705)	(37.0, 3.5434965912315692)	(38.0, 3.5940748123174604)	(39.0, 3.6131180217330203)	(40.0, 3.6385768578500794)	(41.0, 3.6131519668478433)	(42.0, 3.5500479983923596)	(43.0, 3.5013367586217194)	(44.0, 3.429033664049272)	(45.0, 3.323464356950534)	(46.0, 3.198682114862122)	(47.0, 3.0611025644855347)	(48.0, 2.9275285376580316)	(49.0, 2.786418695339879)	(50.0, 2.622939022353537)	(51.0, 2.4560648378849206)	(52.0, 2.2831823680926786)	(53.0, 2.0957034989266554)	(54.0, 1.9036759843743847)	(55.0, 1.7310990206155472)	(56.0, 1.584048783203414)	(57.0, 1.4415471911775288)	(58.0, 1.310858499109959)	(59.0, 1.198737784850431)	(60.0, 1.0855987171462207)	(61.0, 0.963294468439869)	(62.0, 0.8472361208609024)	(63.0, 0.7405126798581909)	(64.0, 0.632770885410797)	(65.0, 0.5385392466628558)	(66.0, 0.46287558572295623)	(67.0, 0.40577990259109853)	(68.0, 0.3571365530501044)	(69.0, 0.3034014362856984)	(70.0, 0.2532305565776807)	(71.0, 0.21986250870692195)	(72.0, 0.1995633300429202)	(73.0, 0.18021461459395532)	(74.0, 0.15478972359171903)	(75.0, 0.1330309049903392)	(76.0, 0.12023359670216421)	(77.0, 0.10865831254760802)	(78.0, 0.09324723041808161)	(79.0, 0.07583338651401322)	(80.0, 0.061474602943991916)	(81.0, 0.049152526263335335)	(82.0, 0.03788274814218387)	(83.0, 0.025289110542945324)	(84.0, 0.01595420396669034)	(85.0, 0.010896381858101272)	(86.0, 0.007739486179585951)	(87.0, 0.007467925261003988)	(88.0, 0.006755077849726334)	(89.0, 0.005329383027171028)	(90.0, 0.0031229505636925763)	(91.0, 0.001357804592909816)	(92.0, 0.000848627870568635)	(93.0, 0.0012899143632643252)	(94.0, 0.001968816659719233)	(95.0, 0.0038697430897929757)	(96.0, 0.015614752818462883)	(97.0, 0.07209942388351123)	(98.0, 0.3444071349915748)	(99.0, 0.3759760917767281)	(100.0, 0.09925551574170755)
trimmed_trimmomatic | fastqc_results | RNP_Cas2_S66_L002_R2_paired	(0.0, 0.0006399582016668422)	(1.0, 0.0006807398517730625)	(2.0, 0.0008152844410123877)	(3.0, 0.0010592772194256718)	(4.0, 0.001379953442483131)	(5.0, 0.0017870728213212964)	(6.0, 0.002364987145048761)	(7.0, 0.0030227219634285708)	(8.0, 0.003758534470900632)	(9.0, 0.004895889379418554)	(10.0, 0.006446986327903003)	(11.0, 0.0087520209616845)	(12.0, 0.01231326984318239)	(13.0, 0.0173534635229768)	(14.0, 0.02461782565856431)	(15.0, 0.03577596397651581)	(16.0, 0.05289902860444806)	(17.0, 0.07961554071847864)	(18.0, 0.12016679192965443)	(19.0, 0.1791252069054404)	(20.0, 0.2622037022718276)	(21.0, 0.37593745031805975)	(22.0, 0.5264973769713209)	(23.0, 0.71922831832331)	(24.0, 0.9558981763341875)	(25.0, 1.2372239412113761)	(26.0, 1.5452839948193082)	(27.0, 1.8711206651402084)	(28.0, 2.214028115922238)	(29.0, 2.553140433316605)	(30.0, 2.8754092320948783)	(31.0, 3.178192070466843)	(32.0, 3.4663914604730466)	(33.0, 3.7383423256813724)	(34.0, 3.975991988978135)	(35.0, 4.153296312634389)	(36.0, 4.239955924865659)	(37.0, 4.2326103479909705)	(38.0, 4.160124276257728)	(39.0, 4.049437998013878)	(40.0, 3.930446554153951)	(41.0, 3.8060189511909774)	(42.0, 3.660213398105655)	(43.0, 3.4967720469966204)	(44.0, 3.3196716315908983)	(45.0, 3.1321147313857183)	(46.0, 2.9377919114351387)	(47.0, 2.733144362785445)	(48.0, 2.5263252784078727)	(49.0, 2.3212580621793077)	(50.0, 2.120544722800972)	(51.0, 1.9200098467119902)	(52.0, 1.7156704260853208)	(53.0, 1.517798905453276)	(54.0, 1.333080338383267)	(55.0, 1.1702820825259075)	(56.0, 1.0285804879734965)	(57.0, 0.8970059879696851)	(58.0, 0.7866836075267827)	(59.0, 0.7024712428629978)	(60.0, 0.6236403132076738)	(61.0, 0.5400009830120481)	(62.0, 0.4530457909577859)	(63.0, 0.3755617014393033)	(64.0, 0.31356731917783204)	(65.0, 0.26138528078080703)	(66.0, 0.21827837949630807)	(67.0, 0.18379732005094276)	(68.0, 0.15509854089286026)	(69.0, 0.12652872934622478)	(70.0, 0.10140758144190509)	(71.0, 0.0871821053381866)	(72.0, 0.07794837291969187)	(73.0, 0.06725591224739773)	(74.0, 0.05440725253615417)	(75.0, 0.045227895651134414)	(76.0, 0.039707733320089866)	(77.0, 0.034230095444711645)	(78.0, 0.0293031841263234)	(79.0, 0.02493048497604533)	(80.0, 0.020133935513552182)	(81.0, 0.015494935673691614)	(82.0, 0.012356839982184762)	(83.0, 0.009252554718543752)	(84.0, 0.006547371928164469)	(85.0, 0.004309261027890616)	(86.0, 0.0024894234620395357)	(87.0, 0.002615951145702424)	(88.0, 0.0026162997068144432)	(89.0, 0.002054419194239852)	(90.0, 0.0015723591763176063)	(91.0, 0.0013722850980187136)	(92.0, 0.0014890530705450708)	(93.0, 0.0018442368436924089)	(94.0, 0.002425985339652082)	(95.0, 0.003455634864556141)	(96.0, 0.005096660579941486)	(97.0, 0.008157375704580125)	(98.0, 0.013477463957325774)	(99.0, 0.026640874352722454)	(100.0, 0.1004228963004515)
trimmed_trimmomatic | fastqc_results | RNP_Cas2_S66_L002_R2_unpaired	(0.0, 0.0018572910613887763)	(1.0, 0.0017246274141467207)	(2.0, 0.0013266364724205545)	(3.0, 0.0010613091779364434)	(4.0, 0.0007959818834523326)	(5.0, 0.0015919637669046653)	(6.0, 0.0031839275338093305)	(7.0, 0.0035819184755354967)	(8.0, 0.004245236711745774)	(9.0, 0.005704536831408384)	(10.0, 0.006765846009344828)	(11.0, 0.00955178260142799)	(12.0, 0.012868373782479375)	(13.0, 0.014195010254899934)	(14.0, 0.020695528969760648)	(15.0, 0.033165911810513864)	(16.0, 0.048687558537834345)	(17.0, 0.0631478960872184)	(18.0, 0.09127258930253414)	(19.0, 0.13677622030655914)	(20.0, 0.1979341616851467)	(21.0, 0.2793896410917688)	(22.0, 0.38777584088852807)	(23.0, 0.5281339796706227)	(24.0, 0.6976781208459695)	(25.0, 0.9082153290191115)	(26.0, 1.1324168928581853)	(27.0, 1.3611290207034887)	(28.0, 1.6373347342614482)	(29.0, 1.9368892497340096)	(30.0, 2.218799500123377)	(31.0, 2.491157967911317)	(32.0, 2.7450761887326114)	(33.0, 2.990636599777656)	(34.0, 3.271352877341845)	(35.0, 3.4828187310456817)	(36.0, 3.591602921784167)	(37.0, 3.6617819911752143)	(38.0, 3.6520975449265443)	(39.0, 3.628218088422974)	(40.0, 3.573295338464763)	(41.0, 3.5194338976844888)	(42.0, 3.4978097231840337)	(43.0, 3.4083944249428884)	(44.0, 3.2637910494490474)	(45.0, 3.1693345326127047)	(46.0, 3.056570432456957)	(47.0, 2.903078592597899)	(48.0, 2.7934984199759616)	(49.0, 2.6715805281605123)	(50.0, 2.5082715784055423)	(51.0, 2.3192258810856132)	(52.0, 2.1378746753057234)	(53.0, 1.9638199701241466)	(54.0, 1.818685940041338)	(55.0, 1.6708986370136882)	(56.0, 1.5105082874980433)	(57.0, 1.3686908485962859)	(58.0, 1.2702544223426808)	(59.0, 1.1850843608132813)	(60.0, 1.0723202606575342)	(61.0, 0.9486777414279385)	(62.0, 0.8229126038424699)	(63.0, 0.708291212625334)	(64.0, 0.6058748769544672)	(65.0, 0.5226947701336984)	(66.0, 0.42558498035251385)	(67.0, 0.34306819176795533)	(68.0, 0.30552437959845363)	(69.0, 0.26466397624790056)	(70.0, 0.22406890019183162)	(71.0, 0.19421957956236915)	(72.0, 0.1643702589329067)	(73.0, 0.1354495838341386)	(74.0, 0.11541737310058822)	(75.0, 0.09750778072291075)	(76.0, 0.08119015211213793)	(77.0, 0.06925042386035293)	(78.0, 0.05850466843374645)	(79.0, 0.04696293112368762)	(80.0, 0.03555385746087086)	(81.0, 0.025073429328748474)	(82.0, 0.019236228850098038)	(83.0, 0.01605230131628871)	(84.0, 0.010613091779364436)	(85.0, 0.005571873184166329)	(86.0, 0.003316591181051386)	(87.0, 0.00464322765347194)	(88.0, 0.0045105640062298846)	(89.0, 0.0031839275338093305)	(90.0, 0.002520609297599053)	(91.0, 0.002122618355872887)	(92.0, 0.003316591181051386)	(93.0, 0.0045105640062298846)	(94.0, 0.005173882242440162)	(95.0, 0.009817109895912102)	(96.0, 0.014990992138352264)	(97.0, 0.023614129209085868)	(98.0, 0.05094284054094929)	(99.0, 0.16476824987463284)	(100.0, 1.5111716057342535)
trimmed_trimmomatic | fastqc_results | RNP_Cas3_S67_L002_R1_paired	(0.0, 0.0007487285695391386)	(1.0, 0.0007671074808004844)	(2.0, 0.000904807939020107)	(3.0, 0.0011669194888549942)	(4.0, 0.001479360980297875)	(5.0, 0.0018989656620184495)	(6.0, 0.0024658843863107354)	(7.0, 0.0031133875676719993)	(8.0, 0.003969279327488832)	(9.0, 0.005074276023017138)	(10.0, 0.006636766232712485)	(11.0, 0.008970605210422474)	(12.0, 0.012418488963050969)	(13.0, 0.017495309758396603)	(14.0, 0.024784668717127336)	(15.0, 0.03579024353290222)	(16.0, 0.0527978052616708)	(17.0, 0.079258065180871)	(18.0, 0.11924463828345991)	(19.0, 0.17770145169873958)	(20.0, 0.2604249312860576)	(21.0, 0.37347361445459637)	(22.0, 0.523496425793749)	(23.0, 0.7153414393417775)	(24.0, 0.9509076207607005)	(25.0, 1.230345959875342)	(26.0, 1.5378652961299533)	(27.0, 1.8627821097845547)	(28.0, 2.2033430527048137)	(29.0, 2.5437179444926117)	(30.0, 2.8685151538477736)	(31.0, 3.1722600272342665)	(32.0, 3.461947012773196)	(33.0, 3.7346626289009186)	(34.0, 3.9703588764610753)	(35.0, 4.146045151228129)	(36.0, 4.236933956960141)	(37.0, 4.237559405447989)	(38.0, 4.169439243243975)	(39.0, 4.06398670547599)	(40.0, 3.950635477152842)	(41.0, 3.8271065732781215)	(42.0, 3.683013646969322)	(43.0, 3.520286483908884)	(44.0, 3.3419431840784024)	(45.0, 3.1500096690038384)	(46.0, 2.950327887693972)	(47.0, 2.74338841570324)	(48.0, 2.5319390416414556)	(49.0, 2.3229962683232372)	(50.0, 2.123072733642164)	(51.0, 1.9217524017052283)	(52.0, 1.7144753232522496)	(53.0, 1.5183273824492187)	(54.0, 1.3372648520095005)	(55.0, 1.1759749198096998)	(56.0, 1.0338606953625449)	(57.0, 0.9040920097383575)	(58.0, 0.7929770707869932)	(59.0, 0.7067525499806292)	(60.0, 0.6301927917254048)	(61.0, 0.5466589435277018)	(62.0, 0.45660454036695436)	(63.0, 0.37649001792130465)	(64.0, 0.3137070915475851)	(65.0, 0.2613286082151539)	(66.0, 0.21810112617598737)	(67.0, 0.18309863105499452)	(68.0, 0.1539406297151097)	(69.0, 0.12560458983732842)	(70.0, 0.10122029863321748)	(71.0, 0.08682310780852191)	(72.0, 0.07652667621495404)	(73.0, 0.0656189337575857)	(74.0, 0.05341250915524258)	(75.0, 0.044634741136823766)	(76.0, 0.03867573260093353)	(77.0, 0.03301163490266766)	(78.0, 0.028452533899930094)	(79.0, 0.024222556785011097)	(80.0, 0.01942057140114282)	(81.0, 0.014818492021301803)	(82.0, 0.011787385425584445)	(83.0, 0.008810284553727349)	(84.0, 0.006091053944490983)	(85.0, 0.0038994394646957174)	(86.0, 0.002258061312817055)	(87.0, 0.0024856770599768004)	(88.0, 0.0025382690214323443)	(89.0, 0.00175476189673712)	(90.0, 0.0008324233038984986)	(91.0, 0.00029491083762436614)	(92.0, 0.0001450520227241609)	(93.0, 0.0001487278049764301)	(94.0, 0.00017474103322325817)	(95.0, 0.00027822844124868293)	(96.0, 0.000709143222207009)	(97.0, 0.0026799280143851795)	(98.0, 0.012810101149158109)	(99.0, 0.014769293089617583)	(100.0, 0.004677857044733953)
trimmed_trimmomatic | fastqc_results | RNP_Cas3_S67_L002_R1_unpaired	(0.0, 0.000597181066493723)	(1.0, 0.0005076039065196646)	(2.0, 0.0005076039065196646)	(3.0, 0.0006867582264677815)	(4.0, 0.0008659125464158985)	(5.0, 0.0012540802396368185)	(6.0, 0.002149851839377403)	(7.0, 0.0025977376392476953)	(8.0, 0.0026873147992217536)	(9.0, 0.003523368292312966)	(10.0, 0.004568435158676981)	(11.0, 0.006240542144859405)	(12.0, 0.008121662504314633)	(13.0, 0.01155545363665354)	(14.0, 0.01684050607512299)	(15.0, 0.023917101713073607)	(16.0, 0.03577114588297401)	(17.0, 0.052313061424850135)	(18.0, 0.07718565284431371)	(19.0, 0.11292693967396303)	(20.0, 0.1647921152989429)	(21.0, 0.24188819098328254)	(22.0, 0.33839265132866814)	(23.0, 0.4568733749210228)	(24.0, 0.6147083307953138)	(25.0, 0.8120169551648398)	(26.0, 1.0259570722362161)	(27.0, 1.253721930996922)	(28.0, 1.5084495149098198)	(29.0, 1.7672677891281994)	(30.0, 2.0244736744670457)	(31.0, 2.2911448797098175)	(32.0, 2.558293829805785)	(33.0, 2.807885656546836)	(34.0, 3.0277378661765004)	(35.0, 3.221075236453843)	(36.0, 3.384732707726448)	(37.0, 3.501780196759218)	(38.0, 3.5596171830491343)	(39.0, 3.5829669627490395)	(40.0, 3.592372564546316)	(41.0, 3.5842509020420006)	(42.0, 3.547315253079364)	(43.0, 3.4939571247881505)	(44.0, 3.423280745568618)	(45.0, 3.3243875609572573)	(46.0, 3.211400903176645)	(47.0, 3.0842909131734557)	(48.0, 2.9361302905763633)	(49.0, 2.778922374821891)	(50.0, 2.6254468407330043)	(51.0, 2.4730760916171306)	(52.0, 2.300819212987016)	(53.0, 2.1156930823739617)	(54.0, 1.9464818271829654)	(55.0, 1.7769122633520726)	(56.0, 1.6140311274659098)	(57.0, 1.4773363813454967)	(58.0, 1.3515700487419187)	(59.0, 1.2351495998289674)	(60.0, 1.1224615325816019)	(61.0, 0.9979492802176606)	(62.0, 0.8739744908135637)	(63.0, 0.7621224770592894)	(64.0, 0.6593177564623949)	(65.0, 0.5637090677167498)	(66.0, 0.48395553628651317)	(67.0, 0.4196391354251392)	(68.0, 0.36413115529454765)	(69.0, 0.30420403527190254)	(70.0, 0.25386167136648163)	(71.0, 0.22695866432093942)	(72.0, 0.20474352864737294)	(73.0, 0.18330472836024828)	(74.0, 0.16162705564652613)	(75.0, 0.1398896648261546)	(76.0, 0.11904804560552368)	(77.0, 0.10250613006364756)	(78.0, 0.08945772376075971)	(79.0, 0.07536425059150785)	(80.0, 0.06100204594233381)	(81.0, 0.04702800898638069)	(82.0, 0.03702522612261083)	(83.0, 0.027440470005386575)	(84.0, 0.018811203594552274)	(85.0, 0.012869251982939731)	(86.0, 0.008330675877587436)	(87.0, 0.007912649131041831)	(88.0, 0.00752448143782091)	(89.0, 0.005165616225170704)	(90.0, 0.002567878585923009)	(91.0, 0.0011047849730133877)	(92.0, 0.0009554897063899568)	(93.0, 0.0013436573996108768)	(94.0, 0.001761684146156483)	(95.0, 0.004628153265326354)	(96.0, 0.018273740634707925)	(97.0, 0.08545661061525177)	(98.0, 0.4666970034648446)	(99.0, 0.5278184856204771)	(100.0, 0.1466378108775337)
trimmed_trimmomatic | fastqc_results | RNP_Cas3_S67_L002_R2_paired	(0.0, 0.0006503855795355578)	(1.0, 0.000711748045083043)	(2.0, 0.0008469151350908677)	(3.0, 0.0010533418625086751)	(4.0, 0.0013502570183836036)	(5.0, 0.001755475512068149)	(6.0, 0.0023080204783344446)	(7.0, 0.0029137273963192986)	(8.0, 0.00371652942253732)	(9.0, 0.00482190213140884)	(10.0, 0.006372930350431681)	(11.0, 0.008753341571531823)	(12.0, 0.012160230902942432)	(13.0, 0.017193366959530863)	(14.0, 0.024378148179026275)	(15.0, 0.03542339197757362)	(16.0, 0.05261704171344342)	(17.0, 0.07924608955034057)	(18.0, 0.11951202633206481)	(19.0, 0.1782500446779546)	(20.0, 0.2610746687974354)	(21.0, 0.37409556426939644)	(22.0, 0.5250854043219655)	(23.0, 0.718661643793506)	(24.0, 0.9540667248720287)	(25.0, 1.2336886937397846)	(26.0, 1.5423546203788872)	(27.0, 1.8693535026234023)	(28.0, 2.2113177570530307)	(29.0, 2.5520705976466895)	(30.0, 2.876801330876659)	(31.0, 3.181082527604336)	(32.0, 3.470229817448899)	(33.0, 3.7395182905631907)	(34.0, 3.9760179988497053)	(35.0, 4.151003673471069)	(36.0, 4.238967757550576)	(37.0, 4.238225752437227)	(38.0, 4.170500253711173)	(39.0, 4.067000720347274)	(40.0, 3.9521751462802706)	(41.0, 3.825409058525673)	(42.0, 3.678409758168063)	(43.0, 3.514340946887373)	(44.0, 3.3342997968786454)	(45.0, 3.1404605754119013)	(46.0, 2.94047945186363)	(47.0, 2.733438251461331)	(48.0, 2.5216452774596774)	(49.0, 2.3125799640233278)	(50.0, 2.1121376322662644)	(51.0, 1.9114634239112793)	(52.0, 1.706803483059097)	(53.0, 1.5114536703897972)	(54.0, 1.3294661708402244)	(55.0, 1.168795765600777)	(56.0, 1.0280639200191783)	(57.0, 0.8977501203163837)	(58.0, 0.7872145460872653)	(59.0, 0.7017864002152697)	(60.0, 0.6233419815857915)	(61.0, 0.540500390885975)	(62.0, 0.45416057409727395)	(63.0, 0.3754834305408575)	(64.0, 0.3120745126285467)	(65.0, 0.25923351205467193)	(66.0, 0.2166700175191536)	(67.0, 0.18199767949777407)	(68.0, 0.15291187082826607)	(69.0, 0.12480786160751782)	(70.0, 0.10004287539683737)	(71.0, 0.08605336435736644)	(72.0, 0.07624781202868165)	(73.0, 0.06533405922773607)	(74.0, 0.05313367408466579)	(75.0, 0.044130641005860095)	(76.0, 0.03849999854511574)	(77.0, 0.03280997305319639)	(78.0, 0.02809580870691931)	(79.0, 0.023845397556484977)	(80.0, 0.019026888741143277)	(81.0, 0.014632544434194336)	(82.0, 0.011642184650025414)	(83.0, 0.008799434114777167)	(84.0, 0.006198457349312794)	(85.0, 0.004079614241721518)	(86.0, 0.0023968122487579946)	(87.0, 0.0025274549173429635)	(88.0, 0.002524061601275821)	(89.0, 0.0018683032713006217)	(90.0, 0.0012411053515572013)	(91.0, 0.0009840616594711917)	(92.0, 0.0010513624281361755)	(93.0, 0.0013151927523564692)	(94.0, 0.001713907390245659)	(95.0, 0.0023888945112679966)	(96.0, 0.0036087916374055607)	(97.0, 0.005874112888561801)	(98.0, 0.009578200152186267)	(99.0, 0.01913575763163075)	(100.0, 0.07671184800086334)
trimmed_trimmomatic | fastqc_results | RNP_Cas3_S67_L002_R2_unpaired	(0.0, 0.0009962372120500868)	(1.0, 0.000597742327230052)	(2.0, 0.0006973660484350608)	(3.0, 0.001195484654460104)	(4.0, 0.0016936032604851475)	(5.0, 0.002390969308920208)	(6.0, 0.0022913455877151996)	(7.0, 0.0026898404725352347)	(8.0, 0.003984948848200347)	(9.0, 0.0054793046662754774)	(10.0, 0.006973660484350608)	(11.0, 0.009464253514475825)	(12.0, 0.011556351659781007)	(13.0, 0.015541300507981354)	(14.0, 0.021518723780281877)	(15.0, 0.030584482409937667)	(16.0, 0.04502992198466393)	(17.0, 0.06395842901361558)	(18.0, 0.0941444165387332)	(19.0, 0.13797885386893702)	(20.0, 0.1995463135736324)	(21.0, 0.28522271380993985)	(22.0, 0.3889310075843539)	(23.0, 0.5194380823629153)	(24.0, 0.6855108256116648)	(25.0, 0.8989048364327934)	(26.0, 1.1401934891913243)	(27.0, 1.3945328494277116)	(28.0, 1.6617236696995448)	(29.0, 1.949138105375995)	(30.0, 2.249503624809096)	(31.0, 2.5314387558192704)	(32.0, 2.81068404635691)	(33.0, 3.0591456070422014)	(34.0, 3.2556035852584784)	(35.0, 3.431539076906524)	(36.0, 3.6104632801907197)	(37.0, 3.7059028051051177)	(38.0, 3.6747205803679504)	(39.0, 3.6343729732799215)	(40.0, 3.6009990266762437)	(41.0, 3.5589578163277307)	(42.0, 3.484040777981564)	(43.0, 3.3568212860027673)	(44.0, 3.2539099819979933)	(45.0, 3.1675362157132514)	(46.0, 3.0572527563393064)	(47.0, 2.9411911211354713)	(48.0, 2.8038100095937644)	(49.0, 2.628571883994154)	(50.0, 2.46578672354517)	(51.0, 2.327608622233823)	(52.0, 2.1637276008515833)	(53.0, 1.9769331235921923)	(54.0, 1.8173359222217684)	(55.0, 1.6772649702075264)	(56.0, 1.5343049302783387)	(57.0, 1.4039971029421874)	(58.0, 1.295207999386318)	(59.0, 1.1852234111759883)	(60.0, 1.0655753220087727)	(61.0, 0.9554911100772383)	(62.0, 0.8523805586300544)	(63.0, 0.7274524122389734)	(64.0, 0.5992366830481272)	(65.0, 0.5108704423392846)	(66.0, 0.43924098679288326)	(67.0, 0.3629292163498466)	(68.0, 0.29707793663333587)	(69.0, 0.2510517774366219)	(70.0, 0.2145894954755887)	(71.0, 0.1798208167750407)	(72.0, 0.1538190255405334)	(73.0, 0.13339616269350663)	(74.0, 0.11187743891322476)	(75.0, 0.09284930816306809)	(76.0, 0.0792008583579819)	(77.0, 0.06903923879507101)	(78.0, 0.05529116526877982)	(79.0, 0.04413330849381884)	(80.0, 0.03546604474898309)	(81.0, 0.026101414955712277)	(82.0, 0.01962587307738671)	(83.0, 0.013349578641471163)	(84.0, 0.00986274839929586)	(85.0, 0.007073284205555617)	(86.0, 0.004283820011815374)	(87.0, 0.0035864539633803125)	(88.0, 0.002789464193740243)	(89.0, 0.0025902167513302257)	(90.0, 0.002789464193740243)	(91.0, 0.0029887116361502603)	(92.0, 0.0029887116361502603)	(93.0, 0.0035864539633803125)	(94.0, 0.004981186060250434)	(95.0, 0.007172907926760625)	(96.0, 0.011755599102191025)	(97.0, 0.020920981453051823)	(98.0, 0.038155885221518325)	(99.0, 0.13907471480219213)	(100.0, 1.1997684744719195)
trimmed_trimmomatic | fastqc_results | RNP_Cas4_S68_L002_R1_paired	(0.0, 0.000762526916488955)	(1.0, 0.000781389098932518)	(2.0, 0.0009307404779528607)	(3.0, 0.0012285155876766499)	(4.0, 0.0015606136851256105)	(5.0, 0.0019786738599403175)	(6.0, 0.0025964876389934126)	(7.0, 0.00329407917329961)	(8.0, 0.004118449310915001)	(9.0, 0.0053454188180634896)	(10.0, 0.0068924269945412845)	(11.0, 0.00909219037000861)	(12.0, 0.012587878444180403)	(13.0, 0.017722721094308377)	(14.0, 0.025154730193177814)	(15.0, 0.03631124728438686)	(16.0, 0.0535503543894865)	(17.0, 0.08078363524472383)	(18.0, 0.12154141012810143)	(19.0, 0.18042203174647545)	(20.0, 0.26319825557589305)	(21.0, 0.3768067265140009)	(22.0, 0.529321386294961)	(23.0, 0.7219163284718584)	(24.0, 0.9562078256288328)	(25.0, 1.2362289834316444)	(26.0, 1.545481267348183)	(27.0, 1.8720103827347085)	(28.0, 2.214729434979924)	(29.0, 2.5539101273283897)	(30.0, 2.8747626534477195)	(31.0, 3.177197649883386)	(32.0, 3.4649557038652197)	(33.0, 3.7345500945861145)	(34.0, 3.9689730085879824)	(35.0, 4.143151039513428)	(36.0, 4.232412761942374)	(37.0, 4.22949778171458)	(38.0, 4.158569791404671)	(39.0, 4.050081320743621)	(40.0, 3.932370170515984)	(41.0, 3.8093590562378132)	(42.0, 3.6674217517822134)	(43.0, 3.504265728942028)	(44.0, 3.322958102269022)	(45.0, 3.1305799205821723)	(46.0, 2.9309014558574527)	(47.0, 2.7256985361895087)	(48.0, 2.5185107583395117)	(49.0, 2.3121235409869967)	(50.0, 2.113082679872091)	(51.0, 1.9127483677873254)	(52.0, 1.7082102627464908)	(53.0, 1.5128886529501289)	(54.0, 1.3325831956754768)	(55.0, 1.1750583073349585)	(56.0, 1.0366924488994103)	(57.0, 0.9064064073040307)	(58.0, 0.7952670269693959)	(59.0, 0.7123899986895421)	(60.0, 0.6392637910846936)	(61.0, 0.5575713697055168)	(62.0, 0.4658343723509843)	(63.0, 0.3833416996904314)	(64.0, 0.3196240105316532)	(65.0, 0.2670980891001261)	(66.0, 0.22418353187996404)	(67.0, 0.1895878155496245)	(68.0, 0.1614850190053495)	(69.0, 0.13334913633777185)	(70.0, 0.10826274290393874)	(71.0, 0.0938640949451763)	(72.0, 0.08387023041114425)	(73.0, 0.07239614837945096)	(74.0, 0.05880826504965609)	(75.0, 0.04945849766365587)	(76.0, 0.04373305225177043)	(77.0, 0.03803698236992005)	(78.0, 0.03275680815014495)	(79.0, 0.02795684654241663)	(80.0, 0.02276356204832417)	(81.0, 0.017667062195294587)	(82.0, 0.01409005028534153)	(83.0, 0.010231651719263194)	(84.0, 0.0070328111064982945)	(85.0, 0.004584437982102695)	(86.0, 0.0025405195238739882)	(87.0, 0.0028599397609920295)	(88.0, 0.003010837220540533)	(89.0, 0.0020559778863483624)	(90.0, 0.0009777413260089521)	(91.0, 0.00035467087316011004)	(92.0, 0.00016141080713999778)	(93.0, 0.00017439788357654932)	(94.0, 0.00022108951552700848)	(95.0, 0.00031354513111103016)	(96.0, 0.0007016113436794156)	(97.0, 0.0024582680397758285)	(98.0, 0.010812977997851692)	(99.0, 0.012368335009181554)	(100.0, 0.004002184055197301)
trimmed_trimmomatic | fastqc_results | RNP_Cas4_S68_L002_R1_unpaired	(0.0, 0.0006597275173108694)	(1.0, 0.0006851016525920567)	(2.0, 0.0009642171406851169)	(3.0, 0.0010149654112474914)	(4.0, 0.0008373464642791804)	(5.0, 0.0013702033051841134)	(6.0, 0.0021821756341821067)	(7.0, 0.0024359169869939794)	(8.0, 0.0026389100692434777)	(9.0, 0.003400134127679096)	(10.0, 0.004719589162300836)	(11.0, 0.00654652690254632)	(12.0, 0.008830199077853176)	(13.0, 0.01159597982350259)	(14.0, 0.016315568985803424)	(15.0, 0.024714407763876414)	(16.0, 0.03587902728759883)	(17.0, 0.05338718063161805)	(18.0, 0.08254206206970224)	(19.0, 0.11948680303911093)	(20.0, 0.17368595599972697)	(21.0, 0.2546294475467144)	(22.0, 0.352395990785129)	(23.0, 0.48028163260231294)	(24.0, 0.6396565763034503)	(25.0, 0.8299372167770738)	(26.0, 1.0603343651302544)	(27.0, 1.315522043653155)	(28.0, 1.5848431155276768)	(29.0, 1.8564732337127867)	(30.0, 2.1188925407908257)	(31.0, 2.3885181022887214)	(32.0, 2.656012236422998)	(33.0, 2.9069878084892213)	(34.0, 3.1328937348976322)	(35.0, 3.3375868842109697)	(36.0, 3.4773476213397494)	(37.0, 3.5522266945545327)	(38.0, 3.616753120574592)	(39.0, 3.640300318115534)	(40.0, 3.628704338292031)	(41.0, 3.6043197942868104)	(42.0, 3.556058188981992)	(43.0, 3.4957184952833287)	(44.0, 3.4060209270643322)	(45.0, 3.294070242203734)	(46.0, 3.1802418713323273)	(47.0, 3.0389840602219578)	(48.0, 2.8969650250531527)	(49.0, 2.741345453373631)	(50.0, 2.5797375857677487)	(51.0, 2.414831080575313)	(52.0, 2.234700094214164)	(53.0, 2.050559994478588)	(54.0, 1.8620301693393668)	(55.0, 1.715367667414104)	(56.0, 1.5864670601856727)	(57.0, 1.4440420388523685)	(58.0, 1.3164608866585588)	(59.0, 1.2028862571399643)	(60.0, 1.0912654360380216)	(61.0, 0.9734787000627503)	(62.0, 0.8461512892217524)	(63.0, 0.7348349577431839)	(64.0, 0.6384386178099533)	(65.0, 0.5434124811819069)	(66.0, 0.4697513664606202)	(67.0, 0.4128879292954795)	(68.0, 0.3606172106162337)	(69.0, 0.304565745780091)	(70.0, 0.2572429834806767)	(71.0, 0.23268082052848743)	(72.0, 0.21430994658490785)	(73.0, 0.1888089406273146)	(74.0, 0.16011079362429176)	(75.0, 0.1388980165292192)	(76.0, 0.12621094888862558)	(77.0, 0.11042823674372708)	(78.0, 0.09342756610533158)	(79.0, 0.08079124673530032)	(80.0, 0.0650846569962454)	(81.0, 0.04942881552775283)	(82.0, 0.03965977344449573)	(83.0, 0.029535493467302002)	(84.0, 0.01961420657235777)	(85.0, 0.01347366583431045)	(86.0, 0.008957069754259112)	(87.0, 0.00766298885491856)	(88.0, 0.007815233666605683)	(89.0, 0.005709180438267139)	(90.0, 0.0024612911222751666)	(91.0, 0.0010403395465286788)	(92.0, 0.0007104757878732441)	(93.0, 0.0008373464642791804)	(94.0, 0.0013194550346217388)	(95.0, 0.003095644504304849)	(96.0, 0.012737815911156018)	(97.0, 0.05701568197682784)	(98.0, 0.2816782757564601)	(99.0, 0.31788716680271434)	(100.0, 0.09096627498305641)
trimmed_trimmomatic | fastqc_results | RNP_Cas4_S68_L002_R2_paired	(0.0, 0.000668625438185088)	(1.0, 0.0007060461958263442)	(2.0, 0.0008387197910998885)	(3.0, 0.001083655659297201)	(4.0, 0.001384568032726475)	(5.0, 0.0018166076891300681)	(6.0, 0.0024063712000546578)	(7.0, 0.003051492691291519)	(8.0, 0.0039056756053836615)	(9.0, 0.005090150826590363)	(10.0, 0.006642339112552877)	(11.0, 0.008934592464924696)	(12.0, 0.012387198566635298)	(13.0, 0.01746683446959093)	(14.0, 0.024875525957639942)	(15.0, 0.03634699838067393)	(16.0, 0.053738063547602806)	(17.0, 0.08053874831777844)	(18.0, 0.12141829730994204)	(19.0, 0.18074689834416457)	(20.0, 0.264551767500367)	(21.0, 0.3788004332037203)	(22.0, 0.5304961438574165)	(23.0, 0.7242877327578471)	(24.0, 0.9610098992841338)	(25.0, 1.2428692310872715)	(26.0, 1.5525284746683445)	(27.0, 1.879385494378943)	(28.0, 2.2218234660789973)	(29.0, 2.560647396673301)	(30.0, 2.8830188736663067)	(31.0, 3.185511887527849)	(32.0, 3.4724412680976875)	(33.0, 3.7436155819131773)	(34.0, 3.9790159606860858)	(35.0, 4.148710437240307)	(36.0, 4.234141717672834)	(37.0, 4.22824160846391)	(38.0, 4.1542814911919566)	(39.0, 4.04866372221796)	(40.0, 3.931401603105876)	(41.0, 3.8049915004315737)	(42.0, 3.660183683283548)	(43.0, 3.4962003565752866)	(44.0, 3.3148949302286415)	(45.0, 3.119552699354548)	(46.0, 2.91850890577075)	(47.0, 2.7142215675080967)	(48.0, 2.5082305023541567)	(49.0, 2.3014106138078323)	(50.0, 2.1016184053990274)	(51.0, 1.9020058784793923)	(52.0, 1.6985226226123367)	(53.0, 1.503796133295794)	(54.0, 1.3227520337277185)	(55.0, 1.1649205558706957)	(56.0, 1.0268206414767094)	(57.0, 0.898088286991431)	(58.0, 0.7897938514274753)	(59.0, 0.7067259547130836)	(60.0, 0.6313017889562234)	(61.0, 0.5494409436226071)	(62.0, 0.4600783188005286)	(63.0, 0.3798339883445226)	(64.0, 0.31693185958679004)	(65.0, 0.2641982805087641)	(66.0, 0.22165582727001346)	(67.0, 0.18800621606410842)	(68.0, 0.16010115504982594)	(69.0, 0.13190631511066864)	(70.0, 0.10667884847372497)	(71.0, 0.0926609089563265)	(72.0, 0.08306263925257423)	(73.0, 0.07170157352770495)	(74.0, 0.05815958893600809)	(75.0, 0.04853224856103038)	(76.0, 0.04287243628340536)	(77.0, 0.037004181107844744)	(78.0, 0.03185990935078149)	(79.0, 0.02740374656687357)	(80.0, 0.022222981839548593)	(81.0, 0.017087060168901158)	(82.0, 0.013612496432541553)	(83.0, 0.010162055168049865)	(84.0, 0.007106851327240205)	(85.0, 0.00471099505082028)	(86.0, 0.002752435892621315)	(87.0, 0.0029042837604052554)	(88.0, 0.002947271242323723)	(89.0, 0.0022746253921606487)	(90.0, 0.0016186797148292095)	(91.0, 0.0013168395540204)	(92.0, 0.0014287925644843233)	(93.0, 0.0017810425062478826)	(94.0, 0.0023040053258459323)	(95.0, 0.003230864918001672)	(96.0, 0.0048504724202104174)	(97.0, 0.00784939049332827)	(98.0, 0.013286224537404981)	(99.0, 0.028041136496614303)	(100.0, 0.10238999668059325)
trimmed_trimmomatic | fastqc_results | RNP_Cas4_S68_L002_R2_unpaired	(0.0, 0.0008758245066644771)	(1.0, 0.0005473903166652982)	(2.0, 0.00043791225333223853)	(3.0, 0.0008758245066644771)	(4.0, 0.0010947806333305964)	(5.0, 0.002080083203328133)	(6.0, 0.0028464296466595507)	(7.0, 0.0042696444699893265)	(8.0, 0.005145468976653802)	(9.0, 0.00580233735665216)	(10.0, 0.0076634644333141745)	(11.0, 0.008648767003311712)	(12.0, 0.010400416016640665)	(13.0, 0.014779538549963049)	(14.0, 0.021457700413279688)	(15.0, 0.031201248049921998)	(16.0, 0.04335331307989162)	(17.0, 0.061307715466513396)	(18.0, 0.09294687576976764)	(19.0, 0.14056983331964856)	(20.0, 0.20242493910282727)	(21.0, 0.2803733201959657)	(22.0, 0.38963242740235926)	(23.0, 0.5321728658620029)	(24.0, 0.693871965404932)	(25.0, 0.8933409967977667)	(26.0, 1.1315652626105044)	(27.0, 1.3955168733065113)	(28.0, 1.6749048909324795)	(29.0, 1.9574677723951064)	(30.0, 2.241453868681063)	(31.0, 2.510550948353724)	(32.0, 2.7843555847497057)	(33.0, 3.040315296822399)	(34.0, 3.274269918165148)	(35.0, 3.444617784711389)	(36.0, 3.533951884391165)	(37.0, 3.617812080904289)	(38.0, 3.660180091414183)	(39.0, 3.6675151216574977)	(40.0, 3.6104770506609736)	(41.0, 3.4984809918712534)	(42.0, 3.451295946574705)	(43.0, 3.388674494348195)	(44.0, 3.2536880422585326)	(45.0, 3.140159290582149)	(46.0, 3.045789199989052)	(47.0, 2.928209759969346)	(48.0, 2.7805238525330487)	(49.0, 2.63064838383009)	(50.0, 2.477707529353806)	(51.0, 2.3152420833675453)	(52.0, 2.1398582259079837)	(53.0, 1.9618468949284287)	(54.0, 1.8161315926321264)	(55.0, 1.6813640966691297)	(56.0, 1.5444070394394722)	(57.0, 1.4035087719298245)	(58.0, 1.3000520020800832)	(59.0, 1.2073240824369815)	(60.0, 1.0868982127706162)	(61.0, 0.9695377288775762)	(62.0, 0.8546952404411966)	(63.0, 0.7257300818348523)	(64.0, 0.6101212469551414)	(65.0, 0.5113720338287215)	(66.0, 0.4243369734789392)	(67.0, 0.36521881927908695)	(68.0, 0.3076333579658976)	(69.0, 0.25803979527602156)	(70.0, 0.21173057448613733)	(71.0, 0.17910611161288556)	(72.0, 0.16279388017625968)	(73.0, 0.1415551358896461)	(74.0, 0.11944056709636806)	(75.0, 0.09666912992309167)	(76.0, 0.08024742042313271)	(77.0, 0.0691901360264937)	(78.0, 0.05681911486985795)	(79.0, 0.044338615649889154)	(80.0, 0.035032980266579083)	(81.0, 0.029340120973259984)	(82.0, 0.021019788159947452)	(83.0, 0.014341626296630812)	(84.0, 0.010509894079973726)	(85.0, 0.007444508306648056)	(86.0, 0.00613077154665134)	(87.0, 0.005035990913320743)	(88.0, 0.0043791225333223854)	(89.0, 0.00306538577332567)	(90.0, 0.0021895612666611927)	(91.0, 0.0022990393299942525)	(92.0, 0.003722254153324028)	(93.0, 0.004817034786654624)	(94.0, 0.005911815419985221)	(95.0, 0.009305635383310069)	(96.0, 0.014122670169964692)	(97.0, 0.021786134603278867)	(98.0, 0.04652817691655035)	(99.0, 0.1857842734762022)	(100.0, 1.3337712455866655)
